pair_id,group_id,language,toxic_input,detox_output,source,orig_split,split,source_row_index
de-0000,de-g0006,de,"#LandderVollidioten #geisteskrank - ""Kampf gg #Trump"" (gg #Putin sowieso) Deutsches #Regime im Größenwahn ....","""Kampf gg #Trump"" (gg #Putin sowieso) Deutsches #Regime im Größenwahn ....",MultiParaDetox,de,reserve,0
de-0002,de-g0263,de,Ob von Merkel oder Schulz? Wir Deutsche wollen und können dieses Dummgelaber der Pest (Merkel) und Cholera (Schulz) nicht mehr hören!,Ob von Merkel oder Schulz? Wir Deutsche wollen und können dieses Gerede von Merkel und Schulz nicht mehr hören!,MultiParaDetox,de,reserve,2
de-0004,de-g0375,de,"ich glaube nicht, das die Mehrheit der Bevölkerung dumm ist oder kommen nur Dumme zu Ihren Auftritten ?","ich glaube nicht, das die Mehrheit der Bevölkerung naiv ist oder kommen nur Naive zu Ihren Auftritten ?",MultiParaDetox,de,reserve,4
de-0005,de-g0349,de,Wer will ein Hering So Dumm wie die Göring🤯,Wer will ein Hering So schlau wie die Göring🤯,MultiParaDetox,de,reserve,5
de-0009,de-g0077,de,Der Fettsack soll mal besser den Kopf zu machen.,Der Mann soll mal besser den Kopf zu machen.,MultiParaDetox,de,reserve,9
de-0010,de-g0274,de,"RAUS MIT DIESEN IRREN AUS DEM BUNDESTAG, sollen ihre Konfettischwulenparaden woanders feiern, am besten in Türkei bei Özdingens !","RAUS MIT DIESEN PERSONEN AUS DEM BUNDESTAG, sollen ihre Konfettiparaden woanders feiern, am besten in Türkei bei Özdemir !",MultiParaDetox,de,reserve,10
de-0016,de-g0219,de,Jetzt melden sich die Vasallen Merkels!,Jetzt melden sich die Unterstützer Merkels!,MultiParaDetox,de,reserve,16
de-0018,de-g0390,de,warum lädt man eine derart strunzdumme Frau #Demirkan bei #Maischberger ein #ARD,warum lädt man Frau #Demirkan bei #Maischberger ein #ARD,MultiParaDetox,de,reserve,18
de-0019,de-g0277,de,"Sagt mal, kommt .es nur mir so vor, oder ist das Staasfunk Fernsehprogramm wirklich so scheiße?","Sagt mal, kommt .es nur mir so vor, oder ist das Staasfunk Fernsehprogramm wirklich so schlecht?",MultiParaDetox,de,reserve,19
de-0020,de-g0238,de,"Mannheim, weltoffen und kunterbunt. Und strunzdumme Multikultiliebhaber. Verblödete halt","Mannheim, weltoffen und kunterbunt. Und Multikultiliebhaber.",MultiParaDetox,de,reserve,20
de-0023,de-g0314,de,"UND DER DUSSELIGE GAUCK DENKT ER WÄRE WIEDER IN DER DDR UND LÄßT SICH HONECKERmäßig ALIMENTIEREN, GUTEN MORGEN-DEUTSCHLAND-??","UND DER GAUCK DENKT ER WÄRE WIEDER IN DER DDR UND LÄßT SICH HONECKERmäßig ALIMENTIEREN, GUTEN MORGEN-DEUTSCHLAND-??",MultiParaDetox,de,reserve,23
de-0024,de-g0093,de,Die Caritativen Einrichtungen sind mir jetzt sowas von scheissegal! Habe Austritt aus der Kirch beantragt.!!!!!!!!,Die Caritativen Einrichtungen sind mir jetzt sowas von egal! Habe Austritt aus der Kirch beantragt.!!!!!!!!,MultiParaDetox,de,reserve,24
de-0026,de-g0016,de,...sie wird diese 4jahre noch absitzen und den befällt sie der Alzheimer..... Und wenn doch nicht dann auch egal...wir sind trotzdem am Arsch,...sie wird diese 4jahre noch absitzen und den befällt sie der Alzheimer..... Und wenn doch nicht dann auch egal...wir sind trotzdem in Schwierigkeiten,MultiParaDetox,de,reserve,26
de-0028,de-g0398,de,"Über 87% der Deutschen Wähler die eine Altpartei wählten, sind für mich strohdumm!!!","Über 87% der Deutschen Wähler die eine Altpartei wählten, sind für mich ungebildet!!!",MultiParaDetox,de,reserve,28
de-0030,de-g0017,de,..du Suffschädel.....wir tolerieren bereits weitaus schlimmeres... !!,.....wir tolerieren bereits weitaus schlimmeres... !!,MultiParaDetox,de,reserve,30
de-0033,de-g0346,de,"Wenn die Hälfte der Moslime den Handschlag verweigert, hilft nur. ein Tritt in den Arsch, der sie zurückschickt nach Afrika.","Wenn die Hälfte der Moslime den Handschlag verweigert, hilft nur. jemand, der sie zurückschickt nach Afrika.",MultiParaDetox,de,reserve,33
de-0034,de-g0321,de,Ursprünglich (gestern) ging es um FEMA-Camps - wir sind keinen Schritt weiter. Da platzt einem der Arsch - sorry.,Ursprünglich (gestern) ging es um FEMA-Camps - wir sind keinen Schritt weiter. Das ist so frustrierend.,MultiParaDetox,de,reserve,34
de-0037,de-g0018,de,.@USER_0 Ich warte auf dem Moment das diese dummdeutschen das begreifen und diese Volksverräterin zur Verantwortung zieht!!!,.@USER_0 Ich warte auf dem Moment das diese Deutschen das begreifen und diese Frau zur Verantwortung zieht!!!,MultiParaDetox,de,reserve,37
de-0038,de-g0283,de,"Schreibt besser mal über die Asylanten Verbrechen ,dass wird bei euch totgeschwiegen!","Schreibt besser mal über die Asylbewerber Verbrechen ,dass wird bei euch totgeschwiegen!",MultiParaDetox,de,reserve,38
de-0045,de-g0379,de,"n-tv: ""Murksel ein Profi im Umgang mit schwierigen Partnern"" 😂😂😂 Ein Profi, wie eine Mecklenburger Kuh die Rückenschwimmen lernt, meine ich😜","n-tv: ""Merkel ein Profi im Umgang mit schwierigen Partnern"" 😂😂😂 Ein Profi, wie eine Mecklenburger Kuh die Rückenschwimmen lernt, meine ich😜",MultiParaDetox,de,reserve,45
de-0047,de-g0381,de,scheiß asiaten kommen nach europa klauen uns das gefühl reich zu sein,asiaten kommen nach europa klauen uns das gefühl reich zu sein,MultiParaDetox,de,reserve,47
de-0048,de-g0389,de,"von einem Turkmenen sexuell missbraucht, x-mal minderjährige Mädchen von #rapefugees sexuell belästigt. #Kiel 2016! #islam #sophienhof [2/2]","von einem Turkmenen sexuell missbraucht, x-mal minderjährige Mädchen von Geflüchteten sexuell belästigt. #Kiel 2016! #islam #sophienhof [2/2]",MultiParaDetox,de,reserve,48
de-0050,de-g0142,de,"Es gibt auch Rentner die darauf angewiesen sind ,die den Cent 2-3mal umdrehen müssen bevor er ausgegeben wird ,anders ist es mit den Asylanten,die haben freie Fahrt!","Es gibt auch Rentner die darauf angewiesen sind ,die den Cent 2-3mal umdrehen müssen bevor er ausgegeben wird ,anders ist es mit den Asylbewerber,die haben freie Fahrt!",MultiParaDetox,de,reserve,50
de-0053,de-g0176,de,"Helmut Schmidt hatte allein mehr Verstand, als die gesamte Berliner Muschpoke zusammen 😜","Helmut Schmidt hatte allein mehr Verstand, als die gesamte Berliner Bevölkerung zusammen 😜",MultiParaDetox,de,reserve,53
de-0054,de-g0070,de,Das sind die Taugenichtse...die ewig Studierenden....da geht nichts brauchbares hervor.,Das sind die Unproduktiven...die ewig Studierenden....da geht nichts brauchbares hervor.,MultiParaDetox,de,reserve,54
de-0055,de-g0296,de,"So sollten sich alle Politiker äußern und nicht dieses verlogene Emotionsgeschwafel, was die Lügenbrut gerne abläßt !","So sollten sich alle Politiker äußern und nicht dieses verlogene Emotionsgerede, was die Politiker gerne ablassen !",MultiParaDetox,de,reserve,55
de-0057,de-g0207,de,"In solchen Situationen zeigt sich echtes Herz (Empathie)  und Charakter (Hilfe, die nicht in der Zeitung steht) im Gegensatz zu heuchlerischem Gutmenschentum","In solchen Situationen zeigt sich echtes Herz (Empathie) und Charakter (Hilfe, die nicht in der Zeitung steht) im Gegensatz zu inszeniertem Gutmenschentum",MultiParaDetox,de,reserve,57
de-0058,de-g0199,de,"Ich wünsche mir für sie, dass eine Großfamilie aus ""Syrien""  einzieht. Leider wäre solch eine kleine,  schlecht ausgestattete Wohnung für die neuen Herrenmenschen keine artgerechte Haltung....","Ich wünsche mir für sie, dass eine Großfamilie aus ""Syrien"" einzieht. Leider wäre solch eine kleine, schlecht ausgestattete Wohnung für die neuen Herrenmenschen nicht geeignet...",MultiParaDetox,de,reserve,58
de-0060,de-g0260,de,Niki #Lauda ist in meinen Augen so blöd dass er stinkt er meint er braucht sich an keine Regeln zu halten #Mercedes #Formel1,Niki #Lauda denkt in meinen Augen er braucht sich an keine Regeln zu halten #Mercedes #Formel1,MultiParaDetox,de,reserve,60
de-0061,de-g0157,de,"Für mich ist der morgige Tag ein Tag der ""Größten Deutschen Schweinerei"" seit 1945, eine riesen Mogelpackung bekloppter Politiker🤢","Für mich ist der morgige Tag ein Tag der ""Größten Deutschen Schweinerei"" seit 1945, eine riesen Mogelpackung Politiker",MultiParaDetox,de,reserve,61
de-0064,de-g0115,de,"Die linksgrün-versiffte Mischpoke in Berlin wird sich noch wundern, wenn die #Rapefugees im Sommer so richtig abgehen. Deustche Mädels,..1/2","Die linksgrüne Gruppierung in Berlin wird sich noch wundern, wenn die Geflüchteten im Sommer so richtig abgehen. Deustche Mädels,..1/2",MultiParaDetox,de,reserve,64
de-0068,de-g0326,de,"WANN ENTSORGT DEUTSCHLAND ENDLICH SEINE VOLKSMÖRDER ??A.Merkel,H.Maas,K.Göring E.,Paket Grüne,D. Nuhr,C. Ehring,M. Schulz als bevorz.Beisp.!","WANN WIRD DEUTSCHLAND ENDLICH SEINE VOLKSMÖRDER LOS ??A.Merkel,H.Maas,K.Göring E.,Paket Grüne,D. Nuhr,C. Ehring,M. Schulz als bevorz.Beisp.!",MultiParaDetox,de,reserve,68
de-0069,de-g0309,de,Total bekloppt. Weibliche Opfer sind die Einzigen die ernst genommen werden.,Total verrückt. Weibliche Opfer sind die Einzigen die ernst genommen werden.,MultiParaDetox,de,reserve,69
de-0070,de-g0280,de,"Schon der Vater,der als protestantischer Pfaffe freiwillig in die DDR ging,um den Bolschewismus zu huldigen.Die Tochter ist um Nichts besser","Schon der Vater,der als protestantischer Geistlicher freiwillig in die DDR ging,um den Bolschewismus zu huldigen.Die Tochter ist um Nichts besser",MultiParaDetox,de,reserve,70
de-0071,de-g0242,de,"Merkel schaffte es, sich bis an die Seite der FDJ-Führung der DDR zu schleimen, um diese später zu verraten. Heute macht sie es auch so 😜","Merkel schaffte es, sich bis an die Seite der FDJ-Führung der DDR zu schmeicheln, um sich später abzuwenden. Heute macht sie es auch so 😜",MultiParaDetox,de,reserve,71
de-0073,de-g0243,de,Merkel und Konsorten haben durch die SED gut gelernt. Der Abschaum ist und bleibt oben.,Merkel und Konsorten haben durch die SED gut gelernt. Sie sind und bleibt oben.,MultiParaDetox,de,reserve,73
de-0075,de-g0355,de,"Wie im alten Rom, Brot und Spiele hält das Volk Dumm!!!","Wie im alten Rom, Brot und Spiele hält das Volk ruhig!!!",MultiParaDetox,de,reserve,75
de-0078,de-g0358,de,Würde das jemand recherchieren...dann käme bestimmt raus das der Flüchtling-Spako nicht einsitzt...!,Würde das jemand recherchieren...dann käme bestimmt raus das der Flüchtling nicht einsitzt...!,MultiParaDetox,de,reserve,78
de-0079,de-g0347,de,Wer die Grünen wählt ist entweder dumm oder ein Hurensohn,Wer die Grünen wählt ist entweder uninformiert oder naiv,MultiParaDetox,de,reserve,79
de-0080,de-g0279,de,"Schickt unsere Verdeidigungsministerin als Stangengirl zur Truppenbetreuung an die Front ,aber selbst dort wird sie Versagen.Eine Verteidigungsministerin ist Ein Hohn an die Truppe.Rommel wache auf!","Schickt unsere Verdeidigungsministerin zur Truppenbetreuung an die Front ,aber selbst dort wird sie Versagen.Eine Verteidigungsministerin ist Ein Hohn an die Truppe.Rommel wache auf!",MultiParaDetox,de,reserve,80
de-0081,de-g0062,de,Das ganze Postengeschacher ist Schmarotzertum !!! Das ganze Pack gehört weg gejagt !!!,Das ganze Postengeschacher ist Ausnutzung !!! Die ganze Gruppe gehört weg !!!,MultiParaDetox,de,reserve,81
de-0082,de-g0156,de,"Für dumm verkaufte und befundene DORFDEPPEN die auch glauben das Heiko Maas ein Demokrat ist !! Land halt,da dauerts!","Für dumm verkaufte und befundene DORFBEWOHNER die auch glauben das Heiko Maas ein Demokrat ist !! Land halt,da dauerts!",MultiParaDetox,de,reserve,82
de-0083,de-g0177,de,"Heuchler! Wer hat denn Hartz-IV mit der SPD damals mitgegründet? ...und wie lange haben diese ""Grünen"" Hartz-IV geduldet, obwohl in vieler Hinsicht dieses System unmenschlich ist! So ein Heuchler!","Wer hat denn Hartz-IV mit der SPD damals mitgegründet? ...und wie lange haben diese ""Grünen"" Hartz-IV geduldet, obwohl in vieler Hinsicht dieses System unmenschlich ist!",MultiParaDetox,de,reserve,83
de-0086,de-g0180,de,Hier sind schon ein paar richtig dumme Menschen unterwegs..... Gegen wenn oder was habt ihr eigentlich vor der AfD gehetzt und gestänkert?. Ich pubertierende Pickelplantagen...,Hier sind schon ein paar richtig naive Menschen unterwegs..... Gegen wenn oder was habt ihr eigentlich vor der AfD gehetzt und gestänkert?.,MultiParaDetox,de,reserve,86
de-0087,de-g0227,de,"Kinderfickende, schächtende #rapefugees! Wer Kinder-, Frauen-, oder Tierrechte verteidigt, darf nicht #gruene #spd oder #cdu wählen! #ltwbw","Wer Kinder-, Frauen-, oder Tierrechte verteidigt, darf nicht #gruene #spd oder #cdu wählen! #ltwbw",MultiParaDetox,de,reserve,87
de-0089,de-g0064,de,"Das hättet ihr schon letzte Woche veröffentlichen müssen , aber auf Druck der Internet-Medien seht ihr euch gezwungen heute zu veröffentlichen!Erbärmliche Unterschlagungs-Presse!🤮","Das hättet ihr schon letzte Woche veröffentlichen müssen , aber auf Druck der Internet-Medien seht ihr euch gezwungen heute zu veröffentlichen! Das kommt mir vor wie Unterschlagung!",MultiParaDetox,de,reserve,89
de-0094,de-g0136,de,"Ein krimineller, perverser Dummkopf, der bald endlich schlechte deutsche Geschichte ist!","Ein krimineller Mann, der bald endlich schlechte deutsche Geschichte ist!",MultiParaDetox,de,reserve,94
de-0095,de-g0002,de,#FakeNews: Jetzt die übliche #Hetze der #MSM-Journaille gegen die #FPÖ in der #ZIB2 #orfsg17,#FakeNews: Jetzt die üblichen kritischen Berichte der #MSM-Journaille gegen die #FPÖ in der #ZIB2 #orfsg17,MultiParaDetox,de,reserve,95
de-0099,de-g0082,de,Der Steinmaier redet nur Scheisse !!!! Gerade auf NTv,Der Steinmaier redet nur Unsinn !!!! Gerade auf NTv,MultiParaDetox,de,reserve,99
de-0100,de-g0173,de,Hast ja Recht. Erdogan und Merkel gehen mir beide mit ihrer Selbstherrlichkeit am Arsch vorbei. Egomanen sind beide,Hast ja Recht. Erdogan und Merkel mit ihrer Selbstherrlichkeit sind mir beide egal. Egozentrisch sind beide,MultiParaDetox,de,reserve,100
de-0103,de-g0278,de,"Scheiß Emanzipation . Ich will reine ,sittliche deutsche Mütter, wie einst vor den 68ern.","Ich mag die Emanzipation nicht . Ich will reine ,sittliche deutsche Mütter, wie einst vor den 68ern.",MultiParaDetox,de,reserve,103
de-0107,de-g0340,de,"Weil der LINKE SCHEIß das alles darf,hetzen,denunzieren,verleumden,kahanen,lügen,betrügen,Menschen attackieren und bald auch schießen.☠️😡☠️","Weil die LINKE das alles darf,aufbringen,melden,verleumden,lügen,betrügen,Menschen attackieren und bald auch schießen.☠️😡☠️",MultiParaDetox,de,reserve,107
de-0108,de-g0090,de,Die 42. Volksverarsche fürs dumm Wahl-„Volk“,Die 42. Irreführung fürs Wahl-„Volk“,MultiParaDetox,de,reserve,108
de-0112,de-g0232,de,Kurz lasst dich nicht von der Trulla aufs Glatteis führen!,Kurz lasst dich nicht von der Frau aufs Glatteis führen!,MultiParaDetox,de,reserve,112
de-0113,de-g0384,de,stimmt aber hat mit meinem Kommentar nichts zu tun sie zurückgebliebene,stimmt aber hat mit meinem Kommentar nichts zu tun,MultiParaDetox,de,reserve,113
de-0114,de-g0039,de,Asylantenflut bringt eben nur negatives für Deutschland. Drum Asylanenstop und Rückführung der Mehrzahl.,Asylbewerberflut bringt eben nur negatives für Deutschland. Drum Asylbewerberstop und Rückführung der Mehrzahl.,MultiParaDetox,de,reserve,114
de-0115,de-g0231,de,Kotz deine Propaganda wo anders aus. Hier bist du falsch.,Werde deine Propaganda wo anders los. Hier bist du falsch.,MultiParaDetox,de,reserve,115
de-0116,de-g0368,de,ekelhaft Claudia Roth wieder im Fernsehen sehen zu müssen #Bundestag,Ich finde es schlimm Claudia Roth wieder im Fernsehen sehen zu müssen #Bundestag,MultiParaDetox,de,reserve,116
de-0117,de-g0286,de,"Sehe mir den Film an da ich ein dickes Fell habe. Aber eines ist Fakt. Wäre der Deutsche Islamisten, mein Kind würde ich ihn eigenhändig erschlagen.","Sehe mir den Film an da ich ein dickes Fell habe. Aber eines ist Fakt. Wäre der Deutsche Islamisten, mein Kind würde ich mich eigenhändig darum kümmern.",MultiParaDetox,de,reserve,117
de-0126,de-g0079,de,Der Hank geht mir dermaßen auf die Eier.,Der Hank geht mir dermaßen auf die Nerven.,MultiParaDetox,de,reserve,126
de-0128,de-g0371,de,"gibts diese Woche einen Wettbewerb zwischen #maischberger und #lanz, wer die Gast*in mit der hässlichten Fresse hat?","gibts diese Woche einen Wettbewerb zwischen #maischberger und #lanz, wer die Gast*in mit dem auffälligsten Gesichthat?",MultiParaDetox,de,reserve,128
de-0129,de-g0179,de,Hier haben einige Politiker richtige abgesahnt..... Und der Oberguru Maschmayer macht jetzt einen auf Fernsehstar...und produziert seiner alten b-Movies. 😃😃,Hier haben einige Politiker richtige abgesahnt..... Und der Maschmayer macht jetzt einen auf Fernsehstar...und produziert seiner alten b-Movies. 😃😃,MultiParaDetox,de,reserve,129
de-0132,de-g0337,de,Was ist den das fette etwas da ..?,Was ist den das da ..?,MultiParaDetox,de,reserve,132
de-0133,de-g0021,de,11jahre für das Schwein ist schon ok...alles besser als Bewährung...,11jahre für den Mann ist schon ok...alles besser als Bewährung...,MultiParaDetox,de,reserve,133
de-0134,de-g0230,de,Koalitionsverhandlungen um Merkel sind für mich ein widerliches Schauspiel von Schwachmaten > ein Gerangel um Posten für BILDdungsbürger 🤢,Koalitionsverhandlungen um Merkel sind für mich ein Schauspiel > ein Gerangel um Posten für BILDdungsbürger 🤢,MultiParaDetox,de,reserve,134
de-0135,de-g0335,de,Was für eine hohle Type....😂😂,Was für ein Type....😂😂,MultiParaDetox,de,reserve,135
de-0137,de-g0054,de,"Da wird mal wieder stark Übertrieben, es werden paar hundert wenn es hoch kommt teilnehmen!. Natürlich wird die Lügenpresse was anderes sagen","Da wird mal wieder stark Übertrieben, es werden paar hundert wenn es hoch kommt teilnehmen!. Natürlich wird die Presse was anderes sagen",MultiParaDetox,de,reserve,137
de-0139,de-g0042,de,"Auf zdf info die übliche Trump-Hetze, fehlt heute nur noch die Hetze gegen die DDR u. Russland > Dr. Goebbels lässt wieder grüßen 😜","Auf zdf info die übliche Trump-Kritik, fehlt heute nur noch die Propaganda gegen die DDR u. Russland > Dr. Goebbels lässt wieder grüßen 😜",MultiParaDetox,de,reserve,139
de-0142,de-g0015,de,...ihre Statements entsprechen ihrem Aussehen...häßlich..!!,...ihre Statements entsprechen ihrem Aussehen..!!,MultiParaDetox,de,reserve,142
de-0143,de-g0099,de,"Die Massen von dummen Kommentarem und deutschfeindlichen Äusserungen dieser Grünen Person sind keine Meinungen, sondern trauriges Gelaber!!","Die Massen von Kommentarem und deutschfeindlichen Äusserungen dieser Grünen Person sind keine Meinungen, sondern trauriges Gerede!!!!",MultiParaDetox,de,reserve,143
de-0146,de-g0011,de,#Straeter ist einfach nur noch Strunz langweilig,#Straeter ist einfach nur noch langweilig,MultiParaDetox,de,reserve,146
de-0147,de-g0187,de,"Ich habe bis heute nicht verstanden, was an Dunkelhäutigen in schwarzen Burkas mit dunkler “Kultur“ BUNT sein soll... #Islamisierung","#maischberger Fratscher für Migranten als InvestitioIch habe bis heute nicht verstanden, was an Schwarzen in schwarzen Burkas mit dunkler “Kultur“ BUNT sein soll... #Islamisierung",MultiParaDetox,de,reserve,147
de-0150,de-g0342,de,Weit und breit kein Neger.,Weit und breit kein Schwarzer.,MultiParaDetox,de,reserve,150
de-0152,de-g0181,de,"Hinweis: Wer wegen Nadalnys angeblicher Vergiftung nun Nordstream Gas ablehnt ,muss wegen dem tatsächlich getöteten Kashoggi auf das Saudi Öl verzichten Ihr Heuchler. #staatsTV","Hinweis: Wer wegen Nadalnys angeblicher Vergiftung nun Nordstream Gas ablehnt ,muss wegen dem tatsächlich getöteten Kashoggi auf das Saudi Öl verzichten. #staatsTV",MultiParaDetox,de,reserve,152
de-0155,de-g0046,de,Bei einer psycho Sekte von freiwillig zu sprechen ist mutig.,Bei einer Sekte von freiwillig zu sprechen ist mutig.,MultiParaDetox,de,reserve,155
de-0159,de-g0000,de,#Bayern sollte eine Unabhängigkeitswahl wie die Katalonen machen.. Wir brauchen keine sexy linksversiffte Regierung in #Bayern,#Bayern sollte eine Unabhängigkeitswahl wie die Katalonen machen.. Wir brauchen keine linke Regierung in #Bayern,MultiParaDetox,de,reserve,159
de-0161,de-g0030,de,AUF DAS DER FUROR TEUTONICUS ERWACHT !zurhöllemitmerkel !,AUF DAS DER FUROR TEUTONICUS ERWACHT !wegmitmerkel !,MultiParaDetox,de,reserve,161
de-0163,de-g0159,de,"Genau Grenzen dicht, aber richtig. Asylschmarotzer raus!","Genau Grenzen dicht, aber richtig.",MultiParaDetox,de,reserve,163
de-0164,de-g0303,de,Stellt Lügenpresse eigentl schon Überlegungen in München an zur Nacktbadesaison an der Isar und Flüchtlinge Primaten? HAHAHAHA #rapefugees,Stellt die Presse eigentl schon Überlegungen in München an zur Nacktbadesaison an der Isar und Flüchtlinge? HAHAHAHA,MultiParaDetox,de,reserve,164
de-0165,de-g0364,de,der Dummschwätzer Herr #Dobrindt gehört nicht in die #Bundesregierung sondern ins Irrenhaus #CDU #CSU,der Herr #Dobrindt gehört nicht in die #Bundesregierung sondern braucht eine Psychotherapie #CDU #CSU,MultiParaDetox,de,reserve,165
de-0166,de-g0385,de,stimmt. Die Russen hatten wenigstens diese Ossis unter Kontrolle,stimmt. Die Russen hatten wenigstens die DDR unter Kontrolle,MultiParaDetox,de,reserve,166
de-0167,de-g0117,de,"Die meisten Schiffbrüchigen sind doch keine Flüchtlinge, sondern. rücksichtslose Invasoren. Wann begreift Ihr politischen Hohlköpfe das?","Die meisten Schiffbrüchigen sind doch keine Flüchtlinge, sondern. rücksichtslose Einwanderer. Wann begreift Ihr Politiker das?",MultiParaDetox,de,reserve,167
de-0169,de-g0052,de,"Da erkennt man, mit was für jämmerlichen Deppen die abgefuckte SPD aus Machtgeilheit 4 Jahre das Volk verraten und verkauft hat !!!","Da erkennt man, mit was für Leuten die SPD aus Machtgeilheit 4 Jahre das Volk verraten und verkauft hat !!!",MultiParaDetox,de,reserve,169
de-0171,de-g0139,de,"Ekelhafter gehts kaum, wie sich diese CDU-Schwachmaten selbst beweihräuchern u feiern u das vor dem Hintergrund des tief gespaltenen Landes🤢","Unverständlicher gehts kaum, wie sich diese CDU-Politiker selbst beweihräuchern u feiern u das vor dem Hintergrund des tief gespaltenen Landes🤢",MultiParaDetox,de,reserve,171
de-0172,de-g0166,de,Hab gerade in Brüssel angerufen. Ist wie mit Denyz in der Türkei. Keiner will den Spast zurück :-),Hab gerade in Brüssel angerufen. Ist wie mit Denyz in der Türkei. Keiner will ihn zurück :-),MultiParaDetox,de,reserve,172
de-0174,de-g0376,de,idiotischer Kommentar. Aufm Supermannheft gepennt?,schlechter Kommentar. Aufm Supermannheft gepennt?,MultiParaDetox,de,reserve,174
de-0175,de-g0078,de,Der Gscheidschmatzer macht mich richtig wütend! Fährt mit seinem Porsche rum und reißt seine Klappe auf...ich glaubs nicht!,Der Besserwisser macht mich richtig wütend! Fährt mit seinem Porsche rum und reißt seinen Mund auf...ich glaubs nicht!,MultiParaDetox,de,reserve,175
de-0176,de-g0049,de,Blind ist die Meck-Pomm Schlampe auch noch!,Blind ist die Dame aus Meck-Pom auch noch!,MultiParaDetox,de,reserve,176
de-0178,de-g0305,de,"Stimmt, die BRD geht mir auch am ARSCH vorbei. DEUTSCHLAND gillt es gegen POLITVERBRECHER,wie Merkel,Schulz,u.MAAS zu schützen !!","Stimmt, die BRD ist mir auch egal. DEUTSCHLAND gillt es gegen Personen,wie Merkel,Schulz,u.MAAS zu schützen !!",MultiParaDetox,de,reserve,178
de-0181,de-g0365,de,der strunzdumme #Verstappen und sollte lieber Seifenkisten mit Wohnwagen fahren mehr kann er ohnehin nicht #F1sky,der #Verstappen und sollte lieber Seifenkisten mit Wohnwagen fahren mehr kann er ohnehin nicht #F1sky,MultiParaDetox,de,reserve,181
de-0184,de-g0267,de,"Opfer im Interesse der eigenen fragwürdigen Ziele verhöhnen zu lassen sind bewusster Politik-Stil Merkels, ein kranker Geist😜",Opfer im Interesse der eigenen fragwürdigen Ziele verhöhnen zu lassen sind bewusster Politik-Stil Merkels,MultiParaDetox,de,reserve,184
de-0185,de-g0169,de,Haha das waren welche am Flughafen typische Grünen Wähler. Bis aufs Mark blöde,Haha das waren welche am Flughafen typische Grünen Wähler.,MultiParaDetox,de,reserve,185
de-0186,de-g0071,de,"Das sind doch alles masturbierende Pickelplatagen, keine Ahnung von Etwas...deswegen werden sie bestimmt Berufspolitiker..😃😃","Das sind doch alles Anfänger, keine Ahnung von Etwas...deswegen werden sie bestimmt Berufspolitiker..😃😃",MultiParaDetox,de,reserve,186
de-0187,de-g0268,de,"Pervers. Die Türken fordern Gerechtigkeit. Anstatt dort, wo sie die. Ungerechtigkeit gewählt haben, fordern sie das in Österreich. Haut ab.","Die Türken fordern Gerechtigkeit. Anstatt dort, wo sie die. Ungerechtigkeit gewählt haben, fordern sie das in Österreich.",MultiParaDetox,de,reserve,187
de-0189,de-g0112,de,Die haben noch einen Arsch in der Hose.,Die haben noch Mumm.,MultiParaDetox,de,reserve,189
de-0191,de-g0374,de,ich finde gut dass #Trump #Jerusalem als Hauptstadt anerkennt nun bekommen die #Israelis erst richtig auf die Fresse,ich finde gut dass #Trump #Jerusalem als Hauptstadt anerkennt nun bekommen die #Israelis erst richtig Probleme,MultiParaDetox,de,reserve,191
de-0192,de-g0032,de,"Ach du Scheisse, wer mit Nahles in die Zukunft geht kann auch gleich den Stegner dazu packen 😂😂😂😂😂😂😂😂😂😂😂😂😂😂😂😂","Ach du grüne Neune, wer mit Nahles in die Zukunft geht kann auch gleich den Stegner dazu packen 😂😂😂😂😂😂😂😂😂😂😂😂😂😂😂😂",MultiParaDetox,de,reserve,192
de-0193,de-g0100,de,"Die Mehrzahl=Asylschmarotzer, Verbrecher, Terroristen, Feiglinge","Die Mehrzahl=Asylsuchende, Verbrecher, Terroristen",MultiParaDetox,de,reserve,193
de-0195,de-g0292,de,So ein Schwein sitzt noch da oben? Pfui Teufel!,So einer sitzt noch da oben? Oh je!,MultiParaDetox,de,reserve,195
de-0198,de-g0172,de,"Hallo, war einige Tage in PL, bin gerade zurück u. muss erst all die positiven Eindrücke verarbeiten😜Horsti u. Murksel, ein Thema in PL 😂😂😂","Hallo, war einige Tage in PL, bin gerade zurück u. muss erst all die positiven Eindrücke verarbeiten😜Horsti u. Merkel, ein Thema in PL 😂😂😂",MultiParaDetox,de,reserve,198
de-0200,de-g0316,de,Umso mehr Schwachsinn die Altparteien von sich geben umso eher kommt die AFD an die Macht.. Die Bürger sind nicht ganz so verblödet wie die Altparteien glauben. #illner,Umso mehr Quatsch die Altparteien von sich geben umso eher kommt die AFD an die Macht.. Die Bürger sind nicht ganz so naiv wie die Altparteien glauben. #illner,MultiParaDetox,de,reserve,200
de-0201,de-g0103,de,Die Politiker und Merkels Vasallen die Lügenpresse und Medienlandschaft sprachen doch von Zehntausenden Teilnehmern? Bestimmt Navi kaputt 😂😂,Die Politiker und Merkels Anhänger die Presse und Medienlandschaft sprachen doch von Zehntausenden Teilnehmern? Bestimmt Navi kaputt 😂😂,MultiParaDetox,de,reserve,201
de-0205,de-g0009,de,#Rosenmontag in Mainz und Nordafrikadüsseldorf abgesagt. Hat aber nichts mit #rapefugees zu tun.,#Rosenmontag in Mainz und Nordafrikadüsseldorf abgesagt. Hat aber nichts mit Geflüchteten zu tun.,MultiParaDetox,de,reserve,205
de-0207,de-g0095,de,Die Dummheit und Deutschfeindlichkeit eines Maas ist nicht mehr akzeptabel!. Dieser Kriminologe Pfeifersollte wohl vorher auf Drogen getestet werden!,Die Naivität und Deutschfeindlichkeit eines Maas ist nicht mehr akzeptabel!. Dieser Kriminologe Pfeifersollte wohl vorher auf Drogen getestet werden!,MultiParaDetox,de,reserve,207
de-0211,de-g0107,de,"Die Zersetzung,die Vernichtung der Kultur,der Abschaum,hat immer nur einen Ursprung!","Die Zersetzung,die Vernichtung der Kultur,hat immer nur einen Ursprung!",MultiParaDetox,de,reserve,211
de-0214,de-g0334,de,Was für eine ekelhafte Person....der alte..!!,Was für eine unangenehme Person....der alte Mann..!!,MultiParaDetox,de,reserve,214
de-0215,de-g0333,de,Was für ein Volltrottel ...der hat den Gürtel nicht lange und von wegen für Deutschland Boxen...😂😂,Was für ein Typ ...der hat den Gürtel nicht lange und von wegen für Deutschland Boxen...😂😂,MultiParaDetox,de,reserve,215
de-0216,de-g0228,de,Klar doch . Die Schlimmsten im Lande sind die Rechten.die Moslems aber die Bedaerungswürdigen denen um JEDEN Preis geholfen werden muß.💩💩💩💩,Klar doch . Die Schlimmsten im Lande sind die Rechten.die Moslems aber die Bedaerungswürdigen denen um JEDEN Preis geholfen werden muß.,MultiParaDetox,de,reserve,216
de-0218,de-g0270,de,Prost Heike (Wat hat der Kerl für`n geiles Höschen (vorne gelb und hinten braun 😂😂😂) ich fasse es nicht 😂😂😂,Prost Heike (Wat hat der Kerl für`n schönes Höschen (vorne gelb und hinten braun 😂😂😂) ich fasse es nicht 😂😂😂,MultiParaDetox,de,reserve,218
de-0219,de-g0111,de,"Die ganze Welt schüttelt den Kopf oder lacht uns aus und dieses dumme Weib, Merkel, macht fleißig weiter !","Die ganze Welt schüttelt den Kopf oder lacht uns aus und diese Frau, Merkel, macht fleißig weiter !",MultiParaDetox,de,reserve,219
de-0220,de-g0028,de,"@USER_15 @USER_12 @USER_10 @USER_0 @USER_7 @USER_5 @USER_16 @USER_17 @USER_9 @USER_2 @USER_11 @USER_1 @USER_4 @USER_6 @USER_3 @USER_8 @USER_13 @USER_14 Es ist zum Kotzen, seit Tagen!","@USER_15 @USER_12 @USER_10 @USER_0 @USER_7 @USER_5 @USER_16 @USER_17 @USER_9 @USER_2 @USER_11 @USER_1 @USER_4 @USER_6 @USER_3 @USER_8 @USER_13 @USER_14 Es ist frustrierend, seit Tagen!",MultiParaDetox,de,reserve,220
de-0221,de-g0053,de,Da macht sich die Bildung aus der Bild mal wieder bemerkbar. So ein Sau dummer Kommentar,Da macht sich die Bildung aus der Bild mal wieder bemerkbar. Ein sehr unüberlegter Beitrag,MultiParaDetox,de,reserve,221
de-0222,de-g0140,de,Endlich wurde dem Linken Anarchisten-Pack eine auf die Fresse gehauen!🤛,Endlich wurde den Linken Anarchisten ein Denkzettel verpasst!,MultiParaDetox,de,reserve,222
de-0225,de-g0013,de,#rapefugees in der Siedlung? #hartzundherzlich,Geflüchtete in der Siedlung? #hartzundherzlich,MultiParaDetox,de,reserve,225
de-0226,de-g0154,de,Frauen die sich nicht freiwillig von Flüchtlingen ficken lassen sind sind ein Verstoß gegen die Menschenwürde. #Hungerstreik #Rapefugees,Frauen die sich nicht freiwillig auf Geflüchtete einlassen sind sind ein Verstoß gegen die Menschenwürde. #Hungerstreik,MultiParaDetox,de,reserve,226
de-0228,de-g0306,de,"Streit um Flüchtlings-Obergrenze - So könnten CDU und CSU ihr Gesicht wahren 😜 Wenn eine hässliche Fratze gemeint ist, geht`s 😜",Streit um Flüchtlings-Obergrenze - So könnten CDU und CSU ihr Gesicht wahren 😜,MultiParaDetox,de,reserve,228
de-0229,de-g0008,de,#Myanmar #Islamisierung: Aber irgendwie muss das globale #Dreckspack wohl von seiner krachenden Niederlage in #Syrien ablenken,#Myanmar #Islamisierung: Aber irgendwie muss die globale Gemeinschaft wohl von seiner krachenden Niederlage in #Syrien ablenken,MultiParaDetox,de,reserve,229
de-0234,de-g0150,de,"Facebook ist verkommen zu einem Medium, dass nur noch die Darmbewohner der abgefuckten Altparteien und die sogenannte Religion der Steinzeitzombies vertritt.","Facebook ist verkommen zu einem Medium, dass nur noch die Mitglieder der Altparteien und eine bestimmte Religion  vertritt.",MultiParaDetox,de,reserve,234
de-0236,de-g0298,de,Sogar künstl. Intelligenz erkennt dem Dämon Merker!,Sogar künstl. Intelligenz erkennt den Einfluss Merkels!,MultiParaDetox,de,reserve,236
de-0237,de-g0300,de,Sollen sie doch ihre sieben Sachen packen und Erdowahn direkt in der Türkei unterstützen! 🤑🖕👎,Sollen sie doch ihre sieben Sachen packen und Erdogan direkt in der Türkei unterstützen!,MultiParaDetox,de,reserve,237
de-0238,de-g0388,de,von der Leyen sollte endlich entsorgt werden! #RausAusDemKabinett #illner,von der Leyen sollte endlich ersetzt werden! #RausAusDemKabinett #illner,MultiParaDetox,de,reserve,238
de-0239,de-g0026,de,@USER_0de @USER_0 Mit dummen Türken diskutiere ich nicht! Basta!,@USER_0de @USER_0 Mit naiven Türken diskutiere ich nicht! Basta!,MultiParaDetox,de,reserve,239
de-0240,de-g0088,de,Deswegen unterstützen Sie auch Kinderehen?! Kotz!,Deswegen unterstützen Sie auch Kinderehen?!,MultiParaDetox,de,reserve,240
de-0241,de-g0068,de,"Das ist mir scheiss-egal Hauptsache sie scheiden aus ,bin 60er Fan!!!!!!!!!","Das ist miregal Hauptsache sie scheiden aus ,bin 60er Fan!!!!!!!!!",MultiParaDetox,de,reserve,241
de-0244,de-g0350,de,Werden die Namen überführter Museldiebe auch sofort veröffentlicht ??? Wann wird unser Land geheilt von RotGrünenMuselmist !,Werden die Namen überführter muslimischer Straftäter auch sofort veröffentlicht ??? Wann wird unser Land geheilt von RotGrünen-Quatsch !,MultiParaDetox,de,reserve,244
de-0249,de-g0237,de,"Mannheim, Multikulti versiffte Stadt. Klein Istambul und Rumänen/ Bulgaren ☠🖕","Mannheim, Multikulti Stadt. Klein Istambul und Rumänen/ Bulgaren",MultiParaDetox,de,reserve,249
de-0250,de-g0161,de,Georg Restle treibt immer noch sein Unwesen gespickt mit Hetze u Fake News gegen die AFD in d ARD dieser Schweinejournalist gehört entsorgt,Georg Restle treibt immer noch sein Unwesen gespickt mit Nachrichten u Fake News gegen die AFD in d ARD dieser Journalist gehört gekündigt,MultiParaDetox,de,reserve,250
de-0252,de-g0366,de,die Quotenmusel in der Sharia Partei D. für was das auch immer steht der Blonde ist aber auch nicht ganz hell auf der Platte,die Quotenvertreterin in der Sharia Partei D. für was das auch immer steht der Blonde ist aber auch nicht ganz aufgeklärt,MultiParaDetox,de,reserve,252
de-0253,de-g0162,de,Gesicht???? Was für ein Gesicht. Der hat nicht einmal einen Hals. Bei uns heißt so etwas Wutzekopp.,Gesicht???? Was für ein Gesicht. Der hat nicht einmal einen Hals.,MultiParaDetox,de,reserve,253
de-0254,de-g0373,de,hören Sie ihren Gören zu ? verkehrte Welt.,hören Sie ihren Kindern zu ? verkehrte Welt.,MultiParaDetox,de,reserve,254
de-0255,de-g0073,de,Das wird nie aufhören...die fucking Gutmenschen würden ihr eigenes opfern um diesen Völkerwahn aufrechtzuerhalten,Das wird nie aufhören...die Gutmenschen würden ihr eigenes opfern um diesen Völkerwahn aufrechtzuerhalten,MultiParaDetox,de,reserve,255
de-0257,de-g0060,de,Das darf man bei den Grünen Kinderfi....n nicht so eng sehen! 😎,Das darf man bei den Grünen nicht so eng sehen! 😎,MultiParaDetox,de,reserve,257
de-0258,de-g0272,de,Quatsch! Das ist die deutschfeindliche Schuld von ihnen und ihrer Kanzlerin des Grauens!,Quatsch! Das ist die deutschfeindliche Schuld von ihnen und ihrer Kanzlerin!,MultiParaDetox,de,reserve,258
de-0259,de-g0216,de,Jakarta nur Drecks Islamisten !!! sie wollen Christen verfolgen ....!!!,Jakarta nur Islamisten !!! sie wollen Christen verfolgen ....!!!,MultiParaDetox,de,reserve,259
de-0260,de-g0155,de,"Frauen u Christen bekommen Extraunterkünfte, um sie vor den #Asylanten zu schützen.U wer schützt die Deutschen wenn die rausgekommen?","Frauen u Christen bekommen Extraunterkünfte, um sie vor den #Asylbewerbern zu schützen.U wer schützt die Deutschen wenn die rausgekommen?",MultiParaDetox,de,reserve,260
de-0261,de-g0051,de,"Da diese Meldung von den Vasallen Merkels kommt, würde ich sagen das diese Meldung der Tagesschau gelogen ist!! Lügenpresse und Lügen Medien","Da diese Meldung von den Unterstützern Merkels kommt, würde ich sagen das diese Meldung der Tagesschau gelogen ist!! Unehrliche Presse und lügende Medien",MultiParaDetox,de,reserve,261
de-0262,de-g0348,de,Wer so redet gehört sich Verdroschen,Wer so redet sollte liebr leise sein,MultiParaDetox,de,reserve,262
de-0263,de-g0033,de,"Ach ja stimmt, Eure bekloppte Religion...","Ach ja stimmt, Eure Religion...",MultiParaDetox,de,reserve,263
de-0264,de-g0264,de,"Obergrenze 😂😂😂 Hoffentlich haben es die Bayern endlich begriffen, dass man ihren ""Eierlosen"" und seinen Haufen lieber nicht gewählt hätte 😜","Obergrenze 😂😂😂 Hoffentlich haben es die Bayern endlich begriffen, dass man ihren Politiker und seinen Haufen lieber nicht gewählt hätte 😜",MultiParaDetox,de,reserve,264
de-0265,de-g0343,de,Welch ein Schwachsinn - überlegt die Wahlergebnisse obwohl sie äußerst selten eine Bühne bekommen ihr Träumer,Welch ein Quatsch - überlegt die Wahlergebnisse obwohl sie äußerst selten eine Bühne bekommen ihr Träumer,MultiParaDetox,de,reserve,265
de-0267,de-g0059,de,Das Video ist gesperrt - aus urheberrechtlichen Gründen - durch die Lügenpresse.,Das Video ist gesperrt - aus urheberrechtlichen Gründen - durch die Presse.,MultiParaDetox,de,reserve,267
de-0268,de-g0047,de,Bin 1947 geboren und habe mit diesem ganzen Scheiß nichts am Hut! Basta!,Bin 1947 geboren und habe mit diesem ganzen Kram nichts am Hut! Basta!,MultiParaDetox,de,reserve,268
de-0269,de-g0087,de,"Der ist nicht die hellste Kerze. Wer behaupte, daß die Türken Deutschland aufgebaut haben den kann ich nicht für voll nehmen.","Der ist nicht der größte Experte. Wer behaupte, daß die Türken Deutschland aufgebaut haben den kann ich nicht für voll nehmen.",MultiParaDetox,de,reserve,269
de-0273,de-g0167,de,"Habe einige Male für ihn dolmetschen müssen - frag` mich besser nicht. Und wenn er Merkel sieht, kriegt er `nen Stän*** 😜","Habe einige Male für ihn dolmetschen müssen - fragmich besser nicht. Und wenn er Merkel sieht, freut er sich",MultiParaDetox,de,reserve,273
de-0274,de-g0108,de,Die deutsche Lügenpresse und Nazi Medien sind nur noch zum kotzen 🤢 schlimmer als Göbbels eben alle samt Vasallen Merkels!!,"Die deutsche Presse und Medien sind nur noch schlecht, eben alle samt Unterstützer Merkels!!",MultiParaDetox,de,reserve,274
de-0275,de-g0083,de,Der Wechsel auf neue Modelle lässt die alten Diesel nicht. verschwinden. Das ist ein saudummer Vorschlag. Die Schiffe. versauen die Luft mehr,Der Wechsel auf neue Modelle lässt die alten Diesel nicht. verschwinden. Das ist kein guter Vorschlag. Die Schiffe. belasten die Luft mehr,MultiParaDetox,de,reserve,275
de-0276,de-g0043,de,"Behörden WARTEN auf mehrere Morde, von diesem Abschaum!","Behörden WARTEN auf mehrere Morde, von diesen Leuten!",MultiParaDetox,de,reserve,276
de-0277,de-g0063,de,Das haben wir dem kleinen Wicht zu verdanken...😃,Das haben wir dieser kleinen Person zu verdanken...😃,MultiParaDetox,de,reserve,277
de-0278,de-g0239,de,Martin Schulz ist 2x sitzen geblieben und hat keinen Schulabschluss.. Wie kann denn so ein Nulltipper als Kanzlerkandidat aufgestellt werden?,Martin Schulz ist 2x sitzen geblieben und hat keinen Schulabschluss.. Wie kann denn so eie Person als Kanzlerkandidat aufgestellt werden?,MultiParaDetox,de,reserve,278
de-0279,de-g0301,de,Sry aber Preetz hat nicht viel beizutragen. Er MUSS der Politik in den Hintern kriechen damit sein Verein Zuschauer ins Stadion bekommt. Er ist abhängig von der Politik.,"Entschuldigung, aber Preetz scheint nicht viel beizutragen. Er ist auf gute Beziehungen zur Politik angewiesen, um sicherzustellen, dass sein Verein Zuschauer ins Stadion bekommt. Er ist abhängig von der Politik.",MultiParaDetox,de,reserve,279
de-0280,de-g0148,de,Es wäre sehr sinnvoll die Aktionen und Verflechtungen der Linken Antifantenbrut zu prüfen und zu Dokumentieren,Es wäre sehr sinnvoll die Aktionen und Verflechtungen der Linken Antifa zu prüfen und zu Dokumentieren,MultiParaDetox,de,reserve,280
de-0282,de-g0327,de,Wahrscheinlich...wenn ich alt und gebrechlich...an welchen sich Feiglinge gerne zu schaffen machen.... Aber noch bin ich nicht soweit....ist nicht der erste den ich verprügle...,Wahrscheinlich...wenn ich alt und gebrechlich...an welchen sich diese Leute gerne zu schaffen machen.... Aber noch bin ich nicht soweit....ist nicht der erste der es mit mir zutun bekommt...,MultiParaDetox,de,reserve,282
de-0286,de-g0120,de,Die.linken können tun was sie wollen dieses pack,Die.linken können tun was sie wollen,MultiParaDetox,de,reserve,286
de-0287,de-g0109,de,Die einzige Frage ist: Lassen sich die #Österreicher wieder von der #Kern-#Kurz-affinen #MSM-#Lügenbande verarschen oder nicht?,Die einzige Frage ist: Lassen sich die #Österreicher wieder von der #Kern-#Kurz-affinen #MSM-#bande hinters Licht führen oder nicht?,MultiParaDetox,de,reserve,287
de-0288,de-g0138,de,"Eine zusätzliche Folge der islamischen Masseneinwanderung, gesteuert von Merkel und den Grünen Dummköpfen!","Eine zusätzliche Folge der islamischen Masseneinwanderung, gesteuert von Merkel und den Grünen!",MultiParaDetox,de,reserve,288
de-0289,de-g0170,de,"Hahaha vllt gönn ich mir das ma. Aber diese asiaten sind einfach freaks, das is nich menschlich","Hahaha vllt gönn ich mir das ma. Aber diese asiaten sind einfach unglaublich, fast übermenschlich",MultiParaDetox,de,reserve,289
de-0291,de-g0201,de,"Ihr Grünen-Würstel, haltet Euch raus aus Dingen, von denen Ihr. nichts versteht. Geht Fahrräder putzen, anstatt über die Nato. zu reden.","Ihr Grünen, haltet Euch raus aus Dingen, von denen Ihr. nichts versteht. Geht Fahrräder putzen, anstatt über die Nato. zu reden.",MultiParaDetox,de,reserve,291
de-0292,de-g0149,de,"FDP..bisher immer unbedeutend, wirklichen Schaden konnten sie nie anrichten..bis jetzt.. Lindner?.noch eine größere Pfeife als Westerwelle..!","FDP..bisher immer unbedeutend, wirklichen Schaden konnten sie nie anrichten..bis jetzt.. Lindner?.noch schlimmer als Westerwelle..!",MultiParaDetox,de,reserve,292
de-0295,de-g0225,de,"Keine Unterhaltung, liebe Poetin, eher billige Wahlwerbung, weich klopfen der Wahlschafshirne 😜","Keine Unterhaltung, liebe Poetin, eher billige Wahlwerbung, weich klopfen die Wähler 😜",MultiParaDetox,de,reserve,295
de-0296,de-g0164,de,"Grüner Scheiss ,wer sitzt hat keine Rechte mehr!","Grüne ,wer sitzt hat keine Rechte mehr!",MultiParaDetox,de,reserve,296
de-0297,de-g0055,de,Danke für die billigen Phrasen.Zum Kotzen!,Danke für die leeren Worte. Gefällt mir nicht!,MultiParaDetox,de,reserve,297
de-0298,de-g0288,de,"Sie können gelassen auf jeden Polit-Idioten warten, der auch einen Krieg nur in Erwägung zieht 😜","Sie können gelassen auf jeden Politiker warten, der auch einen Krieg nur in Erwägung zieht 😜",MultiParaDetox,de,reserve,298
de-0299,de-g0121,de,"Diese Migrantenkrieg der Schmarotzergegen Deutschland, ist schon in Vorbereitung!","Diese Migrantenkrieg der Einwanderer gegen Deutschland, ist schon in Vorbereitung!",MultiParaDetox,de,reserve,299
de-0300,de-g0153,de,"Frau Kerestan hat frisch und gut argumentiert. Herr Weinberg ist ein Betonkopf, der nur rückwärtsgewandt zu blicken scheint.",Frau Kerestan hat frisch und gut argumentiert. Herr Weinberg schneint nur rückwärtsgewandt zu blicken.,MultiParaDetox,de,reserve,300
de-0302,de-g0075,de,Der Auftritt der AfD ist richtig gut....absolut verständliche nachvollziehbare Politik..... Es wird Zeit die Sesselschnarcher abzuservieren ...!,Der Auftritt der AfD ist richtig gut....absolut verständliche nachvollziehbare Politik..... Es wird Zeit die alteingesessenen Politiker abzuservieren ...!,MultiParaDetox,de,reserve,302
de-0304,de-g0119,de,Die öffentlich-rechtlichen sind Merkels Vasallen und unterstehen der Zensur Merkels!! Die Lügenpresse ebenfalls so wie SAT1 und RTL,Die öffentlich-rechtlichen sind Merkels Anhänger und unterstehen der Zensur Merkels!! Die Presse ebenfalls so wie SAT1 und RTL,MultiParaDetox,de,reserve,304
de-0305,de-g0291,de,So ein Mist....die Unfähigsten aller zusammen bekleiden egal welche Ministerien...blödes dummes Deutschland was hast du nur angestellt...😡😡,So ein Mist....die Unfähigsten aller zusammen bekleiden egal welche Ministerien... Deutschland was hast du nur angestellt...😡😡,MultiParaDetox,de,reserve,305
de-0306,de-g0212,de,"JETZT REDET DER PFAFFE ,, Im LARVE''","JETZT REDET DER GEISTLICHE ,, Im LARVE''",MultiParaDetox,de,reserve,306
de-0308,de-g0206,de,In einer nicht #PoliticalCorrectness-geistesgestörten Welt würden sie dem #Invasoren-#Abschaum die Scheiße aus dem Hirn prügeln,In einer nicht #PoliticalCorrectness-gestörten Welt würden sie den neuankämmlingen die Flausen austreiben,MultiParaDetox,de,reserve,308
de-0309,de-g0057,de,"Das Pflaster müsste über sein dummes Maul reichen,😷","Das Pflaster müsste über seinen Mund reichen,😷",MultiParaDetox,de,reserve,309
de-0310,de-g0319,de,Und wieder wird mit einem #falseflag (giftgaseinsatz) ein Terrorakt gegen Syrien durch USA gestartet.. Bei dem Wahnsinnigen Trump droht WW3,Und wieder wird mit einem #falseflag (giftgaseinsatz) ein Terrorakt gegen Syrien durch USA gestartet.. Bei dem Trump droht WW3,MultiParaDetox,de,reserve,310
de-0311,de-g0004,de,#HETZERIN 💩@USER_0💩 ⛔ #GEBLOCKT ! ⛔ WEG ist diese KRANKE deutschen - feindliche Person ! ⚠,#HETZERIN @USER_0 ⛔ #GEBLOCKT ! ⛔ WEG ist diese deutschen - feindliche Person ! ⚠,MultiParaDetox,de,reserve,311
de-0312,de-g0331,de,Was erwarten Sie von Rothschild Sklaven die ihre Seele dem Satan verkauf haben!,Was erwarten Sie von Rothschild Anhängern die ihre Interessen anderen überlassen!,MultiParaDetox,de,reserve,312
de-0314,de-g0329,de,Was bist Du denn für ne Göre?,Was bist Du denn für ne Person?,MultiParaDetox,de,reserve,314
de-0315,de-g0218,de,"Jeder der mit Gabriel und Steinmeier paktiert hat bei mir verschissen. SPD - SCHMAROTZER, PÄDOPHILE UND DENUNZIANTEN !!!",Jeder der mit Gabriel und Steinmeier paktiert ist bei mir unten durch.,MultiParaDetox,de,reserve,315
de-0322,de-g0372,de,haha sucht man schon Ausreden für die völlig Dumme Berichterstattung der letzten Wochen...?,haha sucht man schon Ausreden für die Berichterstattung der letzten Wochen...?,MultiParaDetox,de,reserve,322
de-0325,de-g0131,de,Dummes Geschwätz. Er sitzt alle Dumnscheätzer aus. Zu Recht,Dummes Geschwätz. Er sitzt alle mit anderer Meinung aus. Zu Recht,MultiParaDetox,de,reserve,325
de-0327,de-g0024,de,"@USER_0de @USER_0 Bald seid ihr alle hier ""Entsorgt""!",@USER_0de @USER_0 Bald seid ihr alle hier weg!,MultiParaDetox,de,reserve,327
de-0328,de-g0213,de,"Ja @USER_0? Pst, auch für dich nochmals, die Grenzen waren seit dem Schengen Abkommen offen, also was willst du bezwecken mit Staatsgrenzen schützen Gebrabbel?","Ja @USER_0? Pst, auch für dich nochmals, die Grenzen waren seit dem Schengen Abkommen offen, also was willst du bezwecken mit Staatsgrenzen schützen Gerede??",MultiParaDetox,de,reserve,328
de-0329,de-g0020,de,100% der AfD scheißt auf die Menschenrechte,100% der AfD sind die Menschenrechte egal,MultiParaDetox,de,reserve,329
de-0331,de-g0190,de,Ich kann diesen Bullshit nicht mehr hören...die dummen 🇩🇪haben sich entschieden.... Die sollen weiterhin in ihrer Scheißprovinz bleiben,Ich kann diesen Bullshit nicht mehr hören...die 🇩🇪haben sich entschieden.... Die sollen weiterhin in ihrer Provinz bleiben,MultiParaDetox,de,reserve,331
de-0334,de-g0023,de,@USER_0_Hoffenheim @USER_0 Mit besseren Kommentatoren Pinkeln gehen aber das Urinal nicht treffen,@USER_0_Hoffenheim @USER_0 Mit besseren Kommentatoren das Ziel verfehlen,MultiParaDetox,de,reserve,334
de-0335,de-g0132,de,Düsseldorf ist nicht die einzige dumme Stadt...und mit dem Messerstecher habe ich mehr Mitleid als mit dem Möchtegernbürgermeister...!!,Düsseldorf ist nicht die einzige Stadt mit diesen Herausforderungen...und mit dem Täter habe ich mehr Mitleid als mit dem Bürgermeister...!!,MultiParaDetox,de,reserve,335
de-0336,de-g0065,de,Das ist die Folge wenn Schwachmaten wie Laschet und Konsorten Politik machen! 😨 👎,Das ist die Folge wenn Leute wie Laschet und Konsorten Politik machen! 😨 👎,MultiParaDetox,de,reserve,336
de-0337,de-g0122,de,"Diese ganze #metoo Kampagne einfach zum kotzen. Wie viele Männer werden von Frauen unterdrückt, misshandelt und missbraucht. Darüber spricht Mann nicht, aus Scham.","Diese ganze #metoo Kampagne einfach schlecht. Wie viele Männer werden von Frauen unterdrückt, misshandelt und missbraucht. Darüber spricht Mann nicht, aus Scham.",MultiParaDetox,de,reserve,337
de-0338,de-g0397,de,Öffentlich-rechtlichen Nazi Medien und Merkel Vasallen setzten ihre Hetzkampagne gegen den Präsidenten der Vereinigten Staaten fort!!,Öffentlich-rechtlichen Medien und Merkel Anhängern setzten ihre Kampagne gegen den Präsidenten der Vereinigten Staaten fort!!,MultiParaDetox,de,reserve,338
de-0340,de-g0204,de,"In Polen sagte man mir heute, da erhielt doch ein Arschloch einen Preis dafür, weil er sein Heimatland Polen in Brüssel verklagen wollte 💩🤢","In Polen sagte man mir heute, da erhielt doch ein Typ einen Preis dafür, weil er sein Heimatland Polen in Brüssel verklagen wollte 🤢",MultiParaDetox,de,reserve,340
de-0341,de-g0145,de,"Es ist unglaublich dieses Politische Pack posaunt in die Welt hinaus es können 220.000 plus die, d zusätzlich kommen in unser Land strömen","Es ist unglaublich diese Politiker posaunen in die Welt hinaus es können 220.000 plus die, d zusätzlich kommen in unser Land strömen",MultiParaDetox,de,reserve,341
de-0342,de-g0005,de,#Kinderfickerpartei hat im Bundestag nichts verloren,Diese Partei hat im Bundestag nichts verloren,MultiParaDetox,de,reserve,342
de-0344,de-g0341,de,Weil er eine linke Bazille ist....😃,Weil er ein Linker ist....😃,MultiParaDetox,de,reserve,344
de-0346,de-g0271,de,"Prostituierte kann sich nicht mal ein Hartz IV leisten, Asylanten sucht euch Wichsvorlageni n Pornos!",Prostituierte kann sich nicht mal ein Hartz IV leisten,MultiParaDetox,de,reserve,346
de-0351,de-g0036,de,"Alternative: Frauen bekommen von alleine ihren Hintern hoch und geben nicht immerzu Männern die Schuld, wenn ihnen irgendetwas nicht passt.","Alternative: Frauen schaffen es, sich aufzuraffen und geben nicht den Männern die Schuld, wenn ihnen irgendetwas nicht passt.",MultiParaDetox,de,reserve,351
de-0353,de-g0380,de,"n-tv: ""Startschwierigkeiten bei Antiterror-Übung"" > Ich: ""Wenn Dilettanten unter Flintenuschis ""Obhut""  schon Krieg spielen!"" 😂😂😂","n-tv: ""Startschwierigkeiten bei Antiterror-Übung"" > Ich: ""Wenn Dilettanten unter Von der Leyens ""Obhut"" schon Krieg spielen!"" 😂😂😂",MultiParaDetox,de,reserve,353
de-0354,de-g0188,de,"Ich kann diese Hackfresse Lanz nicht mehr sehen, noch weniger hören.","Ich kann diesen Lanz nicht mehr sehen, noch weniger hören.",MultiParaDetox,de,reserve,354
de-0356,de-g0041,de,Auf die Bewährung schei.......ss ich!,Die Bewährung ist mir egal!,MultiParaDetox,de,reserve,356
de-0357,de-g0185,de,Ich finde er ist einfach ein unlustiger Spasst,Ich finde er ist einfach nciht lustig,MultiParaDetox,de,reserve,357
de-0360,de-g0233,de,Laßt doch verdammt noch mal das NS Regime aus dem Spiel. Es war damals viel besser für das Volk als ihr euch vorstelle,Laßt doch mal das NS Regime aus dem Spiel. Es war damals viel besser für das Volk als ihr euch vorstelle,MultiParaDetox,de,reserve,360
de-0361,de-g0186,de,"Ich fordere eine ""Forschungsgruppe islamistischer Mob""","Ich fordere eine ""Forschungsgruppe islamistischer Banden""",MultiParaDetox,de,reserve,361
de-0362,de-g0124,de,"Dieses ""Propaganda-TV"" ist nicht mehr mit anzusehen 🤢 Hoffentlich tritt Trump den politisch Verantwortlichen gehörig in den Arsch, Murksel!","Dieses ""Propaganda-TV"" ist nicht mehr mit anzusehen 🤢 Hoffentlich weckt Trump die politisch Verantwortlichen endlich auf, Merkel!",MultiParaDetox,de,reserve,362
de-0363,de-g0362,de,da ist sie ja wieder die Moderatorin der @USER_0 mit der alten schwarzen Schmodder Hose und den fettigen Haaren #WDR,da ist sie ja wieder die Moderatorin der @USER_0 mit der alten schwarzen Hose und den fettigen Haaren #WDR,MultiParaDetox,de,reserve,363
de-0364,de-g0197,de,Ich schäme mich in solchem Verbrecherstaat mit deutschfeindlichen Ganoven-Richtern und korrupten Politikern zu leben!,Ich schäme mich in solchem Staat mit ungerechten Richtern und bestechlichen Politikern zu leben!,MultiParaDetox,de,reserve,364
de-0365,de-g0259,de,"Netanjahu wirft Gabriel Instinktlosigkeit vor. Tatsächlich ist Gabriel. ein völliger Versager, der einen Abgeschobenenposten bekleidet.","Netanjahu wirft Gabriel Instinktlosigkeit vor. Tatsächlich ist Gabriel. ein Mann, der einen Abgeschobenenposten bekleidet.",MultiParaDetox,de,reserve,365
de-0366,de-g0214,de,Ja die schauen auch abgemagert aus...speziell das fette Altmaier-Etwas....,Ja die schauen auch abgemagert aus...speziell der kräftige Altmaier...,MultiParaDetox,de,reserve,366
de-0369,de-g0224,de,Kein Land möchte diese Schmarotzer haben. In Deutschland leben sie wie im Paradies und beschweren sich noch. Haut endlich ab und belastet nicht länger unser Sozialsystem.,Kein Land möchte diese Leute haben. In Deutschland leben sie wie im Paradies und beschweren sich noch. Haut endlich ab und belastet nicht länger unser Sozialsystem.,MultiParaDetox,de,reserve,369
de-0371,de-g0302,de,"Stattdessen sollte man das gesamte Führungspack der SPD wegsperren. SPD - Schmarotzer, Pädophile und Drnunzianten",Stattdessen sollte man die gesamte Führung der SPD wegsperren.,MultiParaDetox,de,reserve,371
de-0372,de-g0037,de,"An Merkel, Gauck, Flintenuschi &amp; Co: ""Wer Krieg predigt, ist des Teufels Feldprediger"" (altes Deutsches Sprichwort) 😜","An Merkel, Gauck, Von der Leyen & Co: ""Wer Krieg predigt, ist des Teufels Feldprediger"" (altes Deutsches Sprichwort) 😜",MultiParaDetox,de,reserve,372
de-0373,de-g0128,de,"Du weißt, dass du #geistesgestört bist, wenn deine größte Sorge ist von #linke n Clowns ""#Rassist"" od. ""#islamophob"" genannt zu werden","Du weißt, dass du #verwirrt bist, wenn deine größte Sorge ist von #linken ""#Rassist"" od. ""#islamophob"" genannt zu werden",MultiParaDetox,de,reserve,373
de-0374,de-g0377,de,ist eine Körperverletzung! Sorry diese Frau ist einfach Dumm!,ist eine Körperverletzung! Sorry diese Frau ist einfach nicht schlau!,MultiParaDetox,de,reserve,374
de-0375,de-g0370,de,für derart strunzdumme Menschen die ihre Gesundheit bei Wetten Dass ruinieren sollte die Öffentlichkeit keinesfalls aufkommen #hartaberfair,für Menschen die ihre Gesundheit bei Wetten Dass ruinieren sollte die Öffentlichkeit keinesfalls aufkommen #hartaberfair,MultiParaDetox,de,reserve,375
de-0378,de-g0269,de,Politiker von CDU CSU SPD sind eine große Gefahr für unser Land sie Posaunen in die Welt das DE 220.000 Invasoren aufnimmt + Familiennachzug,Politiker von CDU CSU SPD sind eine große Gefahr für unser Land sie Posaunen in die Welt das DE 220.000 Einwanderer aufnimmt + Familiennachzug,MultiParaDetox,de,reserve,378
de-0379,de-g0134,de,Eben ein Beisp. mehr für die kranken Hirne von Politikern. Dieser geistige Schwachsinn auch unserer Politiker wird sich leider bitter rächen,Eben ein Beisp. mehr für die Gedankenwelt von Politikern. Diese Denkweise auch unserer Politiker wird sich leider bitter rächen,MultiParaDetox,de,reserve,379
de-0380,de-g0378,de,jedes Tier erlöst man ungefragt von seinem Leid. Mündige Menschen lässt man elendig verrecken.,jedes Tier erlöst man ungefragt von seinem Leid. Mündige Menschen lässt man einfach sterben.,MultiParaDetox,de,reserve,380
de-0381,de-g0226,de,"Kern, pinkle dem Herrn Kurz nicht ans Bein. Du bist. abgewählt und unerwünscht. Also, halt´s Maul.","Kern, stelle den Herrn Kurz nicht an den Pranger. Du bist. abgewählt und unerwünscht. Also, sei leise.",MultiParaDetox,de,reserve,381
de-0382,de-g0338,de,Was ist dieser tarek leitner nur für ein fehlgeleiteter hurensohn? #orf #konfrontationen,Was ist dieser tarek leitner nur für ein Mensch? #orf #konfrontationen,MultiParaDetox,de,reserve,382
de-0383,de-g0351,de,"Widerlich, dieser Schmidt. Ohne Rücksicht auf die Bienen. Dieses. Stück Gewissenlosigkeit muss abgewählt und davongejagt werden.","Ärgerlich, dieser Schmidt. Ohne Rücksicht auf die Bienen. Diese Person muss abgewählt werden.",MultiParaDetox,de,reserve,383
de-0384,de-g0357,de,Währen es Türken die Flughäfen und Parteizentralen besetzen währe die Empörung groß! Ihr Heuchler,Währen es Türken die Flughäfen und Parteizentralen besetzen währe die Empörung groß!,MultiParaDetox,de,reserve,384
de-0386,de-g0208,de,"Insgesamt sitzen da nur dumme Leute. angefangen beim Moderator, der ist noch dümmer. Der muss stehen","Insgesamt sitzen da nur komische Leute. angefangen beim Moderator, der ist am schlimmsten. Der muss stehen",MultiParaDetox,de,reserve,386
de-0387,de-g0246,de,Merkels Vasallen melden sich zu Wort!. Herr Gersemann ist ein Vasall Merkels und seine Kommentare werden von Merkel vorgegeben!!!,Merkels Unterstützer melden sich zu Wort!. Herr Gersemann ist ein Anhänger Merkels und seine Kommentare werden von Merkel vorgegeben!!!,MultiParaDetox,de,reserve,387
de-0389,de-g0275,de,Ralle du alter Mülleimer lebst ja immer noch...dachte das zeitliche hat dich gesegnet.... Bist halt eine zähe Unkrautwurzel,Ralle du lebst ja immer noch...dachte das zeitliche hat dich gesegnet.... Bist halt eine zähe Persönlichkeit,MultiParaDetox,de,reserve,389
de-0390,de-g0248,de,"Mir reicht, dass ich diesen Feigling aus Rostock 1989/90 kenne. Er wurde ins ""Licht"" geschoben, dieser Gauckler 😜","Mir reicht, dass ich diesen Mensch aus Rostock 1989/90 kenne. Er wurde ins ""Licht"" geschoben, dieser Gauck 😜",MultiParaDetox,de,reserve,390
de-0391,de-g0194,de,Ich möchte ihn mal..für ne kurze Zeit....aber dieser Bayer ist wirklich ein Waschlappen,Ich möchte ihn mal..für ne kurze Zeit....aber dieser Bayer ist wirklich eher passiv,MultiParaDetox,de,reserve,391
de-0392,de-g0203,de,In Kindergärten neben den Kindern? wäre ja noch schöner. Zittern soll dieses Asylantenpack in Zelten abseits der Zivilisation,In Kindergärten neben den Kindern? wäre ja noch schöner.,MultiParaDetox,de,reserve,392
de-0396,de-g0257,de,Nazi Lügenpresse und Merkel Vasallen hetzen weiter gegen Trump!!,Presse und Merkel Unterstützer hetzen weiter gegen Trump!!,MultiParaDetox,de,reserve,396
de-0397,de-g0323,de,Verhaftungen von Vergewaltigern als Erfolg zu verkaufen ist das Aufmerksamkeitswinseln einer armseligen Behörde. #Polizei #Köln #Rapefugees,Verhaftungen von Vergewaltigern als Erfolg zu verkaufen ist das Aufmerksamkeitswinseln einer armseligen Behörde. #Polizei #Köln,MultiParaDetox,de,reserve,397
de-0399,de-g0031,de,"Abgefuckte Hühnerscheisse. Aber klar, dass jemand aus der Scheinheiligsten Partei Deutschlands so denkt. SPD - SCHMAROTZER, PÄDOPHILE und DENUNZIANTEN.. Wer hat uns verraten....","Aber klar, dass jemand aus dieser Partei so denkt. SPD.. Wer hat uns verraten....",MultiParaDetox,de,reserve,399
