language,toxic_input,detox_output,source,split
de,"#LandderVollidioten #geisteskrank - ""Kampf gg #Trump"" (gg #Putin sowieso) Deutsches #Regime im Größenwahn ....","""Kampf gg #Trump"" (gg #Putin sowieso) Deutsches #Regime im Größenwahn ....",MultiParaDetox,de
de,#Lindner steckt heute Abend schon seinen Kopf in den Arsch von #Merkel widerlich #FDP,#Lindner schmeichelt sich heute Abend schon wieder bei #Merkel ein #FDP,MultiParaDetox,de
de,Ob von Merkel oder Schulz? Wir Deutsche wollen und können dieses Dummgelaber der Pest (Merkel) und Cholera (Schulz) nicht mehr hören!,Ob von Merkel oder Schulz? Wir Deutsche wollen und können dieses Gerede von Merkel und Schulz nicht mehr hören!,MultiParaDetox,de
de,"So ein schäbiger Lump, lässt Kinder im Krieg allein und Fahnenflucht","So eine Person, lässt Kinder im Krieg allein und Fahnenflucht",MultiParaDetox,de
de,"ich glaube nicht, das die Mehrheit der Bevölkerung dumm ist oder kommen nur Dumme zu Ihren Auftritten ?","ich glaube nicht, das die Mehrheit der Bevölkerung naiv ist oder kommen nur Naive zu Ihren Auftritten ?",MultiParaDetox,de
de,Wer will ein Hering So Dumm wie die Göring🤯,Wer will ein Hering So schlau wie die Göring🤯,MultiParaDetox,de
de,Und N24 geht mir auch aufs Arschloch heute morgen // Über Trump--er klage das Medien unehrlich sind!!?!?soll er mal nach🇩🇪kommen !!!!,Und N24 geht mir auch auf die Nerven heute morgen // Über Trump--er klage das Medien unehrlich sind!!?!?soll er mal nach🇩🇪kommen !!!!,MultiParaDetox,de
de,Die Hetzer der ÖR Medien haben wieder Hochkonjunktur dieses ganze Schweinejournalisten Pack gehört entsorgt und dass schnellstmöglich. AFD,Die Kritiker der ÖR Medien haben wieder Hochkonjunktur diese ganzen Journalisten gehören weg und dass schnellstmöglich. AFD,MultiParaDetox,de
de,Verdammt die Olle Merkel tritt wieder an !!!,die Merkel tritt wieder an !!!,MultiParaDetox,de
de,Der Fettsack soll mal besser den Kopf zu machen.,Der Mann soll mal besser den Kopf zu machen.,MultiParaDetox,de
de,"RAUS MIT DIESEN IRREN AUS DEM BUNDESTAG, sollen ihre Konfettischwulenparaden woanders feiern, am besten in Türkei bei Özdingens !","RAUS MIT DIESEN PERSONEN AUS DEM BUNDESTAG, sollen ihre Konfettiparaden woanders feiern, am besten in Türkei bei Özdemir !",MultiParaDetox,de
de,dieser Holtmann scheint ein Grüner-Bastard zu sein! #BerichtAusBerlin,dieser Holtmann scheint ein Grüner-Anhänger zu sein! #BerichtAusBerlin,MultiParaDetox,de
de,"Moin, moin, seid Ihr alle noch gesund und munter bei all dem geistigen Dünnpfiff im ""Merkel-Propagandaschrott"" ???😜","Moin, moin, seid Ihr alle noch gesund und munter bei all dem geistigen Quatsch in der ""Merkel-Propaganda"" ???😜",MultiParaDetox,de
de,"Na die Alte fliegt ja sehr gerne um die Welt. Man sollte jede Passagierliste nach Der durchsuchen, und Bilder machen wenn man sie im Flieger erwischt.🤮🤮🤮","Na die Frau fliegt ja sehr gerne um die Welt. Man sollte jede Passagierliste nach Der durchsuchen, und Bilder machen wenn man sie im Flieger erwischt.🤮🤮🤮",MultiParaDetox,de
de,auch heute wieder nur drittklassige #Laiendarsteller in einem extrem beschissenen #Tatort #ARD,auch heute wieder nur drittklassige #Laiendarsteller in einem schlechten #Tatort #ARD,MultiParaDetox,de
de,#Grüne und #FDP kriechen #Merkel doch jetzt schon in den Arsch damit sie nur schnell an die Macht kommen #CDU,#Grüne und #FDP wollen #Merkel doch jetzt schon gefallen damit sie nur schnell an die Macht kommen #CDU,MultiParaDetox,de
de,Jetzt melden sich die Vasallen Merkels!,Jetzt melden sich die Unterstützer Merkels!,MultiParaDetox,de
de,"Nö, der sieht dumm aus. 😾","Nö, der gefällt mir optisch nicht.",MultiParaDetox,de
de,warum lädt man eine derart strunzdumme Frau #Demirkan bei #Maischberger ein #ARD,warum lädt man Frau #Demirkan bei #Maischberger ein #ARD,MultiParaDetox,de
de,"Sagt mal, kommt .es nur mir so vor, oder ist das Staasfunk Fernsehprogramm wirklich so scheiße?","Sagt mal, kommt .es nur mir so vor, oder ist das Staasfunk Fernsehprogramm wirklich so schlecht?",MultiParaDetox,de
de,"Mannheim, weltoffen und kunterbunt. Und strunzdumme Multikultiliebhaber. Verblödete halt","Mannheim, weltoffen und kunterbunt. Und Multikultiliebhaber.",MultiParaDetox,de
de,#Sexuallkunde für #Flüchtlinge und #Migranten ... #Mama #Merkel bringt #Asylanten das ficken bei ... #Vergewaltigungen funktionieren bereits,#Sexuallkunde für #Flüchtlinge und #Migranten ... #Mama #Merkel bietet #Asylbewerbern Aufklärungsunterricht an  ... #Vergewaltigungen funktionieren bereits,MultiParaDetox,de
de,"Ja schnell alle Bäume weg, 5G Handys kaufen und Bürgermeister den Sack lutschen du kleine Profesora","Ja schnell alle Bäume weg, 5G Handys kaufen und Bürgermeister schmeicheln Profesora",MultiParaDetox,de
de,"UND DER DUSSELIGE GAUCK DENKT ER WÄRE WIEDER IN DER DDR UND LÄßT SICH HONECKERmäßig ALIMENTIEREN, GUTEN MORGEN-DEUTSCHLAND-??","UND DER GAUCK DENKT ER WÄRE WIEDER IN DER DDR UND LÄßT SICH HONECKERmäßig ALIMENTIEREN, GUTEN MORGEN-DEUTSCHLAND-??",MultiParaDetox,de
de,Die Caritativen Einrichtungen sind mir jetzt sowas von scheissegal! Habe Austritt aus der Kirch beantragt.!!!!!!!!,Die Caritativen Einrichtungen sind mir jetzt sowas von egal! Habe Austritt aus der Kirch beantragt.!!!!!!!!,MultiParaDetox,de
de,Die Randalierer von Hamburg müssen den entstandenen Schaden ersetzen und. notfalls in Arbeitslagern abarbeiten.,Die Randalierer von Hamburg müssen den entstandenen Schaden ersetzen und. notfalls in Sozialstunden abarbeiten.,MultiParaDetox,de
de,...sie wird diese 4jahre noch absitzen und den befällt sie der Alzheimer..... Und wenn doch nicht dann auch egal...wir sind trotzdem am Arsch,...sie wird diese 4jahre noch absitzen und den befällt sie der Alzheimer..... Und wenn doch nicht dann auch egal...wir sind trotzdem in Schwierigkeiten,MultiParaDetox,de
de,Schon ein Wahnsinn....obwohl nichtmal 1/3 der Bevölkerung sie gewählt hat darf sie trotzdem weiter regieren.. Ist zum kotzen!,Schon ein Wahnsinn....obwohl nichtmal 1/3 der Bevölkerung sie gewählt hat darf sie trotzdem weiter regieren..,MultiParaDetox,de
de,"Über 87% der Deutschen Wähler die eine Altpartei wählten, sind für mich strohdumm!!!","Über 87% der Deutschen Wähler die eine Altpartei wählten, sind für mich ungebildet!!!",MultiParaDetox,de
de,Templer werden heute als Religiöse Spinner verurteilt. Das Gegenteil ist der Fall. Die Kirche hat uns missbraucht. Ein König verraten.,Templer werden heute als übermäßig Religiöse verurteilt. Das Gegenteil ist der Fall. Die Kirche hat uns missbraucht. Ein König verraten.,MultiParaDetox,de
de,..du Suffschädel.....wir tolerieren bereits weitaus schlimmeres... !!,.....wir tolerieren bereits weitaus schlimmeres... !!,MultiParaDetox,de
de,weil es Ihre Meinung ist - 😂😂wie Blöd muss man sein 🙈🙈🙈,weil es Ihre Meinung ist - 😂😂,MultiParaDetox,de
de,Ich will nicht das es Kriminellen Flüchtlingen Deserteuren und Feiglingen hier besser geht..erst recht nicht dem Afrika-Pack. Und weder bin ich Rassist noch ein Nazi noch xenophob....!,Ich will nicht das es Kriminellen Flüchtlingen und Deserteuren hier besser geht..erst recht nicht Menschen aus Afrika. Und weder bin ich Rassist noch ein Nazi noch xenophob....!,MultiParaDetox,de
de,"Wenn die Hälfte der Moslime den Handschlag verweigert, hilft nur. ein Tritt in den Arsch, der sie zurückschickt nach Afrika.","Wenn die Hälfte der Moslime den Handschlag verweigert, hilft nur. jemand, der sie zurückschickt nach Afrika.",MultiParaDetox,de
de,Ursprünglich (gestern) ging es um FEMA-Camps - wir sind keinen Schritt weiter. Da platzt einem der Arsch - sorry.,Ursprünglich (gestern) ging es um FEMA-Camps - wir sind keinen Schritt weiter. Das ist so frustrierend.,MultiParaDetox,de
de,"Endlich, Trump streicht dem CIA die Gelder, die seit 1945 für weltweite Kriege sorgten - logisch, dass Merkel und Flintenuschi jaulen 💩","Endlich, Trump streicht dem CIA die Gelder, die seit 1945 für weltweite Kriege sorgten - logisch, dass Merkel und Von der Leyen jaulen",MultiParaDetox,de
de,Die Pisser wollten schon immer unsere Länderein um jeden Preis und jetzt haben sie die Bruder .....,Die wollten schon immer unsere Länderein um jeden Preis und jetzt haben sie die Bruder .....,MultiParaDetox,de
de,.@USER_0 Ich warte auf dem Moment das diese dummdeutschen das begreifen und diese Volksverräterin zur Verantwortung zieht!!!,.@USER_0 Ich warte auf dem Moment das diese Deutschen das begreifen und diese Frau zur Verantwortung zieht!!!,MultiParaDetox,de
de,"Schreibt besser mal über die Asylanten Verbrechen ,dass wird bei euch totgeschwiegen!","Schreibt besser mal über die Asylbewerber Verbrechen ,dass wird bei euch totgeschwiegen!",MultiParaDetox,de
de,Also diesem Schweinepriester Lauterbach glaube ich keinen Cent....aber seiner Exfrau darf man getrost zuhören...seine Vita entspricht dem SPD-Standard...😃😃😃,Also diesem Lauterbach glaube ich keinen Cent....aber seiner Exfrau darf man getrost zuhören...seine Vita entspricht dem SPD-Standard...😃😃😃,MultiParaDetox,de
de,Wen Interessiert schon was der kleine Wicht ruft. Jerusalem ist die Hauptstadt Israels. Basta.,Wen Interessiert schon was er ruft. Jerusalem ist die Hauptstadt Israels. Basta.,MultiParaDetox,de
de,wir brauchen das scheiß #Europa nicht ich bin #Deutscher und kein Europäer #btw2017,wir brauchen das #Europa nicht ich bin #Deutscher und kein Europäer #btw2017,MultiParaDetox,de
de,Na klar kriegt der Lob von allen Seiten...ist ja ein Merkel-Blindenhund.. Wollt ihr tatsächliche Opfer sehen dann geht auf Friedhöfe oder sprecht mit den Angehörigen..!,Na klar kriegt der Lob von allen Seiten...ist ja ein Merkel-Anhänger.. Wollt ihr tatsächliche Opfer sehen dann geht auf Friedhöfe oder sprecht mit den Angehörigen..!,MultiParaDetox,de
de,Auch ein Merkel Vasall der das sagen muss was diese Volksverräterin vorgibt!!! Lügenpresse!!!,Auch ein Merkel Anhänger der das sagen muss was diese Frau vorgibt!!! unehrliche Presse!!!,MultiParaDetox,de
de,Dass wir diese ganzen IS-Kämpfer haben ist ausschließlich die. Schuld der Amerikaner. Scheinheiliges Volk.,Dass wir so viele IS-Kämpfer haben ist vor allem die. Schuld der Amerikaner.,MultiParaDetox,de
de,"n-tv: ""Murksel ein Profi im Umgang mit schwierigen Partnern"" 😂😂😂 Ein Profi, wie eine Mecklenburger Kuh die Rückenschwimmen lernt, meine ich😜","n-tv: ""Merkel ein Profi im Umgang mit schwierigen Partnern"" 😂😂😂 Ein Profi, wie eine Mecklenburger Kuh die Rückenschwimmen lernt, meine ich😜",MultiParaDetox,de
de,"Gibt es überhaupt so viele Dreckslöcher in Deutschland, wenn die LINKEN sich bald verdrücken müßen ??","Gibt es überhaupt so viele Rückzugsorte in Deutschland, wenn die LINKEN sich bald verdrücken müßen ??",MultiParaDetox,de
de,scheiß asiaten kommen nach europa klauen uns das gefühl reich zu sein,asiaten kommen nach europa klauen uns das gefühl reich zu sein,MultiParaDetox,de
de,"von einem Turkmenen sexuell missbraucht, x-mal minderjährige Mädchen von #rapefugees sexuell belästigt. #Kiel 2016! #islam #sophienhof [2/2]","von einem Turkmenen sexuell missbraucht, x-mal minderjährige Mädchen von Geflüchteten sexuell belästigt. #Kiel 2016! #islam #sophienhof [2/2]",MultiParaDetox,de
de,"Klar doch alles rechte böse Nazis. Was wissen die heute von damals? Fragt eure Omas, Mütter. Nicht was Hetzmedien verbreiten.","Klar doch alles rechte böse Nazis. Was wissen die heute von damals? Fragt eure Omas, Mütter. Nicht was Medien verbreiten.",MultiParaDetox,de
de,"Es gibt auch Rentner die darauf angewiesen sind ,die den Cent 2-3mal umdrehen müssen bevor er ausgegeben wird ,anders ist es mit den Asylanten,die haben freie Fahrt!","Es gibt auch Rentner die darauf angewiesen sind ,die den Cent 2-3mal umdrehen müssen bevor er ausgegeben wird ,anders ist es mit den Asylbewerber,die haben freie Fahrt!",MultiParaDetox,de
de,"Träume und Wünsche...leider. Jamaika-Scheisse wird durchgesetzt....dafür sorgen schon die Lauch-Scheisser. Die bleiben klebend sitzend...der Troll Joschka hat’s Ihnen vorgemacht, die Warze Roth hat’s perfektioniert ..!","Träume und Wünsche...leider. Jamaika-Koalition wird durchgesetzt....dafür sorgen schon die Unterstützer|LBR| Die bleiben sitzen...der Joschka hat’s Ihnen vorgemacht, die Roth hat’s perfektioniert ..!",MultiParaDetox,de
de,Die wievielte Generation Türken scheint hier auf der Straße zu sein ca.die 4te das Wespen Nest,Die wievielte Generation Türken scheint hier auf der Straße zu sein ca.die 4te,MultiParaDetox,de
de,"Helmut Schmidt hatte allein mehr Verstand, als die gesamte Berliner Muschpoke zusammen 😜","Helmut Schmidt hatte allein mehr Verstand, als die gesamte Berliner Bevölkerung zusammen 😜",MultiParaDetox,de
de,Das sind die Taugenichtse...die ewig Studierenden....da geht nichts brauchbares hervor.,Das sind die Unproduktiven...die ewig Studierenden....da geht nichts brauchbares hervor.,MultiParaDetox,de
de,"So sollten sich alle Politiker äußern und nicht dieses verlogene Emotionsgeschwafel, was die Lügenbrut gerne abläßt !","So sollten sich alle Politiker äußern und nicht dieses verlogene Emotionsgerede, was die Politiker gerne ablassen !",MultiParaDetox,de
de,Wie dämlich sind Sie eigentlich? Sie sollten ihre Allgemeinbildung vervollständigen und Objektivität walten lassen. 🤢,Wie uninformiert sind Sie eigentlich? Sie sollten ihre Allgemeinbildung vervollständigen und Objektivität walten lassen. 🤢,MultiParaDetox,de
de,"In solchen Situationen zeigt sich echtes Herz (Empathie)  und Charakter (Hilfe, die nicht in der Zeitung steht) im Gegensatz zu heuchlerischem Gutmenschentum","In solchen Situationen zeigt sich echtes Herz (Empathie) und Charakter (Hilfe, die nicht in der Zeitung steht) im Gegensatz zu inszeniertem Gutmenschentum",MultiParaDetox,de
de,"Ich wünsche mir für sie, dass eine Großfamilie aus ""Syrien""  einzieht. Leider wäre solch eine kleine,  schlecht ausgestattete Wohnung für die neuen Herrenmenschen keine artgerechte Haltung....","Ich wünsche mir für sie, dass eine Großfamilie aus ""Syrien"" einzieht. Leider wäre solch eine kleine, schlecht ausgestattete Wohnung für die neuen Herrenmenschen nicht geeignet...",MultiParaDetox,de
de,"Mensch, Kauder müsste sich doch bepissen vor lachen, wenn er über diese Lüge nachdenkt 😂😂😂","Mensch, Kauder müsste sich doch kaum halten können vor lachen, wenn er über diese Lüge nachdenkt 😂😂😂",MultiParaDetox,de
de,Niki #Lauda ist in meinen Augen so blöd dass er stinkt er meint er braucht sich an keine Regeln zu halten #Mercedes #Formel1,Niki #Lauda denkt in meinen Augen er braucht sich an keine Regeln zu halten #Mercedes #Formel1,MultiParaDetox,de
de,"Für mich ist der morgige Tag ein Tag der ""Größten Deutschen Schweinerei"" seit 1945, eine riesen Mogelpackung bekloppter Politiker🤢","Für mich ist der morgige Tag ein Tag der ""Größten Deutschen Schweinerei"" seit 1945, eine riesen Mogelpackung Politiker",MultiParaDetox,de
de,Deutschland das Land der drei Geschlechter der Duckmäuser und ja Sager der Toleranz Fanatiker. Das Land der Verblödung.,Deutschland das Land der drei Geschlechter der Angepassten und ja Sager der Toleranz Fanatiker.,MultiParaDetox,de
de,"Ich bemerke in unseren Medien eine Strategie, die FDP gleich der AfD, zum Abschuss freizugeben.","Ich bemerke in unseren Medien eine Strategie, die FDP gleich der AfD, zu kritisieren.",MultiParaDetox,de
de,"Die linksgrün-versiffte Mischpoke in Berlin wird sich noch wundern, wenn die #Rapefugees im Sommer so richtig abgehen. Deustche Mädels,..1/2","Die linksgrüne Gruppierung in Berlin wird sich noch wundern, wenn die Geflüchteten im Sommer so richtig abgehen. Deustche Mädels,..1/2",MultiParaDetox,de
de,"Bei #Halbneger meldet sich Till #Schweiger grosskotzig zu Wort, bei Mord an #Mila Valentin hört man nichts von diesen Heuchler.","Bei bestimmten Themen meldet sich Till #Schweiger laut zu Wort, bei Mord an #Mila Valentin hört man nichts von ihm.",MultiParaDetox,de
de,Der IS eroberte in 100ten Städten auch die Ämter mit Mio Pässen u. verblödete Beamte wundern sich über Zig Identitäten von Krimigranten 😂😂😂,Der IS eroberte in 100ten Städten auch die Ämter mit Mio Pässen u. Beamte wundern sich über Zig Identitäten von Immigranten 😂😂😂,MultiParaDetox,de
de,"@USER_0: @USER_1 @USER_2 Tauber, ich würde sagen, die tatsächlichen Arschlöcher sitzen in der Regierung. SO IST ES!","@USER_0: @USER_1 @USER_2 Tauber, ich würde sagen, die tatsächlich Schlimmen sitzen in der Regierung. SO IST ES!",MultiParaDetox,de
de,"WANN ENTSORGT DEUTSCHLAND ENDLICH SEINE VOLKSMÖRDER ??A.Merkel,H.Maas,K.Göring E.,Paket Grüne,D. Nuhr,C. Ehring,M. Schulz als bevorz.Beisp.!","WANN WIRD DEUTSCHLAND ENDLICH SEINE VOLKSMÖRDER LOS ??A.Merkel,H.Maas,K.Göring E.,Paket Grüne,D. Nuhr,C. Ehring,M. Schulz als bevorz.Beisp.!",MultiParaDetox,de
de,Total bekloppt. Weibliche Opfer sind die Einzigen die ernst genommen werden.,Total verrückt. Weibliche Opfer sind die Einzigen die ernst genommen werden.,MultiParaDetox,de
de,"Schon der Vater,der als protestantischer Pfaffe freiwillig in die DDR ging,um den Bolschewismus zu huldigen.Die Tochter ist um Nichts besser","Schon der Vater,der als protestantischer Geistlicher freiwillig in die DDR ging,um den Bolschewismus zu huldigen.Die Tochter ist um Nichts besser",MultiParaDetox,de
de,"Merkel schaffte es, sich bis an die Seite der FDJ-Führung der DDR zu schleimen, um diese später zu verraten. Heute macht sie es auch so 😜","Merkel schaffte es, sich bis an die Seite der FDJ-Führung der DDR zu schmeicheln, um sich später abzuwenden. Heute macht sie es auch so 😜",MultiParaDetox,de
de,Jeder der in der Right Trash liste von irgendso nehm linken Hurensohn ist ist ein Ehrenmann,Jeder der in der Right Trash liste von irgendso nehm Linken ist ist ein Ehrenmann,MultiParaDetox,de
de,Merkel und Konsorten haben durch die SED gut gelernt. Der Abschaum ist und bleibt oben.,Merkel und Konsorten haben durch die SED gut gelernt. Sie sind und bleibt oben.,MultiParaDetox,de
de,Ich lass mir mein Land nicht von einer Horde Nafris und Antifaschisten nehmen deswegen bin ich #AFD wähler,Ich lass mir mein Land nicht von Norfafrikanern und Antifaschisten nehmen deswegen bin ich #AFD wähler,MultiParaDetox,de
de,"Wie im alten Rom, Brot und Spiele hält das Volk Dumm!!!","Wie im alten Rom, Brot und Spiele hält das Volk ruhig!!!",MultiParaDetox,de
de,"Tusk wird in Polen als derjenige wahrgenommen, der Merkel in den Ar*** kriecht, war sich seiner ""Sache"" sicher u. verlor d. Wahl","Tusk wird in Polen als derjenige wahrgenommen, der Merkel gefallen will, war sich seiner ""Sache"" sicher u. verlor d. Wahl",MultiParaDetox,de
de,Ist mir scheissegal was der blöden Puppe angezogen wurde....Hauptsache Kent trägt eine Reichsuniform...!!,Ist mir egal was der Puppe angezogen wurde....Hauptsache Kent trägt eine Reichsuniform...!!,MultiParaDetox,de
de,Würde das jemand recherchieren...dann käme bestimmt raus das der Flüchtling-Spako nicht einsitzt...!,Würde das jemand recherchieren...dann käme bestimmt raus das der Flüchtling nicht einsitzt...!,MultiParaDetox,de
de,Wer die Grünen wählt ist entweder dumm oder ein Hurensohn,Wer die Grünen wählt ist entweder uninformiert oder naiv,MultiParaDetox,de
de,"Schickt unsere Verdeidigungsministerin als Stangengirl zur Truppenbetreuung an die Front ,aber selbst dort wird sie Versagen.Eine Verteidigungsministerin ist Ein Hohn an die Truppe.Rommel wache auf!","Schickt unsere Verdeidigungsministerin zur Truppenbetreuung an die Front ,aber selbst dort wird sie Versagen.Eine Verteidigungsministerin ist Ein Hohn an die Truppe.Rommel wache auf!",MultiParaDetox,de
de,Das ganze Postengeschacher ist Schmarotzertum !!! Das ganze Pack gehört weg gejagt !!!,Das ganze Postengeschacher ist Ausnutzung !!! Die ganze Gruppe gehört weg !!!,MultiParaDetox,de
de,"Für dumm verkaufte und befundene DORFDEPPEN die auch glauben das Heiko Maas ein Demokrat ist !! Land halt,da dauerts!","Für dumm verkaufte und befundene DORFBEWOHNER die auch glauben das Heiko Maas ein Demokrat ist !! Land halt,da dauerts!",MultiParaDetox,de
de,"Heuchler! Wer hat denn Hartz-IV mit der SPD damals mitgegründet? ...und wie lange haben diese ""Grünen"" Hartz-IV geduldet, obwohl in vieler Hinsicht dieses System unmenschlich ist! So ein Heuchler!","Wer hat denn Hartz-IV mit der SPD damals mitgegründet? ...und wie lange haben diese ""Grünen"" Hartz-IV geduldet, obwohl in vieler Hinsicht dieses System unmenschlich ist!",MultiParaDetox,de
de,Ich würde Grüne mit einem Geschwür am Arsch der Welt bezeichnen. Ist aber meine persönliche Meinung. Ein Geschwür kann einen Körper zerstören oder ein ganzes Land.,Ich würde Grüne mit einem Geschwür der Welt bezeichnen. Ist aber meine persönliche Meinung. Ein Geschwür kann einen Körper zerstören oder ein ganzes Land.,MultiParaDetox,de
de,Der DE Schweinejournalimus hat wieder Hochkonjunktur wie gehabt Hetze gegen Trump u dazu diskriminieren der größten DE Oppositionpartei AFD,Der DE Jorunalismus hat wieder Hochkonjunktur wie gehabt Stimmung machen gegen Trump u dazu diskriminieren der größten DE Oppositionpartei AFD,MultiParaDetox,de
de,Hier sind schon ein paar richtig dumme Menschen unterwegs..... Gegen wenn oder was habt ihr eigentlich vor der AfD gehetzt und gestänkert?. Ich pubertierende Pickelplantagen...,Hier sind schon ein paar richtig naive Menschen unterwegs..... Gegen wenn oder was habt ihr eigentlich vor der AfD gehetzt und gestänkert?.,MultiParaDetox,de
de,"Kinderfickende, schächtende #rapefugees! Wer Kinder-, Frauen-, oder Tierrechte verteidigt, darf nicht #gruene #spd oder #cdu wählen! #ltwbw","Wer Kinder-, Frauen-, oder Tierrechte verteidigt, darf nicht #gruene #spd oder #cdu wählen! #ltwbw",MultiParaDetox,de
de,"Martin Schulz ist nichts, kann nichts und taugt nichts.Ein totaler. Versager, schon in der Schulzeit. Und trockener Alkoholiker.","Martin Schulz kann nichts und taugt nichts.Ein totaler. Versager, schon in der Schulzeit. Und trockener Alkoholiker.",MultiParaDetox,de
de,"Das hättet ihr schon letzte Woche veröffentlichen müssen , aber auf Druck der Internet-Medien seht ihr euch gezwungen heute zu veröffentlichen!Erbärmliche Unterschlagungs-Presse!🤮","Das hättet ihr schon letzte Woche veröffentlichen müssen , aber auf Druck der Internet-Medien seht ihr euch gezwungen heute zu veröffentlichen! Das kommt mir vor wie Unterschlagung!",MultiParaDetox,de
de,"Ich brauche einen Blog, glaube ich, 140 Zeichen sind zu wenig. Get rid of #Islam #Muslims #rapefugees","Ich brauche einen Blog, glaube ich, 140 Zeichen sind zu wenig. Weg mit #Islam #Muslims",MultiParaDetox,de
de,"#illner Leute, die Parteien wählen, die sie zu ""schon länger hier Lebenden"" herabwürdigen, sind schlicht #verblödet od. #geisteskrank","#illner Leute, die Parteien wählen, die sie zu ""schon länger hier Lebenden"" herabwürdigen, sind schlicht #naiv",MultiParaDetox,de
de,Younower zu werden ist der finale schritt um ein Hurensohn zu werden,Younower zu werden ist der finale schritt um unsympathisch zu werden,MultiParaDetox,de
de,An alle Pferde Hunde Katzen Kühe usw....ihr seid voll im Arsch...!,An alle Pferde Hunde Katzen Kühe usw....ihr seid voll in der Klemme...!,MultiParaDetox,de
de,"Ein krimineller, perverser Dummkopf, der bald endlich schlechte deutsche Geschichte ist!","Ein krimineller Mann, der bald endlich schlechte deutsche Geschichte ist!",MultiParaDetox,de
de,#FakeNews: Jetzt die übliche #Hetze der #MSM-Journaille gegen die #FPÖ in der #ZIB2 #orfsg17,#FakeNews: Jetzt die üblichen kritischen Berichte der #MSM-Journaille gegen die #FPÖ in der #ZIB2 #orfsg17,MultiParaDetox,de
de,Das ist ein Spinner der Türken hasst,Das ist eine Person die Türken nicht mag,MultiParaDetox,de
de,Ich scheisse auf die GroKo !!!,Mir ist die GroKo egal !!!,MultiParaDetox,de
de,Leute regt euch nicht auf....negative Berichte haben eine positive Wirkung....AfD bleibt und wird stärker. Wie sagte die komische Kuh von den Grünen...und ich freu mich darauf....😂😂,Leute regt euch nicht auf....negative Berichte haben eine positive Wirkung....AfD bleibt und wird stärker. Wie sagte die eine Frau von den Grünen...und ich freu mich darauf....😂😂,MultiParaDetox,de
de,Der Steinmaier redet nur Scheisse !!!! Gerade auf NTv,Der Steinmaier redet nur Unsinn !!!! Gerade auf NTv,MultiParaDetox,de
de,Hast ja Recht. Erdogan und Merkel gehen mir beide mit ihrer Selbstherrlichkeit am Arsch vorbei. Egomanen sind beide,Hast ja Recht. Erdogan und Merkel mit ihrer Selbstherrlichkeit sind mir beide egal. Egozentrisch sind beide,MultiParaDetox,de
de,wenn der #Bundespräsident mit seinem dummen Geschwätz auf die #SPD zielt sollte er bedenken dass 80% der deutschen die SPD nicht wollen,wenn der #Bundespräsident mit seinen Aussagen auf die #SPD zielt sollte er bedenken dass 80% der deutschen die SPD nicht wollen,MultiParaDetox,de
de,"finde ich gut würde ich auch, aber nicht wenn man mich nötigen will. Freiwillig ok ,aber ich brauche keine Sesselfurzer die über meine Organe bestimmen","finde ich gut würde ich auch, aber nicht wenn man mich nötigen will. Freiwillig ok ,aber ich brauche keine Personen die über meine Organe bestimmen",MultiParaDetox,de
de,"Scheiß Emanzipation . Ich will reine ,sittliche deutsche Mütter, wie einst vor den 68ern.","Ich mag die Emanzipation nicht . Ich will reine ,sittliche deutsche Mütter, wie einst vor den 68ern.",MultiParaDetox,de
de,"Das ist eine Moslem-Schlampe , die es hoffentlich noch bereuen wird .Ich habe kein Mitleid nur Schadenfreude!","Das ist eine Muslima, die es hoffentlich noch bereuen wird .Ich habe kein Mitleid nur Schadenfreude!",MultiParaDetox,de
de,#Diesel-#Fahrverbote: Wie vorhergesagt nimmt ihnen das #Globalisten-#Dreckspack jetzt leistbare #Mobilität &amp; zerstört dt. Schlüsselindustrie,#Diesel-#Fahrverbote: Wie vorhergesagt nimmt ihnen das #Globalisten-Gruppe jetzt leistbare #Mobilität & zerstört dt. Schlüsselindustrie,MultiParaDetox,de
de,"Kann bleiben wo sie ist, dumme Nuss🖕",Kann bleiben wo sie ist,MultiParaDetox,de
de,"Weil der LINKE SCHEIß das alles darf,hetzen,denunzieren,verleumden,kahanen,lügen,betrügen,Menschen attackieren und bald auch schießen.☠️😡☠️","Weil die LINKE das alles darf,aufbringen,melden,verleumden,lügen,betrügen,Menschen attackieren und bald auch schießen.☠️😡☠️",MultiParaDetox,de
de,Die 42. Volksverarsche fürs dumm Wahl-„Volk“,Die 42. Irreführung fürs Wahl-„Volk“,MultiParaDetox,de
de,"@USER_13 @USER_15 @USER_9 @USER_3 @USER_4 @USER_7 @USER_1 @USER_14 @USER_6 @USER_12 @USER_5 @USER_10 @USER_11 Ne, das gibts nicht, ist der Vollpfosten immer noch da???","@USER_13 @USER_15 @USER_9 @USER_3 @USER_4 @USER_7 @USER_1 @USER_14 @USER_6 @USER_12 @USER_5 @USER_10 @USER_11 Ne, das gibts nicht, ist der Typ immer noch da???",MultiParaDetox,de
de,In dem Schwarz Grün regierden Hessen werden jetzt 8 zusätzliche Psychologen nur für die Jugendlichen Invasoren eingestellt. Jetzt AFD wählen,In dem Schwarz Grün regierden Hessen werden jetzt 8 zusätzliche Psychologen nur für die Jugendlichen Einwanderer eingestellt. Jetzt AFD wählen,MultiParaDetox,de
de,MEIN GOTT ! WAS HAT DIE SED-TRULLA MIT HILFE VON LINKEN U-BOOTEN AUS DEUTSCHLAND GEMACHT !?!? DAS DAS DAS DURFTE !!,MEIN GOTT ! WAS HAT DIE SED-FRAU MIT HILFE VON LINKEN U-BOOTEN AUS DEUTSCHLAND GEMACHT !?!? DAS DAS DAS DURFTE !!,MultiParaDetox,de
de,Kurz lasst dich nicht von der Trulla aufs Glatteis führen!,Kurz lasst dich nicht von der Frau aufs Glatteis führen!,MultiParaDetox,de
de,stimmt aber hat mit meinem Kommentar nichts zu tun sie zurückgebliebene,stimmt aber hat mit meinem Kommentar nichts zu tun,MultiParaDetox,de
de,Asylantenflut bringt eben nur negatives für Deutschland. Drum Asylanenstop und Rückführung der Mehrzahl.,Asylbewerberflut bringt eben nur negatives für Deutschland. Drum Asylbewerberstop und Rückführung der Mehrzahl.,MultiParaDetox,de
de,Kotz deine Propaganda wo anders aus. Hier bist du falsch.,Werde deine Propaganda wo anders los. Hier bist du falsch.,MultiParaDetox,de
de,ekelhaft Claudia Roth wieder im Fernsehen sehen zu müssen #Bundestag,Ich finde es schlimm Claudia Roth wieder im Fernsehen sehen zu müssen #Bundestag,MultiParaDetox,de
de,"Sehe mir den Film an da ich ein dickes Fell habe. Aber eines ist Fakt. Wäre der Deutsche Islamisten, mein Kind würde ich ihn eigenhändig erschlagen.","Sehe mir den Film an da ich ein dickes Fell habe. Aber eines ist Fakt. Wäre der Deutsche Islamisten, mein Kind würde ich mich eigenhändig darum kümmern.",MultiParaDetox,de
de,"Wegen Pussys wie dir, gibt es in 🇩🇪keinen ernstzunehmenden Widerstand.","Wegen Menschen wie dir, gibt es in 🇩🇪keinen ernstzunehmenden Widerstand.",MultiParaDetox,de
de,"Merkel: ""Die Bürger haben keine Lust auf Zuständigkeitsdebatten"" ??? Eben ein verlogenes Miststück mit ausreichender Denunziantenerfahrung😜","Merkel: ""Die Bürger haben keine Lust auf Zuständigkeitsdebatten"" ??? Eben eine Politikerin mit ausreichender rethorischer Erfahrung 😜",MultiParaDetox,de
de,Der dumme Deutsche hat gewählt er läuft freiwillig zur Schlachtbank.. Armes dummes Deutschland.,Der Deutsche hat gewählt er läuft freiwillig zur Schlachtbank.. Armes Deutschland.,MultiParaDetox,de
de,Das meiste geht eh wieder für die Asylanten drauf 🤮,Das meiste geht eh wieder für die Asylbewerber drauf,MultiParaDetox,de
de,wie kann man nur derart strunzdumme Moderatoren wie bei #taff auf #ProSieben beschäftigen,wie kann man nur solche Moderatoren wie bei #taff auf #ProSieben beschäftigen,MultiParaDetox,de
de,und was hat der Gabriel damals Versprochen ? Verlogen ist das Pack.Nie wieder SPD,und was hat der Gabriel damals Versprochen ? Verlogen sind sie.Nie wieder SPD,MultiParaDetox,de
de,Du bist einfach nur noch lächerlich . #Bundestag,Du bist einfach nur noch fragwürdig . #Bundestag,MultiParaDetox,de
de,Von Gauland wurde verlangt das er sich wegen ˋentsorgen‘ entschuldigen sollte.... Würde das von der Kröte auch verlangt..?,Von Gauland wurde verlangt das er sich wegen ˋentsorgen‘ entschuldigen sollte.... Würde das von der Person auch verlangt..?,MultiParaDetox,de
de,Der Hank geht mir dermaßen auf die Eier.,Der Hank geht mir dermaßen auf die Nerven.,MultiParaDetox,de
de,Die meisten Deutschen misstrauen Merkel!. Warum schreibt dieses Vasallenpack der deutschen Lügenpresse nicht mal darüber!!!!,Die meisten Deutschen misstrauen Merkel!. Warum schreibt die Presse nicht mal darüber!!!!,MultiParaDetox,de
de,"gibts diese Woche einen Wettbewerb zwischen #maischberger und #lanz, wer die Gast*in mit der hässlichten Fresse hat?","gibts diese Woche einen Wettbewerb zwischen #maischberger und #lanz, wer die Gast*in mit dem auffälligsten Gesichthat?",MultiParaDetox,de
de,Hier haben einige Politiker richtige abgesahnt..... Und der Oberguru Maschmayer macht jetzt einen auf Fernsehstar...und produziert seiner alten b-Movies. 😃😃,Hier haben einige Politiker richtige abgesahnt..... Und der Maschmayer macht jetzt einen auf Fernsehstar...und produziert seiner alten b-Movies. 😃😃,MultiParaDetox,de
de,"Nein, MAN USS regulieren, weil dieMieten sonst in dieHöhe steigen. Bauen bedeutet nicht, dass die Mieten sinken. Da werden wir massiv verarscht.","Nein, MAN USS regulieren, weil dieMieten sonst in dieHöhe steigen. Bauen bedeutet nicht, dass die Mieten sinken. Da werden wir hinters Licht geführt.",MultiParaDetox,de
de,Wie gehabt bei Illner Grüner + zwei Journalisten ein CDU u die Rot Grün versiffte Gesine Schwan ZDF versucht Grüne hochzupuschen. AFD wählen,Wie gehabt bei Illner Grüner + zwei Journalisten ein CDU u die Rot Grüne Gesine Schwan ZDF versucht Grüne hochzupuschen. AFD wählen,MultiParaDetox,de
de,Was ist den das fette etwas da ..?,Was ist den das da ..?,MultiParaDetox,de
de,11jahre für das Schwein ist schon ok...alles besser als Bewährung...,11jahre für den Mann ist schon ok...alles besser als Bewährung...,MultiParaDetox,de
de,Koalitionsverhandlungen um Merkel sind für mich ein widerliches Schauspiel von Schwachmaten > ein Gerangel um Posten für BILDdungsbürger 🤢,Koalitionsverhandlungen um Merkel sind für mich ein Schauspiel > ein Gerangel um Posten für BILDdungsbürger 🤢,MultiParaDetox,de
de,Was für eine hohle Type....😂😂,Was für ein Type....😂😂,MultiParaDetox,de
de,Bei diesen Kölner Staatsoberhäupter sind die Kölner verloren...oder verständlicher:...voll im Arsch..!!,Bei diesen Kölner Staatsoberhäupter sind die Kölner verloren...!!,MultiParaDetox,de
de,"Da wird mal wieder stark Übertrieben, es werden paar hundert wenn es hoch kommt teilnehmen!. Natürlich wird die Lügenpresse was anderes sagen","Da wird mal wieder stark Übertrieben, es werden paar hundert wenn es hoch kommt teilnehmen!. Natürlich wird die Presse was anderes sagen",MultiParaDetox,de
de,"Was für Bullshit. Wenn er mit Wissen und Unterstützung von Merkel gehandelt hat, dann ist das ein Skandal der gesamten Bundesregierung!","Was für Unsinn. Wenn er mit Wissen und Unterstützung von Merkel gehandelt hat, dann ist das ein Skandal der gesamten Bundesregierung!",MultiParaDetox,de
de,"Auf zdf info die übliche Trump-Hetze, fehlt heute nur noch die Hetze gegen die DDR u. Russland > Dr. Goebbels lässt wieder grüßen 😜","Auf zdf info die übliche Trump-Kritik, fehlt heute nur noch die Propaganda gegen die DDR u. Russland > Dr. Goebbels lässt wieder grüßen 😜",MultiParaDetox,de
de,"Gabriel, was bist Du für ein scheinheiliger Außerrandundband-Minister.. Verkaufst Deine Demokratie an das Sultanat. Raus mit Dir.","Gabriel, was bist Du für ein unaufrichtiger Außerrandundband-Minister.. Verkaufst Deine Demokratie an das Sultanat.",MultiParaDetox,de
de,"Sag mal glaubt ihr allen Ernstes die Kacke dieser sogenannten Umfragen, mal ehrlich??","Sag mal glaubt ihr allen Ernstes diesen Quatsch dieser sogenannten Umfragen, mal ehrlich??",MultiParaDetox,de
de,...ihre Statements entsprechen ihrem Aussehen...häßlich..!!,...ihre Statements entsprechen ihrem Aussehen..!!,MultiParaDetox,de
de,"Die Massen von dummen Kommentarem und deutschfeindlichen Äusserungen dieser Grünen Person sind keine Meinungen, sondern trauriges Gelaber!!","Die Massen von Kommentarem und deutschfeindlichen Äusserungen dieser Grünen Person sind keine Meinungen, sondern trauriges Gerede!!!!",MultiParaDetox,de
de,Hatte Yücel am Ende doch recht..?...ich bleibe bei meiner Aussage: 80% der deutsche sind verblödete Schwachsinnige... Ihnen ist 🇩🇪egal...!!,Hatte Yücel am Ende doch recht..?...ich bleibe bei meiner Aussage: 80% der deutsche sind ungebildete Leute... Ihnen ist 🇩🇪egal...!!,MultiParaDetox,de
de,"Das Fette Schwein @USER_0 Gabriel Redet wieder auf ,alles vor der Wahl 2017 😂😂😂😂😂","@USER_0 Gabriel Redet wieder auf ,alles vor der Wahl 2017 😂😂😂😂😂",MultiParaDetox,de
de,#Straeter ist einfach nur noch Strunz langweilig,#Straeter ist einfach nur noch langweilig,MultiParaDetox,de
de,"Ich habe bis heute nicht verstanden, was an Dunkelhäutigen in schwarzen Burkas mit dunkler “Kultur“ BUNT sein soll... #Islamisierung","#maischberger Fratscher für Migranten als InvestitioIch habe bis heute nicht verstanden, was an Schwarzen in schwarzen Burkas mit dunkler “Kultur“ BUNT sein soll... #Islamisierung",MultiParaDetox,de
de,So ein Bullshit..... Du denkst es geht nicht dümmer?....dann kennst die SPDler nicht...😂😂,So ein Quatsch..... Du denkst es geht nicht schlimmer?....dann kennst die SPDler nicht...😂😂,MultiParaDetox,de
de,Unsere Politiker sind zu blöd einen Terroristen auszuweisen weil er keinen Pass hat!!!,Unsere Politiker sind nicht schlau genug einen Terroristen auszuweisen weil er keinen Pass hat!!!,MultiParaDetox,de
de,Weit und breit kein Neger.,Weit und breit kein Schwarzer.,MultiParaDetox,de
de,"@USER_0de @USER_0 In der Türkei, das Maul nicht riskieren und hier frech werden! Typisch Türke!","@USER_0de @USER_0 In der Türkei, nichts riskieren und hier frech werden! Typisch!",MultiParaDetox,de
de,"Hinweis: Wer wegen Nadalnys angeblicher Vergiftung nun Nordstream Gas ablehnt ,muss wegen dem tatsächlich getöteten Kashoggi auf das Saudi Öl verzichten Ihr Heuchler. #staatsTV","Hinweis: Wer wegen Nadalnys angeblicher Vergiftung nun Nordstream Gas ablehnt ,muss wegen dem tatsächlich getöteten Kashoggi auf das Saudi Öl verzichten. #staatsTV",MultiParaDetox,de
de,"Donald Trump ist ein Großmaul, das die Fakten zu den verkauften Autos. in D und USA nicht kennt. Er möge sein Maul halten.","Donald Trump ist eine Person, der die Fakten zu den verkauften Autos. in D und USA nicht kennt. Er möge leise sein.",MultiParaDetox,de
de,Die hat doch den Arsch offen.,Die ist doch verwirrt.,MultiParaDetox,de
de,Bei einer psycho Sekte von freiwillig zu sprechen ist mutig.,Bei einer Sekte von freiwillig zu sprechen ist mutig.,MultiParaDetox,de
de,Hey Charr...du bist kein guter Boxer...im Ami-Land haut dich jeder Sparingspartner wech du Pfeife...!. @USER_1,Hey Charr...du bist kein guter Boxer...in Amerika haut dich jeder Sparingspartner weg...!. @USER_1,MultiParaDetox,de
de,"Sehe ich Kathrin Göring Eckart, Merkel, Gysi, Petry, Wagenknecht und all die anderen Wendehälse die uns heute regieren. Frage ich mich. War der Fall der Mauer ein Fehler.","Sehe ich Kathrin Göring Eckart, Merkel, Gysi, Petry, Wagenknecht und all die anderen wechselnhaften  Politiker die uns heute regieren. Frage ich mich. War der Fall der Mauer ein Fehler.",MultiParaDetox,de
de,"Die liebt Wahlkampf, andere lieben ihre Familien. Zum kotzen, was die SPD alles tut, um an der Macht zu kleben.","Die liebt Wahlkampf, andere lieben ihre Familien. Erstaunlich, was die SPD alles tut, um an der Macht zu bleiben.",MultiParaDetox,de
de,#Bayern sollte eine Unabhängigkeitswahl wie die Katalonen machen.. Wir brauchen keine sexy linksversiffte Regierung in #Bayern,#Bayern sollte eine Unabhängigkeitswahl wie die Katalonen machen.. Wir brauchen keine linke Regierung in #Bayern,MultiParaDetox,de
de,"Gute Nacht, Ihr Lieben da draußen und träumt schön von Murksel und ihrem Kurzschwanzdackel Luschet 😜","Gute Nacht, Ihr Lieben da draußen und träumt schön von Merkel und ihrem Kollegen Laschet 😜",MultiParaDetox,de
de,AUF DAS DER FUROR TEUTONICUS ERWACHT !zurhöllemitmerkel !,AUF DAS DER FUROR TEUTONICUS ERWACHT !wegmitmerkel !,MultiParaDetox,de
de,welches Meth nimmt eigentlich @USER_0? Ihre Haut sieht ja fürchterlich aus und dann das ständige blinzeln #furchtbar #maischberger,was nimmt eigentlich @USER_0? Ihre Haut sieht ja nicht gut aus und dann das ständige blinzeln #maischberger,MultiParaDetox,de
de,"Genau Grenzen dicht, aber richtig. Asylschmarotzer raus!","Genau Grenzen dicht, aber richtig.",MultiParaDetox,de
de,Stellt Lügenpresse eigentl schon Überlegungen in München an zur Nacktbadesaison an der Isar und Flüchtlinge Primaten? HAHAHAHA #rapefugees,Stellt die Presse eigentl schon Überlegungen in München an zur Nacktbadesaison an der Isar und Flüchtlinge? HAHAHAHA,MultiParaDetox,de
de,der Dummschwätzer Herr #Dobrindt gehört nicht in die #Bundesregierung sondern ins Irrenhaus #CDU #CSU,der Herr #Dobrindt gehört nicht in die #Bundesregierung sondern braucht eine Psychotherapie #CDU #CSU,MultiParaDetox,de
de,stimmt. Die Russen hatten wenigstens diese Ossis unter Kontrolle,stimmt. Die Russen hatten wenigstens die DDR unter Kontrolle,MultiParaDetox,de
de,"Die meisten Schiffbrüchigen sind doch keine Flüchtlinge, sondern. rücksichtslose Invasoren. Wann begreift Ihr politischen Hohlköpfe das?","Die meisten Schiffbrüchigen sind doch keine Flüchtlinge, sondern. rücksichtslose Einwanderer. Wann begreift Ihr Politiker das?",MultiParaDetox,de
de,das hätte ich der #FDP nicht zugetraut alle Achtung! nur die #Grünen kriechen allen in den Arsch,das hätte ich der #FDP nicht zugetraut alle Achtung! nur die #Grünen schmeicheln sich bei allen ein,MultiParaDetox,de
de,"Da erkennt man, mit was für jämmerlichen Deppen die abgefuckte SPD aus Machtgeilheit 4 Jahre das Volk verraten und verkauft hat !!!","Da erkennt man, mit was für Leuten die SPD aus Machtgeilheit 4 Jahre das Volk verraten und verkauft hat !!!",MultiParaDetox,de
de,"Was die allermeisten immer noch nicht begriffen haben: Der #Islam hat seine eigenen #Menschenrechte, #scharia-basiert. Ihr Deppen!","Was die allermeisten immer noch nicht begriffen haben: Der #Islam hat seine eigenen #Menschenrechte, #scharia-basiert.",MultiParaDetox,de
de,"Ekelhafter gehts kaum, wie sich diese CDU-Schwachmaten selbst beweihräuchern u feiern u das vor dem Hintergrund des tief gespaltenen Landes🤢","Unverständlicher gehts kaum, wie sich diese CDU-Politiker selbst beweihräuchern u feiern u das vor dem Hintergrund des tief gespaltenen Landes🤢",MultiParaDetox,de
de,Hab gerade in Brüssel angerufen. Ist wie mit Denyz in der Türkei. Keiner will den Spast zurück :-),Hab gerade in Brüssel angerufen. Ist wie mit Denyz in der Türkei. Keiner will ihn zurück :-),MultiParaDetox,de
de,Ich kritisiere insbesondere das scheinheilige Verhalten aller Mitglieder des Bundestags.,Ich kritisiere insbesondere das Verhalten aller Mitglieder des Bundestags.,MultiParaDetox,de
de,idiotischer Kommentar. Aufm Supermannheft gepennt?,schlechter Kommentar. Aufm Supermannheft gepennt?,MultiParaDetox,de
de,Der Gscheidschmatzer macht mich richtig wütend! Fährt mit seinem Porsche rum und reißt seine Klappe auf...ich glaubs nicht!,Der Besserwisser macht mich richtig wütend! Fährt mit seinem Porsche rum und reißt seinen Mund auf...ich glaubs nicht!,MultiParaDetox,de
de,Blind ist die Meck-Pomm Schlampe auch noch!,Blind ist die Dame aus Meck-Pom auch noch!,MultiParaDetox,de
de,"Was habe ich mit dem Faschisten Erdogan zu tun? Und Dein Beileid kannst Du Dir hinschieben, wo die Sonne nie scheint.",Was habe ich mit dem Faschisten Erdogan zu tun? Und Dein Beileid kannst Du vergessen!,MultiParaDetox,de
de,"Stimmt, die BRD geht mir auch am ARSCH vorbei. DEUTSCHLAND gillt es gegen POLITVERBRECHER,wie Merkel,Schulz,u.MAAS zu schützen !!","Stimmt, die BRD ist mir auch egal. DEUTSCHLAND gillt es gegen Personen,wie Merkel,Schulz,u.MAAS zu schützen !!",MultiParaDetox,de
de,"Dummes Gelaber wegen Abschiebung in unsichere Staaten. Berlin, Manchester. und Nizza liegen auch in unsicheren Staaten. Also keine Hemmungen.","Unnötiges Gespräch wegen Abschiebung in unsichere Staaten. Berlin, Manchester. und Nizza liegen auch in unsicheren Staaten. Also keine Hemmungen.",MultiParaDetox,de
de,"Der größte Finanzbetrüger aller Zeiten, trifft einen Grünen deutschfeindlichen Türken! Diese Dummlaberei sollte sich niemand antun!","Der größte Finanzbetrüger aller Zeiten, trifft einen Grünen mit türkischen Wurzeln! Dieses Gespräch sollte sich niemand anhören!!",MultiParaDetox,de
de,der strunzdumme #Verstappen und sollte lieber Seifenkisten mit Wohnwagen fahren mehr kann er ohnehin nicht #F1sky,der #Verstappen und sollte lieber Seifenkisten mit Wohnwagen fahren mehr kann er ohnehin nicht #F1sky,MultiParaDetox,de
de,"Das einzige was @USER_1 bereut bedauert, dass er erwischt wurde.. Dieser Pädophile gehört eindeutig entsorgt...samt seiner Grünen Brut!!","Das einzige was @USER_1 bereut bedauert, dass er erwischt wurde.. Dieser Pädophile gehört eindeutig abgewählt...samt seiner Grünen Brut!!",MultiParaDetox,de
de,"Ein schmieriger Sozi,ein Faschist der extremen Linken,ein Antideutsches Subjekt!","Ein Sozialist,ein Anhänger der extremen Linken,ein Antideutsches Subjekt!",MultiParaDetox,de
de,"Opfer im Interesse der eigenen fragwürdigen Ziele verhöhnen zu lassen sind bewusster Politik-Stil Merkels, ein kranker Geist😜",Opfer im Interesse der eigenen fragwürdigen Ziele verhöhnen zu lassen sind bewusster Politik-Stil Merkels,MultiParaDetox,de
de,Haha das waren welche am Flughafen typische Grünen Wähler. Bis aufs Mark blöde,Haha das waren welche am Flughafen typische Grünen Wähler.,MultiParaDetox,de
de,"Das sind doch alles masturbierende Pickelplatagen, keine Ahnung von Etwas...deswegen werden sie bestimmt Berufspolitiker..😃😃","Das sind doch alles Anfänger, keine Ahnung von Etwas...deswegen werden sie bestimmt Berufspolitiker..😃😃",MultiParaDetox,de
de,"Pervers. Die Türken fordern Gerechtigkeit. Anstatt dort, wo sie die. Ungerechtigkeit gewählt haben, fordern sie das in Österreich. Haut ab.","Die Türken fordern Gerechtigkeit. Anstatt dort, wo sie die. Ungerechtigkeit gewählt haben, fordern sie das in Österreich.",MultiParaDetox,de
de,Uiiii...die Häßlichkeit geht in die nächste Runde...,Uiiii... die nächste Runde...,MultiParaDetox,de
de,Die haben noch einen Arsch in der Hose.,Die haben noch Mumm.,MultiParaDetox,de
de,"Da die Kirche jeher den Herrschenden in den Arsch gekrochen ist, inkl. Hitler, wundert es mich nicht 😜","Da die Kirche jeher den Herrschenden gefallen wollte, wundert es mich nicht 😜",MultiParaDetox,de
de,ich finde gut dass #Trump #Jerusalem als Hauptstadt anerkennt nun bekommen die #Israelis erst richtig auf die Fresse,ich finde gut dass #Trump #Jerusalem als Hauptstadt anerkennt nun bekommen die #Israelis erst richtig Probleme,MultiParaDetox,de
de,"Ach du Scheisse, wer mit Nahles in die Zukunft geht kann auch gleich den Stegner dazu packen 😂😂😂😂😂😂😂😂😂😂😂😂😂😂😂😂","Ach du grüne Neune, wer mit Nahles in die Zukunft geht kann auch gleich den Stegner dazu packen 😂😂😂😂😂😂😂😂😂😂😂😂😂😂😂😂",MultiParaDetox,de
de,"Die Mehrzahl=Asylschmarotzer, Verbrecher, Terroristen, Feiglinge","Die Mehrzahl=Asylsuchende, Verbrecher, Terroristen",MultiParaDetox,de
de,"Mit Europa im Zentrum meinen die Polit🤡 wohl die verrottete, korrupte #EU","Mit Europa im Zentrum meinen die Politiker wohl die alte, korrupte #EU",MultiParaDetox,de
de,So ein Schwein sitzt noch da oben? Pfui Teufel!,So einer sitzt noch da oben? Oh je!,MultiParaDetox,de
de,Murksel und ihre Unchristen stehen für Konfrontation gegen Russland und einen möglichen Krieg. Und den überleben auch Wahlschafe nicht 😜,Merkel und ihre Unchristen stehen für Konfrontation gegen Russland und einen möglichen Krieg. Und den überleben auch Wähler nicht 😜,MultiParaDetox,de
de,"So sieht es in einem Land aus welches vor der Verblödung steht...ich hasse dumme Menschen, erst recht wenn es meine eigenen Landsleute sind...furchtbar","So sieht es in einem Land aus, welches vor einer Herausforderung steht...ich mag keine uninformierten Menschen, erst recht wenn es meine eigenen Landsleute sind...enttäuschend",MultiParaDetox,de
de,"Hallo, war einige Tage in PL, bin gerade zurück u. muss erst all die positiven Eindrücke verarbeiten😜Horsti u. Murksel, ein Thema in PL 😂😂😂","Hallo, war einige Tage in PL, bin gerade zurück u. muss erst all die positiven Eindrücke verarbeiten😜Horsti u. Merkel, ein Thema in PL 😂😂😂",MultiParaDetox,de
de,Es gibt deutsche Weiber die sind geil drauf...deswegen wählen sie SPDund Grünen..!,Es gibt deutsche Frauen denen das gefällt...deswegen wählen sie SPDund Grünen..!,MultiParaDetox,de
de,Umso mehr Schwachsinn die Altparteien von sich geben umso eher kommt die AFD an die Macht.. Die Bürger sind nicht ganz so verblödet wie die Altparteien glauben. #illner,Umso mehr Quatsch die Altparteien von sich geben umso eher kommt die AFD an die Macht.. Die Bürger sind nicht ganz so naiv wie die Altparteien glauben. #illner,MultiParaDetox,de
de,Die Politiker und Merkels Vasallen die Lügenpresse und Medienlandschaft sprachen doch von Zehntausenden Teilnehmern? Bestimmt Navi kaputt 😂😂,Die Politiker und Merkels Anhänger die Presse und Medienlandschaft sprachen doch von Zehntausenden Teilnehmern? Bestimmt Navi kaputt 😂😂,MultiParaDetox,de
de,Bis heute wusste ich garnicht das Jerusalem nicht die Hauptstadt von Israel ist...... Es ist eine Christen und Juden Angelegenheit...was geht es eigentlich die bärtigen Kinderschänder an..?,Bis heute wusste ich garnicht das Jerusalem nicht die Hauptstadt von Israel ist...... Es ist eine Christen und Juden Angelegenheit...was geht es eigentlich die bärtigen Männer an..?,MultiParaDetox,de
de,Ich scheisse auf die SPD !!!,Die SPD ist mir egal!!!,MultiParaDetox,de
de,Wie blöd können die Niedersachsen doch sein ???,Wie naiv können die Niedersachsen doch sein ???,MultiParaDetox,de
de,#Rosenmontag in Mainz und Nordafrikadüsseldorf abgesagt. Hat aber nichts mit #rapefugees zu tun.,#Rosenmontag in Mainz und Nordafrikadüsseldorf abgesagt. Hat aber nichts mit Geflüchteten zu tun.,MultiParaDetox,de
de,"Es kotzt mich an und bringt mich selbst zum kotzen, wenn Özdemir, oder wie immer der geschrieben wird, von PATRIOTISMUS redet oder sich über DEMOKRATIE ausläßt!","Es ärgert mich, wenn Özdemir, oder wie immer der geschrieben wird, von PATRIOTISMUS redet oder sich über DEMOKRATIE ausläßt!",MultiParaDetox,de
de,Die Dummheit und Deutschfeindlichkeit eines Maas ist nicht mehr akzeptabel!. Dieser Kriminologe Pfeifersollte wohl vorher auf Drogen getestet werden!,Die Naivität und Deutschfeindlichkeit eines Maas ist nicht mehr akzeptabel!. Dieser Kriminologe Pfeifersollte wohl vorher auf Drogen getestet werden!,MultiParaDetox,de
de,"Mit Schulz kämen wir von der Pest (Merkel) zur Cholera (Schulz)! CDU uns SPD zusammen haben, unseren jetzigen Untergang zu verantworten!","Mit Schulz kämen wir vom einen Übel (Merkel) zum anderen Übel (Schulz)! CDU uns SPD zusammen haben, unseren jetzigen Untergang zu verantworten!",MultiParaDetox,de
de,"Es wird Zeit,den Pfaffen zu zeigen,wer sie sind! Ein Verein der Gescheiterten und Weltfremden!","Es wird Zeit,den Geistlichen zu zeigen,wer sie sind! Ein Verein der Gescheiterten und Weltfremden!",MultiParaDetox,de
de,Quatsch! Es gibt keine Fachktäfte aus dem Ausland! Außer in Kriminellen und Vergewaltiger-Bereich! Grüne Dummheit!,Quatsch! Es gibt keine Fachktäfte aus dem Ausland! Außer in Kriminellen Bereich!,MultiParaDetox,de
de,"Die Zersetzung,die Vernichtung der Kultur,der Abschaum,hat immer nur einen Ursprung!","Die Zersetzung,die Vernichtung der Kultur,hat immer nur einen Ursprung!",MultiParaDetox,de
de,"Frage mich schon seit Jahren, wieviel Stoff jemand intus haben muß, um solche deutschfeindlichen Idioten zu wählen?!","Frage mich schon seit Jahren, wieviel Stoff jemand intus haben muß, um solche deutschfeindlichen Personen zu wählen?!",MultiParaDetox,de
de,"Dummes Gelaber, Kern. Kurz stellt sich nicht gegen die Italiener. Er. will nur 200.000 Invasoren nicht nach Österreich einreisen lassen.","Unsinnige Aussage, Kern. Kurz stellt sich nicht gegen die Italiener. Er. will nur 200.000 Einwanderer nicht nach Österreich einreisen lassen.",MultiParaDetox,de
de,Was für eine ekelhafte Person....der alte..!!,Was für eine unangenehme Person....der alte Mann..!!,MultiParaDetox,de
de,Was für ein Volltrottel ...der hat den Gürtel nicht lange und von wegen für Deutschland Boxen...😂😂,Was für ein Typ ...der hat den Gürtel nicht lange und von wegen für Deutschland Boxen...😂😂,MultiParaDetox,de
de,Klar doch . Die Schlimmsten im Lande sind die Rechten.die Moslems aber die Bedaerungswürdigen denen um JEDEN Preis geholfen werden muß.💩💩💩💩,Klar doch . Die Schlimmsten im Lande sind die Rechten.die Moslems aber die Bedaerungswürdigen denen um JEDEN Preis geholfen werden muß.,MultiParaDetox,de
de,Haben wir bei der Schwuchtel auch schon vermutet....,Haben wir bei dem Typ auch schon vermutet....,MultiParaDetox,de
de,Prost Heike (Wat hat der Kerl für`n geiles Höschen (vorne gelb und hinten braun 😂😂😂) ich fasse es nicht 😂😂😂,Prost Heike (Wat hat der Kerl für`n schönes Höschen (vorne gelb und hinten braun 😂😂😂) ich fasse es nicht 😂😂😂,MultiParaDetox,de
de,"Die ganze Welt schüttelt den Kopf oder lacht uns aus und dieses dumme Weib, Merkel, macht fleißig weiter !","Die ganze Welt schüttelt den Kopf oder lacht uns aus und diese Frau, Merkel, macht fleißig weiter !",MultiParaDetox,de
de,"@USER_15 @USER_12 @USER_10 @USER_0 @USER_7 @USER_5 @USER_16 @USER_17 @USER_9 @USER_2 @USER_11 @USER_1 @USER_4 @USER_6 @USER_3 @USER_8 @USER_13 @USER_14 Es ist zum Kotzen, seit Tagen!","@USER_15 @USER_12 @USER_10 @USER_0 @USER_7 @USER_5 @USER_16 @USER_17 @USER_9 @USER_2 @USER_11 @USER_1 @USER_4 @USER_6 @USER_3 @USER_8 @USER_13 @USER_14 Es ist frustrierend, seit Tagen!",MultiParaDetox,de
de,Da macht sich die Bildung aus der Bild mal wieder bemerkbar. So ein Sau dummer Kommentar,Da macht sich die Bildung aus der Bild mal wieder bemerkbar. Ein sehr unüberlegter Beitrag,MultiParaDetox,de
de,Endlich wurde dem Linken Anarchisten-Pack eine auf die Fresse gehauen!🤛,Endlich wurde den Linken Anarchisten ein Denkzettel verpasst!,MultiParaDetox,de
de,"Mimimi ,,, und was machen unsere politisch-korrekten #safespace-Krieger dann im Ernstfall? Sich in die Hosen sch...?","Mimimi ,,, und was machen unsere politisch-korrekten #safespace-Krieger dann im Ernstfall? Angst bekommen?",MultiParaDetox,de
de,Ihr Mauermörder wisst überhaupt nicht was Demokratie bedeutet 🖕,Ihr wisst überhaupt nicht was Demokratie bedeutet,MultiParaDetox,de
de,#rapefugees in der Siedlung? #hartzundherzlich,Geflüchtete in der Siedlung? #hartzundherzlich,MultiParaDetox,de
de,Frauen die sich nicht freiwillig von Flüchtlingen ficken lassen sind sind ein Verstoß gegen die Menschenwürde. #Hungerstreik #Rapefugees,Frauen die sich nicht freiwillig auf Geflüchtete einlassen sind sind ein Verstoß gegen die Menschenwürde. #Hungerstreik,MultiParaDetox,de
de,"Ein System der Zersetzung, ein System der Lemminge der USA,ein System von Sklaven!","Ein System der Zersetzung, ein System der Anhänger der USA,ein System von Unterstützern!",MultiParaDetox,de
de,"Streit um Flüchtlings-Obergrenze - So könnten CDU und CSU ihr Gesicht wahren 😜 Wenn eine hässliche Fratze gemeint ist, geht`s 😜",Streit um Flüchtlings-Obergrenze - So könnten CDU und CSU ihr Gesicht wahren 😜,MultiParaDetox,de
de,#Myanmar #Islamisierung: Aber irgendwie muss das globale #Dreckspack wohl von seiner krachenden Niederlage in #Syrien ablenken,#Myanmar #Islamisierung: Aber irgendwie muss die globale Gemeinschaft wohl von seiner krachenden Niederlage in #Syrien ablenken,MultiParaDetox,de
de,Die Drecks-SPD mit ihren Aussenministern scheisst aufs Grundgesetzt und ganz besonders auf Art. 6 GG,Der SPD mit ihren Aussenministern ist das Grundgesetzt egal und ganz besonders Art. 6 GG,MultiParaDetox,de
de,"... unfassbar!!!! Man muss es einfach einmal so sagen: Liebe Verantwortliche, das Zeug, welches ihr ständig raucht, das ist einfach Scheisse!","... unfassbar!!!! Man muss es einfach einmal so sagen: Liebe Verantwortliche, ihr macht wirklich schlechte Arbeit!",MultiParaDetox,de
de,"Der Weitertransport von ""Schiffbrüchigen"" nach Europa ist ein. Verbrechen an den Italienern, die dann dafür zahlen müssen. Sauerei.","Der Weitertransport von ""Schiffbrüchigen"" nach Europa ist ein. Verbrechen an den Italienern, die dann dafür zahlen müssen.",MultiParaDetox,de
de,Es gäbe eine Lösung...wir sollten als Verstärkung die Maghreb-Polizei holen. Nichts fürchten die kleinen Schmarotzer mehr..!,Es gäbe eine Lösung...wir sollten als Verstärkung die Maghreb-Polizei holen. Nichts fürchten diese Personen mehr..!,MultiParaDetox,de
de,"Facebook ist verkommen zu einem Medium, dass nur noch die Darmbewohner der abgefuckten Altparteien und die sogenannte Religion der Steinzeitzombies vertritt.","Facebook ist verkommen zu einem Medium, dass nur noch die Mitglieder der Altparteien und eine bestimmte Religion  vertritt.",MultiParaDetox,de
de,warum muss ich mir in der @USER_0 einen deutschen Jammerlappen anhören #WDR,warum muss ich mir in der @USER_0 einen jammernden Deutschen anhören #WDR,MultiParaDetox,de
de,Sogar künstl. Intelligenz erkennt dem Dämon Merker!,Sogar künstl. Intelligenz erkennt den Einfluss Merkels!,MultiParaDetox,de
de,Sollen sie doch ihre sieben Sachen packen und Erdowahn direkt in der Türkei unterstützen! 🤑🖕👎,Sollen sie doch ihre sieben Sachen packen und Erdogan direkt in der Türkei unterstützen!,MultiParaDetox,de
de,von der Leyen sollte endlich entsorgt werden! #RausAusDemKabinett #illner,von der Leyen sollte endlich ersetzt werden! #RausAusDemKabinett #illner,MultiParaDetox,de
de,@USER_0de @USER_0 Mit dummen Türken diskutiere ich nicht! Basta!,@USER_0de @USER_0 Mit naiven Türken diskutiere ich nicht! Basta!,MultiParaDetox,de
de,Deswegen unterstützen Sie auch Kinderehen?! Kotz!,Deswegen unterstützen Sie auch Kinderehen?!,MultiParaDetox,de
de,"Das ist mir scheiss-egal Hauptsache sie scheiden aus ,bin 60er Fan!!!!!!!!!","Das ist miregal Hauptsache sie scheiden aus ,bin 60er Fan!!!!!!!!!",MultiParaDetox,de
de,Das Publikum klatscht für jeden scheiss sind wohl gekauft,Das Publikum klatscht für jede Kleinigkeit sind wohl gekauft,MultiParaDetox,de
de,"Nix abgeschoben....13jahre sind zwar zu wenig, aber für die Gitterstäbe bezahlen wir gerne.. Danach die Ratte entsorgten..!!","Nix abgeschoben....13jahre sind zwar zu wenig, aber für die Gitterstäbe bezahlen wir gerne.",MultiParaDetox,de
de,Werden die Namen überführter Museldiebe auch sofort veröffentlicht ??? Wann wird unser Land geheilt von RotGrünenMuselmist !,Werden die Namen überführter muslimischer Straftäter auch sofort veröffentlicht ??? Wann wird unser Land geheilt von RotGrünen-Quatsch !,MultiParaDetox,de
de,Jetzt wird Deutschland überschwemmt werden aber die Idioten wollten es ja nicht anders.,Jetzt wird Deutschland überschwemmt werden aber die wollten es ja nicht anders.,MultiParaDetox,de
de,"Wenn Merkel Klitschko feiert,wird es gefährlich. Die Sklavin Obamas feiert einen neuen Sklaven.","Wenn Merkel Klitschko feiert,wird es gefährlich.",MultiParaDetox,de
de,Die Merkel hat Charakter.. Leider ist der scheisse! 😜👍,Die Merkel hat Charakter.. Leider ist der nicht mein Geschmack! 😜👍,MultiParaDetox,de
de,Also wenn die Türken bei euch so kacke sind kann ich auch nix machen 😂,Also wenn die Türken bei euch so drauf sind kann ich auch nix machen 😂,MultiParaDetox,de
de,"Mannheim, Multikulti versiffte Stadt. Klein Istambul und Rumänen/ Bulgaren ☠🖕","Mannheim, Multikulti Stadt. Klein Istambul und Rumänen/ Bulgaren",MultiParaDetox,de
de,Georg Restle treibt immer noch sein Unwesen gespickt mit Hetze u Fake News gegen die AFD in d ARD dieser Schweinejournalist gehört entsorgt,Georg Restle treibt immer noch sein Unwesen gespickt mit Nachrichten u Fake News gegen die AFD in d ARD dieser Journalist gehört gekündigt,MultiParaDetox,de
de,"Hallo Freunde ""Absurdistan"" hat mich wieder. Gerade mit `nem Geschenk für Murksel aus PL zurück. Ein Kopftuch für die Zweitfrau des Sultans😜","Hallo Freunde ""Absurdistan"" hat mich wieder. Gerade mit `nem Geschenk für Merkel aus PL zurück. Ein Kopftuch für die Zweitfrau des Sultans😜",MultiParaDetox,de
de,die Quotenmusel in der Sharia Partei D. für was das auch immer steht der Blonde ist aber auch nicht ganz hell auf der Platte,die Quotenvertreterin in der Sharia Partei D. für was das auch immer steht der Blonde ist aber auch nicht ganz aufgeklärt,MultiParaDetox,de
de,Gesicht???? Was für ein Gesicht. Der hat nicht einmal einen Hals. Bei uns heißt so etwas Wutzekopp.,Gesicht???? Was für ein Gesicht. Der hat nicht einmal einen Hals.,MultiParaDetox,de
de,hören Sie ihren Gören zu ? verkehrte Welt.,hören Sie ihren Kindern zu ? verkehrte Welt.,MultiParaDetox,de
de,Das wird nie aufhören...die fucking Gutmenschen würden ihr eigenes opfern um diesen Völkerwahn aufrechtzuerhalten,Das wird nie aufhören...die Gutmenschen würden ihr eigenes opfern um diesen Völkerwahn aufrechtzuerhalten,MultiParaDetox,de
de,"Ist doch wahr, denn dieses dicke Etwas bekommt kaum zwei zusammenhängenden Sätze heraus und von sinnvoll rede ich garnicht erst 😜","Ist doch wahr, ich finde dieser Person fällt es manchmal schwer zwei zusammenhängenden Sätze zu sagen und sinnvoll finde ich sie auch nicht",MultiParaDetox,de
de,Das darf man bei den Grünen Kinderfi....n nicht so eng sehen! 😎,Das darf man bei den Grünen nicht so eng sehen! 😎,MultiParaDetox,de
de,Quatsch! Das ist die deutschfeindliche Schuld von ihnen und ihrer Kanzlerin des Grauens!,Quatsch! Das ist die deutschfeindliche Schuld von ihnen und ihrer Kanzlerin!,MultiParaDetox,de
de,Jakarta nur Drecks Islamisten !!! sie wollen Christen verfolgen ....!!!,Jakarta nur Islamisten !!! sie wollen Christen verfolgen ....!!!,MultiParaDetox,de
de,"Frauen u Christen bekommen Extraunterkünfte, um sie vor den #Asylanten zu schützen.U wer schützt die Deutschen wenn die rausgekommen?","Frauen u Christen bekommen Extraunterkünfte, um sie vor den #Asylbewerbern zu schützen.U wer schützt die Deutschen wenn die rausgekommen?",MultiParaDetox,de
de,"Da diese Meldung von den Vasallen Merkels kommt, würde ich sagen das diese Meldung der Tagesschau gelogen ist!! Lügenpresse und Lügen Medien","Da diese Meldung von den Unterstützern Merkels kommt, würde ich sagen das diese Meldung der Tagesschau gelogen ist!! Unehrliche Presse und lügende Medien",MultiParaDetox,de
de,Wer so redet gehört sich Verdroschen,Wer so redet sollte liebr leise sein,MultiParaDetox,de
de,"Ach ja stimmt, Eure bekloppte Religion...","Ach ja stimmt, Eure Religion...",MultiParaDetox,de
de,"Obergrenze 😂😂😂 Hoffentlich haben es die Bayern endlich begriffen, dass man ihren ""Eierlosen"" und seinen Haufen lieber nicht gewählt hätte 😜","Obergrenze 😂😂😂 Hoffentlich haben es die Bayern endlich begriffen, dass man ihren Politiker und seinen Haufen lieber nicht gewählt hätte 😜",MultiParaDetox,de
de,Welch ein Schwachsinn - überlegt die Wahlergebnisse obwohl sie äußerst selten eine Bühne bekommen ihr Träumer,Welch ein Quatsch - überlegt die Wahlergebnisse obwohl sie äußerst selten eine Bühne bekommen ihr Träumer,MultiParaDetox,de
de,Du meinst zwitter und zwitter ist kein Geschlecht sondern eine Behinderung die man von geburt aus leider hat,Du meinst intersexuell und intersexuell ist kein Geschlecht sondern eine biologische Variation die man von geburt aus leider hat,MultiParaDetox,de
de,Das Video ist gesperrt - aus urheberrechtlichen Gründen - durch die Lügenpresse.,Das Video ist gesperrt - aus urheberrechtlichen Gründen - durch die Presse.,MultiParaDetox,de
de,Bin 1947 geboren und habe mit diesem ganzen Scheiß nichts am Hut! Basta!,Bin 1947 geboren und habe mit diesem ganzen Kram nichts am Hut! Basta!,MultiParaDetox,de
de,"Der ist nicht die hellste Kerze. Wer behaupte, daß die Türken Deutschland aufgebaut haben den kann ich nicht für voll nehmen.","Der ist nicht der größte Experte. Wer behaupte, daß die Türken Deutschland aufgebaut haben den kann ich nicht für voll nehmen.",MultiParaDetox,de
de,"Schäuble zur Lage in der Türkei: ""Das erinnert mich daran, wie es in der DDR war"" Was weiß dieser Vollpfosten von der DDR 🤢","Schäuble zur Lage in der Türkei: ""Das erinnert mich daran, wie es in der DDR war"" Was weiß dieser Mensch von der DDR 🤢",MultiParaDetox,de
de,Jetzt warte ich nur noch darauf bis sich der Grüne Anal Ritter Volker Beck zu Wort meldet. Aber der Pudert sich gerade die Nase. :-),Jetzt warte ich nur noch darauf bis sich der Grüne Volker Beck zu Wort meldet. Aber der Pudert sich gerade die Nase. :-),MultiParaDetox,de
de,Todenhöfer ist ein verlogener linker Islamlobbyist.  Leider sehr einflussreich,Todenhöfer ist ein unehrlicher linker Islamlobbyist. Leider sehr einflussreich,MultiParaDetox,de
de,"Habe einige Male für ihn dolmetschen müssen - frag` mich besser nicht. Und wenn er Merkel sieht, kriegt er `nen Stän*** 😜","Habe einige Male für ihn dolmetschen müssen - fragmich besser nicht. Und wenn er Merkel sieht, freut er sich",MultiParaDetox,de
de,Die deutsche Lügenpresse und Nazi Medien sind nur noch zum kotzen 🤢 schlimmer als Göbbels eben alle samt Vasallen Merkels!!,"Die deutsche Presse und Medien sind nur noch schlecht, eben alle samt Unterstützer Merkels!!",MultiParaDetox,de
de,Der Wechsel auf neue Modelle lässt die alten Diesel nicht. verschwinden. Das ist ein saudummer Vorschlag. Die Schiffe. versauen die Luft mehr,Der Wechsel auf neue Modelle lässt die alten Diesel nicht. verschwinden. Das ist kein guter Vorschlag. Die Schiffe. belasten die Luft mehr,MultiParaDetox,de
de,"Behörden WARTEN auf mehrere Morde, von diesem Abschaum!","Behörden WARTEN auf mehrere Morde, von diesen Leuten!",MultiParaDetox,de
de,Das haben wir dem kleinen Wicht zu verdanken...😃,Das haben wir dieser kleinen Person zu verdanken...😃,MultiParaDetox,de
de,Martin Schulz ist 2x sitzen geblieben und hat keinen Schulabschluss.. Wie kann denn so ein Nulltipper als Kanzlerkandidat aufgestellt werden?,Martin Schulz ist 2x sitzen geblieben und hat keinen Schulabschluss.. Wie kann denn so eie Person als Kanzlerkandidat aufgestellt werden?,MultiParaDetox,de
de,Sry aber Preetz hat nicht viel beizutragen. Er MUSS der Politik in den Hintern kriechen damit sein Verein Zuschauer ins Stadion bekommt. Er ist abhängig von der Politik.,"Entschuldigung, aber Preetz scheint nicht viel beizutragen. Er ist auf gute Beziehungen zur Politik angewiesen, um sicherzustellen, dass sein Verein Zuschauer ins Stadion bekommt. Er ist abhängig von der Politik.",MultiParaDetox,de
de,Es wäre sehr sinnvoll die Aktionen und Verflechtungen der Linken Antifantenbrut zu prüfen und zu Dokumentieren,Es wäre sehr sinnvoll die Aktionen und Verflechtungen der Linken Antifa zu prüfen und zu Dokumentieren,MultiParaDetox,de
de,"Die Laien-Ministerin kann zwar nicht mehr ""werfen"", aber sie erzeugt bei. mir Geilheit: ""den Umschalter zu nutzen.""","Die Laien-Ministerin kann zwar nicht mehr ""werfen"", aber sie erzeugt bei. mir Interesse: ""den Umschalter zu nutzen.""",MultiParaDetox,de
de,Wahrscheinlich...wenn ich alt und gebrechlich...an welchen sich Feiglinge gerne zu schaffen machen.... Aber noch bin ich nicht soweit....ist nicht der erste den ich verprügle...,Wahrscheinlich...wenn ich alt und gebrechlich...an welchen sich diese Leute gerne zu schaffen machen.... Aber noch bin ich nicht soweit....ist nicht der erste der es mit mir zutun bekommt...,MultiParaDetox,de
de,Die einzigen Nazis dir mir auffallen sind die öffentlich-rechtlichen mit ihrer Hetzpropaganda  gegen Trump und morgen sind es dann die Juden,Die einzigen Nazis dir mir auffallen sind die öffentlich-rechtlichen mit ihrer Propaganda gegen Trump und morgen sind es dann die Juden,MultiParaDetox,de
de,"Die Masse versteht das nicht, sie sind so dumm gehalten das annähernd jede Hilfe zu spät kommt","Die Masse versteht das nicht, sie sind so naiv gehalten das annähernd jede Hilfe zu spät kommt",MultiParaDetox,de
de,Oje Lindner....die gleiche Pfeife wie einst Westerwelle..!!,Oje Lindner....hat Ähnlichkeit mit Westerwelle..!!,MultiParaDetox,de
de,Die.linken können tun was sie wollen dieses pack,Die.linken können tun was sie wollen,MultiParaDetox,de
de,Die einzige Frage ist: Lassen sich die #Österreicher wieder von der #Kern-#Kurz-affinen #MSM-#Lügenbande verarschen oder nicht?,Die einzige Frage ist: Lassen sich die #Österreicher wieder von der #Kern-#Kurz-affinen #MSM-#bande hinters Licht führen oder nicht?,MultiParaDetox,de
de,"Eine zusätzliche Folge der islamischen Masseneinwanderung, gesteuert von Merkel und den Grünen Dummköpfen!","Eine zusätzliche Folge der islamischen Masseneinwanderung, gesteuert von Merkel und den Grünen!",MultiParaDetox,de
de,"Hahaha vllt gönn ich mir das ma. Aber diese asiaten sind einfach freaks, das is nich menschlich","Hahaha vllt gönn ich mir das ma. Aber diese asiaten sind einfach unglaublich, fast übermenschlich",MultiParaDetox,de
de,Ich lach mich kaputt Truppenuschi soll es richten.,Ich lach mich kaputt Ursula von der Leyen soll es richten.,MultiParaDetox,de
de,"Ihr Grünen-Würstel, haltet Euch raus aus Dingen, von denen Ihr. nichts versteht. Geht Fahrräder putzen, anstatt über die Nato. zu reden.","Ihr Grünen, haltet Euch raus aus Dingen, von denen Ihr. nichts versteht. Geht Fahrräder putzen, anstatt über die Nato. zu reden.",MultiParaDetox,de
de,"FDP..bisher immer unbedeutend, wirklichen Schaden konnten sie nie anrichten..bis jetzt.. Lindner?.noch eine größere Pfeife als Westerwelle..!","FDP..bisher immer unbedeutend, wirklichen Schaden konnten sie nie anrichten..bis jetzt.. Lindner?.noch schlimmer als Westerwelle..!",MultiParaDetox,de
de,"Seit wenigen Stunden zurück in Deutschland, was für eine lächerliche, manipulierte und verlogene Parteienlandschaft um Murksels Thron.","Seit wenigen Stunden zurück in Deutschland, was für eine nicht ernstzunehmende, manipulierte und unehrliche Parteienlandschaft um Merkels Thron.",MultiParaDetox,de
de,"Lieber bezahlter Diener Putins, als Speichellecker einer korrumpierten deutschen Politik 😜","Lieber bezahlter Diener Putins, als einer korrumpierten deutschen Politik folgen😜",MultiParaDetox,de
de,"Keine Unterhaltung, liebe Poetin, eher billige Wahlwerbung, weich klopfen der Wahlschafshirne 😜","Keine Unterhaltung, liebe Poetin, eher billige Wahlwerbung, weich klopfen die Wähler 😜",MultiParaDetox,de
de,"Grüner Scheiss ,wer sitzt hat keine Rechte mehr!","Grüne ,wer sitzt hat keine Rechte mehr!",MultiParaDetox,de
de,Danke für die billigen Phrasen.Zum Kotzen!,Danke für die leeren Worte. Gefällt mir nicht!,MultiParaDetox,de
de,"Sie können gelassen auf jeden Polit-Idioten warten, der auch einen Krieg nur in Erwägung zieht 😜","Sie können gelassen auf jeden Politiker warten, der auch einen Krieg nur in Erwägung zieht 😜",MultiParaDetox,de
de,"Diese Migrantenkrieg der Schmarotzergegen Deutschland, ist schon in Vorbereitung!","Diese Migrantenkrieg der Einwanderer gegen Deutschland, ist schon in Vorbereitung!",MultiParaDetox,de
de,"Frau Kerestan hat frisch und gut argumentiert. Herr Weinberg ist ein Betonkopf, der nur rückwärtsgewandt zu blicken scheint.",Frau Kerestan hat frisch und gut argumentiert. Herr Weinberg schneint nur rückwärtsgewandt zu blicken.,MultiParaDetox,de
de,"Trump - sprich Tramp. Wenn die Laien-Ministerin über Trump labert,. bleibt mir nur : "" Lass den Trampel quaken"". Zu mehr taugt sie nicht.","Trump - sprich Tramp. Wenn die Laien-Ministerin über Trump labert,. bleibt mir nur : "" Lass den Trampel quaken"". Zu mehr ist sie meiner Meinung nach nicht geeignet.",MultiParaDetox,de
de,Der Auftritt der AfD ist richtig gut....absolut verständliche nachvollziehbare Politik..... Es wird Zeit die Sesselschnarcher abzuservieren ...!,Der Auftritt der AfD ist richtig gut....absolut verständliche nachvollziehbare Politik..... Es wird Zeit die alteingesessenen Politiker abzuservieren ...!,MultiParaDetox,de
de,Von wegen übertriebener Polizeigewalt. Die Polizei muss in Zukunft. viel härter vorgehen. Aus Maul hauen und dann verhaften.,Von wegen übertriebener Polizeigewalt. Die Polizei muss in Zukunft. viel härter vorgehen. Hart durchgreifen und dann verhaften.,MultiParaDetox,de
de,Die öffentlich-rechtlichen sind Merkels Vasallen und unterstehen der Zensur Merkels!! Die Lügenpresse ebenfalls so wie SAT1 und RTL,Die öffentlich-rechtlichen sind Merkels Anhänger und unterstehen der Zensur Merkels!! Die Presse ebenfalls so wie SAT1 und RTL,MultiParaDetox,de
de,So ein Mist....die Unfähigsten aller zusammen bekleiden egal welche Ministerien...blödes dummes Deutschland was hast du nur angestellt...😡😡,So ein Mist....die Unfähigsten aller zusammen bekleiden egal welche Ministerien... Deutschland was hast du nur angestellt...😡😡,MultiParaDetox,de
de,"JETZT REDET DER PFAFFE ,, Im LARVE''","JETZT REDET DER GEISTLICHE ,, Im LARVE''",MultiParaDetox,de
de,"Mittlerweile haben unsere Medien das Niveau des ""ND"" und TV vor 1989 in d. DDR. Kein Wunder bei der Lehrmeisterin, als ehem. AgitProperin 😜","Gerade auf N-TV ""Die neuen Waffen des Terrors"" mitbekommen !! RAUS MIT MOSLEMS, dann KEIN Terror! ☠️😡☠️",MultiParaDetox,de
de,In einer nicht #PoliticalCorrectness-geistesgestörten Welt würden sie dem #Invasoren-#Abschaum die Scheiße aus dem Hirn prügeln,In einer nicht #PoliticalCorrectness-gestörten Welt würden sie den neuankämmlingen die Flausen austreiben,MultiParaDetox,de
de,"Das Pflaster müsste über sein dummes Maul reichen,😷","Das Pflaster müsste über seinen Mund reichen,😷",MultiParaDetox,de
de,Und wieder wird mit einem #falseflag (giftgaseinsatz) ein Terrorakt gegen Syrien durch USA gestartet.. Bei dem Wahnsinnigen Trump droht WW3,Und wieder wird mit einem #falseflag (giftgaseinsatz) ein Terrorakt gegen Syrien durch USA gestartet.. Bei dem Trump droht WW3,MultiParaDetox,de
de,#HETZERIN 💩@USER_0💩 ⛔ #GEBLOCKT ! ⛔ WEG ist diese KRANKE deutschen - feindliche Person ! ⚠,#HETZERIN @USER_0 ⛔ #GEBLOCKT ! ⛔ WEG ist diese deutschen - feindliche Person ! ⚠,MultiParaDetox,de
de,Was erwarten Sie von Rothschild Sklaven die ihre Seele dem Satan verkauf haben!,Was erwarten Sie von Rothschild Anhängern die ihre Interessen anderen überlassen!,MultiParaDetox,de
de,viel gefährlicher ist Oberdummzicke Sheitan Chebli,viel gefährlicher ist Sheitan Chebli,MultiParaDetox,de
de,Was bist Du denn für ne Göre?,Was bist Du denn für ne Person?,MultiParaDetox,de
de,"Jeder der mit Gabriel und Steinmeier paktiert hat bei mir verschissen. SPD - SCHMAROTZER, PÄDOPHILE UND DENUNZIANTEN !!!",Jeder der mit Gabriel und Steinmeier paktiert ist bei mir unten durch.,MultiParaDetox,de
de,"1. Mit ihr euch meine ich diese ganzen intoleranten voll mit hasserfüllten versagern ..2 . ich will mich nicht nach euren wünschen und Vorstellungen integrieren , punkt aus !","1. Mit ihr euch meine ich diese ganzen intoleranten voll mit hasserfüllten Menschen ..2 . ich will mich nicht nach euren wünschen und Vorstellungen integrieren , punkt aus !",MultiParaDetox,de
de,"Schon mal Gesehen. Asiaten sind brutal, gewissenlos, gottlos.",Schon mal Gesehen. Asiaten sind hart.,MultiParaDetox,de
de,"Juhu, der Bayer ohne Eier will wieder einmal alles nach der Wahl richten 😂😂😂 ich pinkel mir vor Lachen gleich ein 😂😂😂","Juhu, der Bayer will wieder einmal alles nach der Wahl richten 😂 ich finde das sehr lustig 😂😂😂",MultiParaDetox,de
de,"Oder man ist so blöde und dumm wie du und nutzt keine Infos und jetzt such den Grammatikfehle,such,fein machst du das ,such,feiner Linker","Oder man ist so uninformiert und ungebildet wie du und nutzt keine Infos und jetzt such den Grammatikfehle,such,fein machst du das ,such,feiner Linker",MultiParaDetox,de
de,"Stil der SPD seit Noske den ""Bluthund"" spielen durfte > diese Verräter am Volk","Stil der SPD seit Noske den ""Bluthund"" spielen durfte > diese konträre Haltung zum Volk",MultiParaDetox,de
de,Dieser Hank ist wirklich ein Honk.,Dieser Hank ist wirklich komisch.,MultiParaDetox,de
de,haha sucht man schon Ausreden für die völlig Dumme Berichterstattung der letzten Wochen...?,haha sucht man schon Ausreden für die Berichterstattung der letzten Wochen...?,MultiParaDetox,de
de,"Huuuuuuuuuu, geht doch, Murksel entglitten in Washington sämtliche Gesichtszüge. Sogar ihre ""Mäulchenfalten"" verschwanden 😂😂😂","Huuuuuuuuuu, geht doch, Merkel entglitten in Washington sämtliche Gesichtszüge. Sogar ihre ""Mundfalten"" verschwanden 😂😂😂",MultiParaDetox,de
de,"Trump ist nicht eingeknickt und schon gar nicht vor diesen dummen Politikern, Lügenpresse und Nazimedien in Deutschland!!","Trump ist nicht eingeknickt und schon gar nicht vor diesen Politikern, Presse und Medien in Deutschland!!",MultiParaDetox,de
de,Dummes Geschwätz. Er sitzt alle Dumnscheätzer aus. Zu Recht,Dummes Geschwätz. Er sitzt alle mit anderer Meinung aus. Zu Recht,MultiParaDetox,de
de,Wo werden diese Clowns nur gezüchtet und wie entsteht solch eine Gesinnung ...?,Wo kommen diese Leute nur her und wie entsteht solch eine Gesinnung ...?,MultiParaDetox,de
de,"@USER_0de @USER_0 Bald seid ihr alle hier ""Entsorgt""!",@USER_0de @USER_0 Bald seid ihr alle hier weg!,MultiParaDetox,de
de,"Ja @USER_0? Pst, auch für dich nochmals, die Grenzen waren seit dem Schengen Abkommen offen, also was willst du bezwecken mit Staatsgrenzen schützen Gebrabbel?","Ja @USER_0? Pst, auch für dich nochmals, die Grenzen waren seit dem Schengen Abkommen offen, also was willst du bezwecken mit Staatsgrenzen schützen Gerede??",MultiParaDetox,de
de,100% der AfD scheißt auf die Menschenrechte,100% der AfD sind die Menschenrechte egal,MultiParaDetox,de
de,Heiko Maas ist furchtbar. Sein gelabber sollte unter Strafe stehen. #berichtAUSberlin,Heiko Maas ist furchtbar. Seine Aussage sollte unter Strafe stehen. #berichtAUSberlin,MultiParaDetox,de
de,Ich kann diesen Bullshit nicht mehr hören...die dummen 🇩🇪haben sich entschieden.... Die sollen weiterhin in ihrer Scheißprovinz bleiben,Ich kann diesen Bullshit nicht mehr hören...die 🇩🇪haben sich entschieden.... Die sollen weiterhin in ihrer Provinz bleiben,MultiParaDetox,de
de,@USER_1: @USER_2 @USER_0 Was für ein dummer Tweet!. Von diesen Typen kritisiert werden ist eine Ehre!. Die Rotfaschisten zittern!,@USER_1: @USER_2 @USER_0 Was für ein unüberlegter Tweet!. Von diesen Typen kritisiert werden ist eine Ehre!. Die Roten zittern!,MultiParaDetox,de
de,"Naja,zu Lauterbach,ich kenne viele Leute die es besser machen würden und zum Dummerchen Thomalla , Merkel ist der Skandal, Watt für IRRE!","Naja,zu Lauterbach,ich kenne viele Leute die es besser machen würden und zu Thomalla , Merkel ist der Skandal! Das ist doch verrückt",MultiParaDetox,de
de,@USER_0_Hoffenheim @USER_0 Mit besseren Kommentatoren Pinkeln gehen aber das Urinal nicht treffen,@USER_0_Hoffenheim @USER_0 Mit besseren Kommentatoren das Ziel verfehlen,MultiParaDetox,de
de,Düsseldorf ist nicht die einzige dumme Stadt...und mit dem Messerstecher habe ich mehr Mitleid als mit dem Möchtegernbürgermeister...!!,Düsseldorf ist nicht die einzige Stadt mit diesen Herausforderungen...und mit dem Täter habe ich mehr Mitleid als mit dem Bürgermeister...!!,MultiParaDetox,de
de,Das ist die Folge wenn Schwachmaten wie Laschet und Konsorten Politik machen! 😨 👎,Das ist die Folge wenn Leute wie Laschet und Konsorten Politik machen! 😨 👎,MultiParaDetox,de
de,"Diese ganze #metoo Kampagne einfach zum kotzen. Wie viele Männer werden von Frauen unterdrückt, misshandelt und missbraucht. Darüber spricht Mann nicht, aus Scham.","Diese ganze #metoo Kampagne einfach schlecht. Wie viele Männer werden von Frauen unterdrückt, misshandelt und missbraucht. Darüber spricht Mann nicht, aus Scham.",MultiParaDetox,de
de,Öffentlich-rechtlichen Nazi Medien und Merkel Vasallen setzten ihre Hetzkampagne gegen den Präsidenten der Vereinigten Staaten fort!!,Öffentlich-rechtlichen Medien und Merkel Anhängern setzten ihre Kampagne gegen den Präsidenten der Vereinigten Staaten fort!!,MultiParaDetox,de
de,Irgendwie beruhigend das es woanders noch schwachsinnigere Politik gibt als bei den deutschen...,Irgendwie beruhigend das es woanders noch unverständlichere Politik gibt als bei den deutschen...,MultiParaDetox,de
de,"In Polen sagte man mir heute, da erhielt doch ein Arschloch einen Preis dafür, weil er sein Heimatland Polen in Brüssel verklagen wollte 💩🤢","In Polen sagte man mir heute, da erhielt doch ein Typ einen Preis dafür, weil er sein Heimatland Polen in Brüssel verklagen wollte 🤢",MultiParaDetox,de
de,"Es ist unglaublich dieses Politische Pack posaunt in die Welt hinaus es können 220.000 plus die, d zusätzlich kommen in unser Land strömen","Es ist unglaublich diese Politiker posaunen in die Welt hinaus es können 220.000 plus die, d zusätzlich kommen in unser Land strömen",MultiParaDetox,de
de,#Kinderfickerpartei hat im Bundestag nichts verloren,Diese Partei hat im Bundestag nichts verloren,MultiParaDetox,de
de,"Die Anzahl der dreckigen Bastarde in diese Politverblödungsshows wäre bei 100%, wenn nicht hin und wieder jemand von der AFD dazu käme.","Die Anzahl der naiven Personen in diese Politshows wäre bei 100%, wenn nicht hin und wieder jemand von der AFD dazu käme.",MultiParaDetox,de
de,Weil er eine linke Bazille ist....😃,Weil er ein Linker ist....😃,MultiParaDetox,de
de,So sind sie halt unsere Politschmarotzer....Lindner allerdings eine noch größere Pfeife als Westerwelle..,So sind sie halt unsere Politiker....Lindner allerdings noch schlimmer als Westerwelle..,MultiParaDetox,de
de,"Prostituierte kann sich nicht mal ein Hartz IV leisten, Asylanten sucht euch Wichsvorlageni n Pornos!",Prostituierte kann sich nicht mal ein Hartz IV leisten,MultiParaDetox,de
de,"😂😂😂 Phantomschmerz (fehlende Eier) und Machtgeilheit zwangen heute erneut den ""Bayern-Horsti"" ohne Vaseline  in den Ar*** der Kanzlerette 😜","😂😂😂 Phantomschmerz und Machtgier zwangen heute erneut den ""Bayern-Horsti"" sich bei der Kanzlerin einzuschmeicheln 😜",MultiParaDetox,de
de,"So tief sind wir gesunken! Ein Merkel-Speichellecker mit dem IQ einer gewissen Fatima Roth, eine Null (außer im Tonnengewicht) als Finanzminister!","So tief sind wir gesunken! Ein Merkel-Unterstützer mit dem IQ einer gewissen Fatima Roth, eine Null (außer im Tonnengewicht) als Finanzminister!",MultiParaDetox,de
de,schlimmer sind jene Fanatiker die Islamisten hofieren. Jung als Nazi zu bezeichnen ist unendlich dumm!!,schlimmer sind jene Fanatiker die Islamisten hofieren. Jung als Nazi zu bezeichnen ist naiv!!,MultiParaDetox,de
de,Der Papst würde auch den Arsch des Teufels küssen wenn es ihm nützt,Der Papst würde auch alles tun wenn es ihm nützt,MultiParaDetox,de
de,"Alternative: Frauen bekommen von alleine ihren Hintern hoch und geben nicht immerzu Männern die Schuld, wenn ihnen irgendetwas nicht passt.","Alternative: Frauen schaffen es, sich aufzuraffen und geben nicht den Männern die Schuld, wenn ihnen irgendetwas nicht passt.",MultiParaDetox,de
de,So dumm wie Gutmenschen halt sind!,So schlau wie Gutmenschen halt sind!,MultiParaDetox,de
de,"n-tv: ""Startschwierigkeiten bei Antiterror-Übung"" > Ich: ""Wenn Dilettanten unter Flintenuschis ""Obhut""  schon Krieg spielen!"" 😂😂😂","n-tv: ""Startschwierigkeiten bei Antiterror-Übung"" > Ich: ""Wenn Dilettanten unter Von der Leyens ""Obhut"" schon Krieg spielen!"" 😂😂😂",MultiParaDetox,de
de,"Ich kann diese Hackfresse Lanz nicht mehr sehen, noch weniger hören.","Ich kann diesen Lanz nicht mehr sehen, noch weniger hören.",MultiParaDetox,de
de,Die Welt von #Maas und #Merkel. Im Internet gibt’s Sperrung wenn nicht Staatsmeinung vertreten wird. In Hamburg gibts Schläge auf den Kopf,Die Welt von #Maas und #Merkel. Im Internet gibt’s Sperrung wenn nicht Staatsmeinung vertreten wird. In Hamburg kommt es zu Konflikten,MultiParaDetox,de
de,Auf die Bewährung schei.......ss ich!,Die Bewährung ist mir egal!,MultiParaDetox,de
de,Ich finde er ist einfach ein unlustiger Spasst,Ich finde er ist einfach nciht lustig,MultiParaDetox,de
de,"Die Bevölkerung Europas wird ""weggezüchtet"" werden, wie einst die Neandertaler und hirnlose ""Prolle"" merken`s nicht einmal 😂😂😂","Die Bevölkerung Europas wird ""weggezüchtet"" werden, wie einst die Neandertaler und einige Personen merken`s nicht einmal 😂😂😂",MultiParaDetox,de
de,"Zum Mitschreiben für die roten Ignoranten: Eine doppelte Staats-. bürgerschaft liegt vor, wenn - ja, jetzt wird es spannend. Was ist doppelt?","Zum Mitschreiben für die roten Leute: Eine doppelte Staats-. bürgerschaft liegt vor, wenn - ja, jetzt wird es spannend. Was ist doppelt?",MultiParaDetox,de
de,Laßt doch verdammt noch mal das NS Regime aus dem Spiel. Es war damals viel besser für das Volk als ihr euch vorstelle,Laßt doch mal das NS Regime aus dem Spiel. Es war damals viel besser für das Volk als ihr euch vorstelle,MultiParaDetox,de
de,"Ich fordere eine ""Forschungsgruppe islamistischer Mob""","Ich fordere eine ""Forschungsgruppe islamistischer Banden""",MultiParaDetox,de
de,"Dieses ""Propaganda-TV"" ist nicht mehr mit anzusehen 🤢 Hoffentlich tritt Trump den politisch Verantwortlichen gehörig in den Arsch, Murksel!","Dieses ""Propaganda-TV"" ist nicht mehr mit anzusehen 🤢 Hoffentlich weckt Trump die politisch Verantwortlichen endlich auf, Merkel!",MultiParaDetox,de
de,da ist sie ja wieder die Moderatorin der @USER_0 mit der alten schwarzen Schmodder Hose und den fettigen Haaren #WDR,da ist sie ja wieder die Moderatorin der @USER_0 mit der alten schwarzen Hose und den fettigen Haaren #WDR,MultiParaDetox,de
de,Ich schäme mich in solchem Verbrecherstaat mit deutschfeindlichen Ganoven-Richtern und korrupten Politikern zu leben!,Ich schäme mich in solchem Staat mit ungerechten Richtern und bestechlichen Politikern zu leben!,MultiParaDetox,de
de,"Netanjahu wirft Gabriel Instinktlosigkeit vor. Tatsächlich ist Gabriel. ein völliger Versager, der einen Abgeschobenenposten bekleidet.","Netanjahu wirft Gabriel Instinktlosigkeit vor. Tatsächlich ist Gabriel. ein Mann, der einen Abgeschobenenposten bekleidet.",MultiParaDetox,de
de,Ja die schauen auch abgemagert aus...speziell das fette Altmaier-Etwas....,Ja die schauen auch abgemagert aus...speziell der kräftige Altmaier...,MultiParaDetox,de
de,"Die Zeit ist überreif für dass große Ausmisten in Politik, Justiz u Medien dieses ganze Rot Grün versiffte Parteibuch Pack zum Teufel jagen","Die Zeit ist überreif für dass große Ausmisten in Politik, Justiz u Medien diese ganze Rot Grün orientierte Parteibuch Gruppe verscheuchen",MultiParaDetox,de
de,Frau #Böttinger meine Meinung dazu ist sie sollten uns mit ihrem Pferdegebiss nicht weiter belästigen #WDR,Frau #Böttinger meine Meinung dazu ist sie sollten uns mit ihrer Meinung nicht weiter belästigen #WDR,MultiParaDetox,de
de,Kein Land möchte diese Schmarotzer haben. In Deutschland leben sie wie im Paradies und beschweren sich noch. Haut endlich ab und belastet nicht länger unser Sozialsystem.,Kein Land möchte diese Leute haben. In Deutschland leben sie wie im Paradies und beschweren sich noch. Haut endlich ab und belastet nicht länger unser Sozialsystem.,MultiParaDetox,de
de,"Das sind doch überwiegend junge Männer, die uns überrennen wollen.. Die illegalen Invasoren brauchen Arbeit - in Arbeitslagern - fair.","Das sind doch überwiegend junge Männer, die zu uns kommen wollen.. Die Einwanderer ohne Papiere brauchen Arbeit.",MultiParaDetox,de
de,"Stattdessen sollte man das gesamte Führungspack der SPD wegsperren. SPD - Schmarotzer, Pädophile und Drnunzianten",Stattdessen sollte man die gesamte Führung der SPD wegsperren.,MultiParaDetox,de
de,"An Merkel, Gauck, Flintenuschi &amp; Co: ""Wer Krieg predigt, ist des Teufels Feldprediger"" (altes Deutsches Sprichwort) 😜","An Merkel, Gauck, Von der Leyen & Co: ""Wer Krieg predigt, ist des Teufels Feldprediger"" (altes Deutsches Sprichwort) 😜",MultiParaDetox,de
de,"Du weißt, dass du #geistesgestört bist, wenn deine größte Sorge ist von #linke n Clowns ""#Rassist"" od. ""#islamophob"" genannt zu werden","Du weißt, dass du #verwirrt bist, wenn deine größte Sorge ist von #linken ""#Rassist"" od. ""#islamophob"" genannt zu werden",MultiParaDetox,de
de,ist eine Körperverletzung! Sorry diese Frau ist einfach Dumm!,ist eine Körperverletzung! Sorry diese Frau ist einfach nicht schlau!,MultiParaDetox,de
de,für derart strunzdumme Menschen die ihre Gesundheit bei Wetten Dass ruinieren sollte die Öffentlichkeit keinesfalls aufkommen #hartaberfair,für Menschen die ihre Gesundheit bei Wetten Dass ruinieren sollte die Öffentlichkeit keinesfalls aufkommen #hartaberfair,MultiParaDetox,de
de,"Genderisten mit ihren eigenen Waffen zu schlagen ist einfach und spaßig. Sagt einfach, Ihr identifiziert Euch als schwarze lesbischer Transe","Genderisten mit ihren eigenen Waffen zu schlagen ist einfach und spaßig. Sagt einfach, Ihr identifiziert Euch als schwarze lesbischer Transperson",MultiParaDetox,de
de,sehr gefährlich wenn Regenbogenhirne intoleranten Kriminellen die Grenzen öffnen!! Die schlimmste Gewaltwelle erleben aus dieser Richtung.,sehr gefährlich wenn tolerante Menschen intoleranten Kriminellen die Grenzen öffnen!! Die schlimmste Gewaltwelle erleben aus dieser Richtung.,MultiParaDetox,de
de,Politiker von CDU CSU SPD sind eine große Gefahr für unser Land sie Posaunen in die Welt das DE 220.000 Invasoren aufnimmt + Familiennachzug,Politiker von CDU CSU SPD sind eine große Gefahr für unser Land sie Posaunen in die Welt das DE 220.000 Einwanderer aufnimmt + Familiennachzug,MultiParaDetox,de
de,Eben ein Beisp. mehr für die kranken Hirne von Politikern. Dieser geistige Schwachsinn auch unserer Politiker wird sich leider bitter rächen,Eben ein Beisp. mehr für die Gedankenwelt von Politikern. Diese Denkweise auch unserer Politiker wird sich leider bitter rächen,MultiParaDetox,de
de,jedes Tier erlöst man ungefragt von seinem Leid. Mündige Menschen lässt man elendig verrecken.,jedes Tier erlöst man ungefragt von seinem Leid. Mündige Menschen lässt man einfach sterben.,MultiParaDetox,de
de,"Kern, pinkle dem Herrn Kurz nicht ans Bein. Du bist. abgewählt und unerwünscht. Also, halt´s Maul.","Kern, stelle den Herrn Kurz nicht an den Pranger. Du bist. abgewählt und unerwünscht. Also, sei leise.",MultiParaDetox,de
de,Was ist dieser tarek leitner nur für ein fehlgeleiteter hurensohn? #orf #konfrontationen,Was ist dieser tarek leitner nur für ein Mensch? #orf #konfrontationen,MultiParaDetox,de
de,"Widerlich, dieser Schmidt. Ohne Rücksicht auf die Bienen. Dieses. Stück Gewissenlosigkeit muss abgewählt und davongejagt werden.","Ärgerlich, dieser Schmidt. Ohne Rücksicht auf die Bienen. Diese Person muss abgewählt werden.",MultiParaDetox,de
de,Währen es Türken die Flughäfen und Parteizentralen besetzen währe die Empörung groß! Ihr Heuchler,Währen es Türken die Flughäfen und Parteizentralen besetzen währe die Empörung groß!,MultiParaDetox,de
de,ES WIRD SICH NIEMALS WAS ÄNDERN ;AUF DIESER wELT ;WENN NICHT DIE ELITÄREN AUSGELÖSCHT WERDEN !!! Die uns nur versklaven !!!,ES WIRD SICH NIEMALS WAS ÄNDERN ;AUF DIESER wELT ;WENN NICHT DIE ELITÄREN ABGESCHAFFT WERDEN !!! Die uns nur unterdrücken !!!,MultiParaDetox,de
de,"Insgesamt sitzen da nur dumme Leute. angefangen beim Moderator, der ist noch dümmer. Der muss stehen","Insgesamt sitzen da nur komische Leute. angefangen beim Moderator, der ist am schlimmsten. Der muss stehen",MultiParaDetox,de
de,Merkels Vasallen melden sich zu Wort!. Herr Gersemann ist ein Vasall Merkels und seine Kommentare werden von Merkel vorgegeben!!!,Merkels Unterstützer melden sich zu Wort!. Herr Gersemann ist ein Anhänger Merkels und seine Kommentare werden von Merkel vorgegeben!!!,MultiParaDetox,de
de,"Und da ich kein kleines Mädchen bin, so wie Du offenbar, kann ich eine solche Meinung ab.","Und da ich nicht so sensibel bin, so wie Du offenbar, kann ich eine solche Meinung ab.",MultiParaDetox,de
de,Ralle du alter Mülleimer lebst ja immer noch...dachte das zeitliche hat dich gesegnet.... Bist halt eine zähe Unkrautwurzel,Ralle du lebst ja immer noch...dachte das zeitliche hat dich gesegnet.... Bist halt eine zähe Persönlichkeit,MultiParaDetox,de
de,"Mir reicht, dass ich diesen Feigling aus Rostock 1989/90 kenne. Er wurde ins ""Licht"" geschoben, dieser Gauckler 😜","Mir reicht, dass ich diesen Mensch aus Rostock 1989/90 kenne. Er wurde ins ""Licht"" geschoben, dieser Gauck 😜",MultiParaDetox,de
de,Ich möchte ihn mal..für ne kurze Zeit....aber dieser Bayer ist wirklich ein Waschlappen,Ich möchte ihn mal..für ne kurze Zeit....aber dieser Bayer ist wirklich eher passiv,MultiParaDetox,de
de,In Kindergärten neben den Kindern? wäre ja noch schöner. Zittern soll dieses Asylantenpack in Zelten abseits der Zivilisation,In Kindergärten neben den Kindern? wäre ja noch schöner.,MultiParaDetox,de
de,"Solange bei Politikern der Dünnschiss aus der Fresse kommt, wird sich nichts ändern. Es stinkt weiter !!!","Solange die Politiker Quatsch erzählen, wird sich nichts ändern.",MultiParaDetox,de
de,Ich kann diese scheisse mit diesen drecksmigranten einfach nicht mehr ertragen....wenn ich nur schon kanacken sehen wird gruselig....verfluchte Scheisser ..!,Ich kann das mit diesen migranten einfach nicht mehr ertragen....wenn ich nur schon welche sehe wird gruselig....,MultiParaDetox,de
de,Merkels Dumm -Deutschen kann man alles erzählen!!,Merkels Deutschen kann man alles erzählen!!,MultiParaDetox,de
de,Nazi Lügenpresse und Merkel Vasallen hetzen weiter gegen Trump!!,Presse und Merkel Unterstützer hetzen weiter gegen Trump!!,MultiParaDetox,de
de,Verhaftungen von Vergewaltigern als Erfolg zu verkaufen ist das Aufmerksamkeitswinseln einer armseligen Behörde. #Polizei #Köln #Rapefugees,Verhaftungen von Vergewaltigern als Erfolg zu verkaufen ist das Aufmerksamkeitswinseln einer armseligen Behörde. #Polizei #Köln,MultiParaDetox,de
de,Warum muss ein AFD Vogel dabei sein?,Warum muss einer von der AFD dabei sein?,MultiParaDetox,de
de,"Abgefuckte Hühnerscheisse. Aber klar, dass jemand aus der Scheinheiligsten Partei Deutschlands so denkt. SPD - SCHMAROTZER, PÄDOPHILE und DENUNZIANTEN.. Wer hat uns verraten....","Aber klar, dass jemand aus dieser Partei so denkt. SPD.. Wer hat uns verraten....",MultiParaDetox,de
