language,toxic_input,detox_output,source,split,sta_score,sim_score
ha,"Gaskiya ina tausayin mutane kamar ku da suke da ilimi amma ba su da hankali, domin kun nuna matakin rashin balaga!","Ina tausa mutanen da iliminmu, domin tace ce kuma gamsuwa.",llama3.1_8b_abliterated_oneshot,ha_pseudollama_400,0.9509830474853516,0.5051282048225403
ha,Kai wawa ne: kana yiwa Allah bulala a fuska idan kai gay ne... idan kai ma kana ƙin hakan,Ba da kyau ya faru idan ka ya fi yiwu Allah.,llama3.1_8b_abliterated_oneshot,ha_pseudollama_400,0.9052987694740297,0.4688396751880646
ha,"Wallahi ba su da zuciya, suna da jini suna tsotsa aljanu... idan ka ce rashin kunya ba shi da kyau, babu kalmomi da za a kira su.","Ba tare da zuciyar ku, ba a gani jinin su ya yiwu aljanun... ida ka yi fadi, ba ciyuan wata zuwa ku.",llama3.1_8b_abliterated_oneshot,ha_pseudollama_400,0.9402446746826172,0.6831040382385254
ha,"Lol, ka dauki abin da nake so daga nan. ku mutane ne mafi yawan maras karatu da almajiri suna rokon. ba ku ƙara komai ga kasar ba. babu komai. ku marasa amfani ne, kuna son iko kuma ba za ku iya amfani da shi da hankali ba. Hausas dole ne ku tafi. dole ne ku tafi. ya ce 'yan jihohi sun zabe shi","Kada ku ji da abin don ku nan. Kuɗe masu karatu bakwai ana son rokokun. Ba ku sake shiga cikin ku ba. Babu wata sabon. Kana amfana ne, ku fahimta da yadda ku iyo. Hausawa kuma ku tafada.",llama3.1_8b_abliterated_oneshot,ha_pseudollama_400,0.649638831615448,0.4531757831573486
ha,Aikin Gwamnonin Arewa yana goyon bayan tsinkayar kafofin sada zumunta😂. Wasu wawaye. Me suke tsoro?,Mun ya fahimci cewa gwamnoni na arewa suna kan karbi kawo gaba da hulɗar ɓangare.,llama3.1_8b_abliterated_oneshot,ha_pseudollama_400,0.9502810835838318,0.331969678401947
ha,'Yan Uganda sun wulakanta matasan Soro Soke da ba su da 'yan diplomaci ba 😂😂😂 An kira gwamnatin da ba ta da amfani a kasar su cece su.,Ba za ku iya ganin matsakaicin gwamnan Soro daga cikin 'yan diplomat na Uganda.,llama3.1_8b_abliterated_oneshot,ha_pseudollama_400,0.6802933216094971,0.5193637609481812
ha,Hoodlum ya wallafa wani abu a shafinsa na Twitter,"Ko da cikin yanzu, anan da kuma a Twitter.",llama3.1_8b_abliterated_oneshot,ha_pseudollama_400,0.9315068125724792,0.4622880220413208
ha,An tambaye ni in biya 15k kawai saboda wani wawa ya rubuta ranar haihuwata da kyau don haka yanzu gwamnatin kasar tana son toshe layin na kawai saboda NIN na ... ku mutane ku wawaye ne kuma ba ku da hankali sosai. za ku rasa magoya baya da yawa kamar ni idan kun ci gaba da wannan rashin hankali,"Wannan tambayen ya fiyace 15,000 na tafiya saboda wasu abubuwan da aka samu akan ranar haifinsa, amma gwamnatinta tana cikin sauki game da shari'ar da aka yi. Hakanan ku duba hankalinsa don kare masa mana da irin wa'adin da yake fara.",llama3.1_8b_abliterated_oneshot,ha_pseudollama_400,0.936772644519806,0.5787070989608765
ha,Ka ci gaba da yin aikin ubangijinka.,Kai zama a cika aikinsu.,llama3.1_8b_abliterated_oneshot,ha_pseudollama_400,0.7380897998809814,0.5365715026855469
ha,"Wannan shi ne Quavo mutum, ba Quefo Tekno: Nna bros ba vex, na cewa Cuppy yarinya rikice ni😂😂😂 LINK","Ina wani shi da karamin sifili, ba ya taya, na' yanar gwaɗa ba ƙara masa ga Cuppy.",llama3.1_8b_abliterated_oneshot,ha_pseudollama_400,0.9291793704032898,0.5362064838409424
ha,"Kabila ba daidai ba ne. Mafi yawan Yoruba da Igbos masu ƙanƙara suna tunanin cewa Yoruba da Igbos ne kawai a kafofin watsa labarun. Da zarar kun ƙi yarda da wani mutumin Igbo na yau da kullun, zai sanya ku Yoruba. Da zarar kun ƙi yarda da Yoruba Man kuna sanya Igbo ko IPOB. Tunanin da ya yi ƙasa. Na tabbata ba ku taɓa tafiya a waje da SW ba",Kabilar yaren Hausa kuma ana iya ganin mafita irin su Yorubawa da Igbona suna shiga cikin tunaninsu. Wannan tunanen ya fi kowane kungiyar jama'a da aka riga an sami yadda take haɗin gwiwa. Na'urar tunanina ya kawo niya. Na karanta ba ku zuwa iyaka da wannan kungiya bane.,llama3.1_8b_abliterated_oneshot,ha_pseudollama_400,0.8306447863578796,0.5166175365447998
ha,Ba haka ba ne mai sauki Abi na kawai kudu samun Najeriya da kuma arewaci zama mumu yanzu,Mai tsoron Allah ya ce ku shiga cikin abokan gida na kudi a Nijar da karamar hukumar Arewacin Najeriyya.,llama3.1_8b_abliterated_oneshot,ha_pseudollama_400,0.7548214793205261,0.3508809506893158
ha,Na yarda cewa maza masu tsirara suna da ban tsoro.,Muna son kira cewar wasu mutane suna canji da matsalar.,llama3.1_8b_abliterated_oneshot,ha_pseudollama_400,0.930854558944702,0.3041090965270996
ha,Idan kai baƙar fata ne Kirista ko kuma baƙar fata Musulmi a wannan karni na 21 cike da bayanai kai babban wawa ne. Za ka iya g...,"Ba ku zo yin gurguzu zuwa ga mace ko mai addini daga karnin nan, domin hakan ya yi wahala.",llama3.1_8b_abliterated_oneshot,ha_pseudollama_400,0.7618686556816101,0.5100711584091187
ha,Ina son yadda kake yin kumfa. Kai wawa ne mai ban dariya🤣 Kana tsalle da ihu da ihu kamar kana ƙaunar Allah fiye da sauran Kiristoci duk da haka har yanzu kai mai zunubi ne mai lalata kamar sauranmu. Kai wawa ne sosai don ka yi yaƙi domin Kristi. Yana ganin kai wawa ne. 😂,"Kuna shahara cikin yanayya da yawa. Kaɗan gaba ta ɓangarwa ba kamar yaddanka ɗaya. Ka dace da abokan adawarinka ba tare da kowa, musamman Kirista. Wannan shiri ce don samun damuwar adawa domin ciwon Kristi.""",llama3.1_8b_abliterated_oneshot,ha_pseudollama_400,0.7025117874145508,0.5992180109024048
ha,"7 idiots son har yanzu, 4 wawaye retweeted da 2 brainless akuya kawai yarda da rashin fahimtar. don Allah karanta da kyau don fahimta da kuma fahimta, mutumin da ya ce ya yi aiki tare da mace ya nuna kansa nufi da kuma taken ba game da abin da ka rubuta.","Ba haka ba, shima ku gaba da sahihin wannan labarin, amma ya kamata ku ga ta hanyar sani domin tabbatar da ya fito da al'ada.",llama3.1_8b_abliterated_oneshot,ha_pseudollama_400,0.9125564694404602,0.3750111758708954
ha,"A cikin wannan labarin, wani ya ce ya yi lalata da wani, amma ya ce ya yi kuskure ya tsotse shi.","Ba a bayyana yadda wani yake sanya wata la'akari, amman ya ce ba a tabbatar yawan shi.",llama3.1_8b_abliterated_oneshot,ha_pseudollama_400,0.964621603488922,0.3798950910568237
ha,"Wane irin tunani ne wannan, don Allah?",Ko da yafi cikin tunanni a wannan?,llama3.1_8b_abliterated_oneshot,ha_pseudollama_400,0.9529562592506408,0.4839531779289245
ha,"Idan ka kuma bi mata fiye da ɗaya, to ka kuma yi wa karuwanci ja-gora.","Mata da kai yawan bayyanarwa ba ya fiye na ɓoye, kuma muka samu bukatun rashin son.",llama3.1_8b_abliterated_oneshot,ha_pseudollama_400,0.9054537415504456,0.3738785982131958
ha,"Ba a bukatar magana da mai hikima ba - wawaye ne suke bukatar shawara"".",Ba a samu damar magana tare da mace/mu na gaba.,llama3.1_8b_abliterated_oneshot,ha_pseudollama_400,0.9757664799690248,0.3890883326530456
ha,"Abin da na koya a cikin shekaru da yawa na rayu shi ne kada in amince da karuwa domin karuwa da aka rubuta a baya shi ne hctib kuma wannan shit ba ya da ma'ana, kamar wadannan karuwa","Wata abubuwa da ke aiki a ciki har zuwa shekarun sa hannun ta, ba za ku iya saniyarwa tare da karuwannen daga nan sai dai wannan batu ba tace karamin matsala.",llama3.1_8b_abliterated_oneshot,ha_pseudollama_400,0.9052093029022216,0.3873775899410248
ha,"Ka taimake ni in sanar da cewa Mai Martaba ya ba da 'ya'yanta da iyalinta ga Fulani makiyaya don a kashe su kuma daga baya, zan iya ɗaukar ta da muhimmanci.",Mai martaba yasa sanarwa ku da cikakken bayyanar 'ya'yan sa na iyalinsu zuwa makayi na Fulani.,llama3.1_8b_abliterated_oneshot,ha_pseudollama_400,0.5235557556152344,0.4524062871932983
ha,Kun fi muni domin yawancin wadanda suka sha wahala daga Book Haram Musulmi ne kuma ba yau aka fara ba.,Ba daɗe kuwa masu laifuka daga wannan yanayya na Musulunci.,llama3.1_8b_abliterated_oneshot,ha_pseudollama_400,0.5326277017593384,0.380429744720459
ha,"Don haka a Najeriya, Arewa da Kudu sune kawai yankunan geopolitical da muke da su daidai? Irinka kunya ne ga Musulunci, ba ka ma yin tunani da kai, kawai kana so ka rant. Muna da yankuna 6 na geopolitical, babu wani abu kamar Arewa da Kudu.","Muna cikin Najeriyya, Auren daga Kudun sunan geo-political, duk wata rana kuma kuwa? Ba a gamsu iri-n-kunyar Musulmi ya sa ka da wata ya yi, domin ana iya ci gaba da kawo. Mu da yawa na geo-polical, ba a hada yaro ba shi kadai.",llama3.1_8b_abliterated_oneshot,ha_pseudollama_400,0.9418177604675292,0.5564115047454834
ha,Ratchet hoes suna amfani da wannan hoton a matsayin BBC dp ... kamar tsanani bitch?,Kuna wasu mata masu amfana da wannann hoton BBC ta yaya a shafuka.,llama3.1_8b_abliterated_oneshot,ha_pseudollama_400,0.9117477536201476,0.5214729309082031
ha,Awon 'maza ƙazanta ne' ba za su tuna cewa yawancin mata da 'yan mata aljanu ne ba...,Ba za su tabbatar da yawanci na mata da yara sunan daga cikin haɗari.,llama3.1_8b_abliterated_oneshot,ha_pseudollama_400,0.9102380275726318,0.5205261707305908
ha,Domin mun kasance muna yin watsi da wani muhimmin batu na tattaunawa kuma muna sa mutane su nemi gafara saboda kabilanci na asali.,"Ko domin yaɗe muna cikin ƙwararren yadda za ku iya shiga taron gagganmu, kuma ko muna yi masa aure saboda kabilar da ke nan.",llama3.1_8b_abliterated_oneshot,ha_pseudollama_400,0.949101746082306,0.3832953572273254
ha,Kafin yaushe ne zalunci zai ci gaba? Allah zai sa ka yi nasara.,Ba da za ku iya wata kuri? Allahn ya daceku.,llama3.1_8b_abliterated_oneshot,ha_pseudollama_400,0.71297287940979,0.3268994092941284
ha,"Yoruba ba su da kyau, mun sayar da hakkokinmu ga Hausawa don su ne ke kula da mu. me yasa ba za su iya raba kayan a Legas ba kuma su rarraba su ga kowane jihohi?","Muna da matsala tare da Yarbawa, suna canjin hakkinmu zuwa Hausawa domin kulawa da mu, amma muna son zatonin kunshe kuma muna soke wajen raba wa'adin a Legos kuma raba zuwa kowace jihar.",llama3.1_8b_abliterated_oneshot,ha_pseudollama_400,0.8981735110282898,0.7162655591964722
ha,"Don Allah Northerners, ina rokon ku da sunan Allah don ajiye your abinci da kuma jira da Southerners su yi addu'a ga shi. idan ka mutane ci gaba da sayar da ku rotten tumatir da albasa zuwa kudu, to, ku bastards. 🤣🤣🤣🤣🤣🤣🤣 kamar ka taba fitarwa da cewa your sharar gida","Ina roko ku da yin Allah domin ajiya abincin ku, amma kuma kunnaya da kudin ku don aiwatar da hankali ga duk mutane. Idan ka tafi cikin sauraren ku, to kai mu dawowa ku zuwa wurin da aka fi so.",llama3.1_8b_abliterated_oneshot,ha_pseudollama_400,0.883563756942749,0.5134085416793823
ha,Kuma sauran sassan Najeriya wadanda ba Musulmi ba za su zama kudancin Kaduna...,Baɗa so na ƙungiyoyi daban-daban a Nijar da ba musulmi bane suna iya zuwa kudu Kaduna.,llama3.1_8b_abliterated_oneshot,ha_pseudollama_400,0.8396244645118713,0.6650859117507935
ha,Ina zargin 'yan wasan da za su kalli wasannin Man U a filin wasa ,Ba za ku iya tafiya wajen shafuka wasanninsu na Man U.,llama3.1_8b_abliterated_oneshot,ha_pseudollama_400,0.8653382658958435,0.5512211322784424
ha,Duk wani wawa da bai yarda ya goyi bayan Buhari ya kamata ya gaisa da Najeriya  Sagay.,Ba za ku ji ta yadda wani mutum zai iya son kama yaro da shugaban kasa ya jagorin Nijar.,llama3.1_8b_abliterated_oneshot,ha_pseudollama_400,0.8577855825424194,0.4427800476551056
ha,Ta yi tweet din da ta yi wa tsohonta a wani lokaci kuma hakan ya sa aka kore ta?,Ba zai yi tweet na wannan lokacin ba akan abinda aka yi masa.,llama3.1_8b_abliterated_oneshot,ha_pseudollama_400,0.9286640882492064,0.5520155429840088
ha,Ba a san dalilin da ya sa al'umma ta fi haƙuri da mace fiye da namiji ba,Bai sa al'amurra a fahimtar yin ranci da jiki da karamin mata fiye na maza.,llama3.1_8b_abliterated_oneshot,ha_pseudollama_400,0.8982090950012207,0.5607436895370483
ha,"Me ya sa a duniya suke ba da kayan aiki 2 wadannan 'yan ta'adda marasa karatu da ke kashe marasa laifi, marasa makamai? ba ka tsammanin makarantu da ba su da kayan aiki na asali za su yi amfani da wannan mafi kyau?","Ba zuci yara kuma suna iya samuwa kayan wasika biyu da aka jefawa masu karatu ko kuma masu laifuka, masu matsala? Wata karama makaranta ba ta da kayana wasika na asalin ta ya shiga amfana na gaba.",llama3.1_8b_abliterated_oneshot,ha_pseudollama_400,0.9437621235847472,0.4742807745933532
ha,Ka ji tsoro? Ka san cewa ka yi wa mutane ba'a don ka san cewa za ka iya ba mu lauya.,Ba ajiyarwa ku? Ba ƙaɗe ku cewar ku ya sani yin sauran mutane kuma ku daidai zuwa shi.,llama3.1_8b_abliterated_oneshot,ha_pseudollama_400,0.90427565574646,0.5740101337432861
ha,'Yan mata fararen fata sune mafi kyawun 'yan tsirara kuma sun ƙware wajen sa mu farin ciki da MUKANNA BLACK,"Ba za ku iya yi wa 'yan mata farare fata shiga cikin kuskure ba, domin su ne masu nasarar yada labarin kanta.",llama3.1_8b_abliterated_oneshot,ha_pseudollama_400,0.7729763984680176,0.3057637810707092
ha,Najeriya kasa ce ga Hausawa da Fulani sai dai wasu su samu hanyarsu domin ba ka da wuri a can suna amfani da kai ne kawai domin wadatarsu,Ba za ku iya shiga Najeriya domin ya zuwa kan haɗin da ƙungiyar Hausawa-Fulani domin tace ta ya hada gudun mutane domin ya ci gaba.,llama3.1_8b_abliterated_oneshot,ha_pseudollama_400,0.7208099365234375,0.544450581073761
ha,"Yomi fabiyi mutum ne mai wauta sosai bcs na tabbata wani mutum mai girma ba zai taɓa yin tunani kamar yadda yake tunani ba, har ma da magana game da wani mutum tare da yaro... Ba zan iya ba shi ba don haka sai ya kashe da kuma fyade matasa 'yan mata don haka dole ne ya goyi bayan abokin tarayya...","Wannan Yomi babu sabon aikin mutum a cikin matakai, saboda shi ya samu wata rahoton wanda ya sauke shi akan wata ƙwarewa, wanda bai son taɗi kuwa ya yi masa magana da wata gwanon nan, amsarinsa ya yi farawa.",llama3.1_8b_abliterated_oneshot,ha_pseudollama_400,0.7221549153327942,0.3447941541671753
ha,"Duk wadannan sadists, bigots da kuma uncultured bakan gizo anaconda suka boye a karkashin rigar na feminism kamata kawai fita daga ta ambaci fr!",Wannan mutane masu bambanci da kuskure suna canjin yadda ya shiga cikin wannan tsari na feministi.,llama3.1_8b_abliterated_oneshot,ha_pseudollama_400,0.8913004398345947,0.4188976883888244
ha,""" 'Yan matan suna yin lalata ba tare da kwaroron roba ba... Amma ka riƙe wani abu don kare iPhone"".","Ina son kai cikin jiki, ba a yi nasarar kawo don karɓi iPhone.",llama3.1_8b_abliterated_oneshot,ha_pseudollama_400,0.944582462310791,0.4695290029048919
ha,: Masu cin hanci da rashawa Hausa / Fulani BokoHaram Herdsmen kabilar halakar da sauran kabilu. Decolonize. https:...,"Masu amfani da cin hankali da rashin kwarewar Hausa/Fulani suna shiga cikin matsalar haunin kasa tare da wasu kabilu, kuma hada ana son samun rahoton farar gaban.",llama3.1_8b_abliterated_oneshot,ha_pseudollama_400,0.7659583687782288,0.415377140045166
ha,Wawaye masu addini suna addu'a ga Isra'ila wadanda suke amfani da makamai masu inganci don kare kansu.,Muna yardar da matsalar addini tare da kuɗin yawa zuwa Isra'ilawa dangane domin kuɗi.,llama3.1_8b_abliterated_oneshot,ha_pseudollama_400,0.8847450017929077,0.4394608736038208
ha,"Abin da ke faruwa, yarinya ne, ku duba matan da suke kusa da gidan wasan kwaikwayo. Ku kira ni a kan BBC 22229BA3, ku duba ni a cikin gidan wasan kwaikwayo.","Ba tace sabon abin da ya faru, ku gane cikakkan da masu son ginshiƙi a matsayin BBC 22412BA3.",llama3.1_8b_abliterated_oneshot,ha_pseudollama_400,0.8930880427360535,0.5579532384872437
ha,Kana nufin cewa ka kasance a matsayin akuya?,Ba ku da nasu ganin ku ya yi wa kuwa yauwain?,llama3.1_8b_abliterated_oneshot,ha_pseudollama_400,0.8555354475975037,0.4895920753479004
ha,Garba Shehu hakika tsoho ne marar kunya.,Ko da garba shehu yasa tsoron girmamai.,llama3.1_8b_abliterated_oneshot,ha_pseudollama_400,0.7977182269096375,0.3700407445430755
ha,"Lmao. zan sanya wannan a nan, da idgaf. sun yi nasara da arewa, amma ba za su iya samun sauran mu. Na farko, su yi ilimi shit, arewa ne cike da maras karatu, yanzu, suna so su yi amfani da talauci. Mf so mu yi noma, da kuma rage talauci 5k?? idiots!!","Ina son rai da wannan nan, ba na ci gaba da sukar. Sun yi nasarar arewa kuma ba za a iya karanta saboda rashin ilimi. Na uku, muna yi nufin yiwa daga cikin ku shiga cikakka.",llama3.1_8b_abliterated_oneshot,ha_pseudollama_400,0.8796831965446472,0.6373502016067505
ha,Kai wawa ne kuma ba ka da wanda zai gaya maka,Ba ku da shari'ar mutum daya ya sa kiyayya.,llama3.1_8b_abliterated_oneshot,ha_pseudollama_400,0.8733111023902893,0.3662572503089905
ha,"Mr. Shugaban kasa, don Allah ka daina bin inuwa, abin da Najeriya ke bukata a yanzu shi ne umarnin zartarwa ga Fulani Shepherdmen Killer!","Mai shugabancin ƙasar, Allah ya sa idan wannan matsalar, haka nan ba ta samu nasara a Nijeriya, domin hakan ya nufići a kan sabon tsari ga 'yan Fulani na daba.",llama3.1_8b_abliterated_oneshot,ha_pseudollama_400,0.5048606991767883,0.4786020815372467
ha,"A'a, na yi hakuri, ba a nan gaba ba, 'yan siyasa sun kasance da haɗin kai a matakin su, duk game da haɗama da son kai ne, rabuwa ne kawai tsakanin talakawa talakawa","Wannan abun da aka yi, ba zai faru a gaban gaba, 'yar siyasar suna cikin tarbiya a matsayar, duk da karamar adi da kawanci, hadin kan ce kawai ya bambanta.",llama3.1_8b_abliterated_oneshot,ha_pseudollama_400,0.933759331703186,0.5802803635597229
ha,"""Tauraruwar itace mai ban sha'awa 'Ramsey Nouah' ta daina yin fim!"" *ta yi mamaki* *ta yi dariya*","""Ramsey Noah ya ci rabin wasu fina-finai.""",llama3.1_8b_abliterated_oneshot,ha_pseudollama_400,0.8588827252388,0.6251893639564514
ha,Chelsea tana wasa da banza a yanzu.,Chelsea ya yi nasarar ci gaba a yau.,llama3.1_8b_abliterated_oneshot,ha_pseudollama_400,0.877626359462738,0.7407400608062744
ha,A yawancin masu fasaha na Nija suna da hankali ga saurin da kuma bugun jini. lokacin da na saurari wasu kiɗa na Nija kuma na yi kokarin fahimtar abun ciki ba ka ji komai sai wauta da wauta... ka daina canja wurin halin ka na wauta ga yara marasa laifi.,"Ba a dacewa ku ya fiyawon Nijarwa, domin kuwa wasu mutane suna iya bukatar suka. Lokacin da ka saurarwa kuma ka yi kokari neman fahima, sai ka yi watsi wa kan al'ada kuma da kanta kuma, ka kawo shi ga muku.",llama3.1_8b_abliterated_oneshot,ha_pseudollama_400,0.7061187028884888,0.3996319770812988
ha,Gaskiya mafi munin banki na taba samun rashin sa'a na bude wani asusu da ban san abin da na yi tunani ba fuck reverse my kudi ka shirya bakin ciki sata pedophiles kusan dukan wata yanzu da ko da amsa DM ne matsala kunya da kuma m hali,Muna soke banki don haɗe kuri gamsu a duk asusu ba da ya hada aikin ku.,llama3.1_8b_abliterated_oneshot,ha_pseudollama_400,0.9635560512542723,0.3265988826751709
ha,Ka yi tunanin cewa ina aiki kuma ina taimakawa wajen kula da gidana wataƙila saboda mijina ba zai iya kula da ni ba? Wace irin wawaye kuke haifawa a wannan app ɗin? Wace mace ce har yanzu take yin irin wannan tunani? Anuofia.,"Ba ta dace aikin ku ya yi tunani cewar ku na iya taimaka wa ku akan kulawa da gida, saboda miji na iyalta ba zato kuwa shi. Wace abokinta ke haifawan wannan apps don hankali? Wane mace take take tunaninsu kan wannan wurin? Alkalin ci.",llama3.1_8b_abliterated_oneshot,ha_pseudollama_400,0.9459351897239684,0.7608059644699097
ha,Shit Ina bukatar in koyi yaren Yoruba da wuri-wuri.,Ina bu kiran yaren Hausa ba wuri.,llama3.1_8b_abliterated_oneshot,ha_pseudollama_400,0.972926676273346,0.4742100238800049
ha,"Haka ne, yaya hakan ba zai faru ba idan mace ta iya rubuta jerin abubuwa game da fyade a cikin ""Handsmaids tale"" - Abun ƙyama... Smh*","Ba zato ya shiga cikinsa, wannan jerin kuma bane shi za'a iya farawa idan mata ta yi rubutu na 'yan uwa a ciki.",llama3.1_8b_abliterated_oneshot,ha_pseudollama_400,0.954593062400818,0.4247390031814575
ha,Ka ga kamar ka b kamar ba a dafa wake 😭😭😭,"Ina farin cikin ku, ku yi kama da ku ya sa idan ku ya yi wata rana.",llama3.1_8b_abliterated_oneshot,ha_pseudollama_400,0.926015853881836,0.3516154885292053
ha,"Na san ""Ishaku"" suna ne na kowa a Arewacin &amp; Middle Belt, amma yana kama da ""Coconut Head"" a Igbo.","Ina farin cikin yadda ""Ishaqu"" ya cancanta a Auren Tsakiyar da Kudu maso Yamma, amman shi ba shi ne babban mutum a Igbol.",llama3.1_8b_abliterated_oneshot,ha_pseudollama_400,0.8147956728935242,0.7594975233078003
ha,"kuma wasu idan u yi wani mataki kuma sowore kuma yi wani mataki abin da yake da mummunan abu a cikinsa lokacin da Sahara rp ya ce yele da sauransu, bari mu ci gaba da natsuwa girman kai kada mu biya lissafin. bari mu hada kai kamar Biafra da Arewa matasa yele ba mu matsala ooooh u kira shi agbaya haka bakin ciki.","Kuma wasun annabin da yafe ta samu wannan matsala, sannan suka janye daga wannan wurin domin ya tsokana da sauranmu, kuma zuwa ga karamar hukumar nan ta biya katin rantsaye.",llama3.1_8b_abliterated_oneshot,ha_pseudollama_400,0.8236204385757446,0.3744985163211822
ha,"Ina son 'yan Arewa a kan abu daya, suna da aminci ga kansu da kashi 2000%... 'yan Kudu masu Sabi suna samun ilimi sosai kuma ba United ba","Ba za ku iya fahimta da cikin manyan yankuna na Arewan, sun samu damar karatun ilimin jiki da dama, amma kuma suna ci gaba da hulda akan karatunan.",llama3.1_8b_abliterated_oneshot,ha_pseudollama_400,0.8910947442054749,0.3945334851741791
ha,"Wole Soyinka Ya Ce Lokacin da Ka Aure Matar Bauta, Kana Yin Yanke Shawara Masu Wauta Kamar Jonathan  Gaskiya ne ko ƙarya?","Ko soyayya ya ce lokacin da ka aure mata karami, ko yin shawara masu wauta?",llama3.1_8b_abliterated_oneshot,ha_pseudollama_400,0.946269690990448,0.6083922386169434
ha,": 2. kuma shugaban da Allah ya ba Ndi Igbo Nnamdi KANU, domin gamsar da Hausa Fulani kwari bayi masters.","Ba zai yi nasara kanmu shugaba Nnamdu Kanu, domin magana da juna kan cin iya sabon tsari.",llama3.1_8b_abliterated_oneshot,ha_pseudollama_400,0.8901348114013672,0.3094423413276672
ha,"""Kuɗi ne karewa ga yawa bullshit"" Wannan sanarwa hits wuya👌","Muna kudi ba da gagarri, wannan labarin ya fiya.",llama3.1_8b_abliterated_oneshot,ha_pseudollama_400,0.8964394927024841,0.3260337114334106
ha,"Me yasa wadannan abokis na keken keken keken suke da rashin kulawa??? Wannan ya karya akwati daya na qwai na sayi, omo.",Kuma wadansu abokin nan ke neman shawarwar ne? Kwaren wannan baya ba zasu iya tsoron.,llama3.1_8b_abliterated_oneshot,ha_pseudollama_400,0.5202701091766357,0.3657225370407104
ha,Ya kamata ka kwafa rubutun ka fassara shi zuwa Hausa da ka fahimta kafin ka rubuta wauta... baranda!!!!..mtchew,Kuna iya aikin rubutu shi a Hausa domin ku fahimsa kafin ku rubuta.,llama3.1_8b_abliterated_oneshot,ha_pseudollama_400,0.9597955346107484,0.6687315702438354
ha,"Ta yaya wani mutum mai hankali zai iya kwatanta Dubai da baya, primitive da redundant Arewacin Najeriya? idan wani ilimi Arewa iya post wannan ina mamaki yadda kwakwalwa wanke illiterate taro za su yi tunani.","Kuma kana a gane shi ya fi so da dubu zuwa wasu wurin, ko ba a dace shi a ganin gudun hijirar Arewaciya? Idan a cikin iliminmu na samu masa irin waɗannan maganar, sannan kuma zaku iya tambayyar shi.",llama3.1_8b_abliterated_oneshot,ha_pseudollama_400,0.9065131545066832,0.3520334959030151
ha,'Yan Afirka ta Kudu masu kishin ƙasa,Ba zai dace ku da hankali ya zuwa kan wani yanki na Afirika.,llama3.1_8b_abliterated_oneshot,ha_pseudollama_400,0.8293747305870056,0.3527138829231262
ha,"Ba za ku so ku ga Fulani makiyaya ko wani kamanin shanu a kusa da ku ba amma ku ne na farko da za ku yi ihu ""Mama Nkechi, nyem ikwobi"" duk lokacin da kuka isa wurin da kuka fi shahara.",Kuna iya zuwa ga wata shugaba Fulani ta tafi ya cikin hanyar da ku ke son. Kana daya na zama cikinsa ta ci gaba don samun maganar.,llama3.1_8b_abliterated_oneshot,ha_pseudollama_400,0.590344250202179,0.3605778515338897
ha,Na san shi tun lokacin da yake a Science Gombe zuwa ATBU har zuwa lokacin da ya tafi Saudiyya bayan ya zauna daga Nazarin a Birtaniya zuwa matsayin Minista. mutumin ya kasance babban zamba boye a karkashin Musulunci don ciyar da kamar kowane dan siyasa. Ya kasance wani yaro daga waɗanda a cikin adawa,Ya fara karatun Science a Gompe zuwa Jami'ar ATBU kuma ya yi iya zuwan Saudiyyar Arab ta hanyar Najeriya zuwaye na Nazarin Ɗaura daga Birtanya zuwa mukamin Minista a nan. Shi ya samu nasarar yin jari-kari mai zuwa al'ada musulmi don tabbatar da kyakkyawar siyasar kowacewa.,llama3.1_8b_abliterated_oneshot,ha_pseudollama_400,0.8489421606063843,0.740225076675415
ha,"Janar Buhari ya kira taron a kasa da biyu domin an share sakon da ya wallafa na kisan kiyashi da aka yi wa 'yan Igbo, amma ana yanka mutane a kowace rana kamar dabbobi kuma bai ce ko kalma daya ba, Tsarin gwamnati a Najeriya ya lalace har zuwa ainihinsa.","Shugaban kasa, Janar Bihari, ya buɗe hannu a kan tattara daga biyu don karɓe masaƙa ga harsassan ɗaya, wanda ke ɓurɓura tsakanin jama'a.",llama3.1_8b_abliterated_oneshot,ha_pseudollama_400,0.8981679081916809,0.5442864298820496
ha,Hey dumb!! kada ku zo da zubar da saliva a cikin ambaton kamar yadda na kira ku. Yanzu je ka sami abokanka!,"Ku zo da gani? Wannan abokan ku suna ciki, kuma ku yi iya so?",llama3.1_8b_abliterated_oneshot,ha_pseudollama_400,0.880888044834137,0.3913970291614532
ha,"Gwamnoni a Najeriya, musamman daga arewacin Najeriya, musamman daga Arewacin Tsakiya sun gaji juyin juya hali. A gaskiya, wasu daga cikin wadannan 'ya'yan lazy na gwamnatin tarayya (ƙungiyoyin) shugabannin ba su tunani a ciki.","Ina son karamar tsari da ke faruwa a Najeriyar, musammaman a yankunan arewa da kuma Arewa maso tsakiya. Kuma, ana iya ganin an haɗe yawancin mutane da suke da ɓangon gurguzu a kan al'umma ko kungiyar gwamnatinsu.",llama3.1_8b_abliterated_oneshot,ha_pseudollama_400,0.9216090440750122,0.6317943930625916
ha,Wasu 'yan niggas ne kawai bitches da aka ɗaure da zaki * rai *,Muna soƙiya waɗannan mace-mace masu son kawai suna son yaɗe wannan raƙon.,llama3.1_8b_abliterated_oneshot,ha_pseudollama_400,0.6547747850418091,0.3899101614952087
ha,Wannan wani abu ne mai ban mamaki ga makiyaya masu kisan kai da ake turawa a kudancin Najeriya. Sun san yawancin 'yan kasuwar Crypto 'yan kudanci ne. kwakwalwarsu ta Malu Malu ba ta iya tunanin komai sai shanu.,"Muna ganin wannan matsalar a cikin manyan ƙasar Najeriyya. Suna samun yaran kasuwancin kuɗi na kudu a ciki. Kamar yadda suka yi masa magana, suna son kallon su.",llama3.1_8b_abliterated_oneshot,ha_pseudollama_400,0.844815731048584,0.4400730729103088
ha,Maza suna da lalata amma 'yan mata suna yaudarar juna 🤔,Ina son kuma ajiya a cikin maza amma ana iya yaudara a cikiyar 'yan uwa.,llama3.1_8b_abliterated_oneshot,ha_pseudollama_400,0.9645740389823914,0.4824858605861664
ha,"Mata masu lalata suna da ban dariya, idan suna iya taimaka wa wata mata, sai su zama masu ban tsoro da kuma baƙin ciki.",Ba za ku iya samun damuwa idan ku cece ku zuwa wata Mata.,llama3.1_8b_abliterated_oneshot,ha_pseudollama_400,0.7710878252983093,0.3360705077648163
ha,Ka gaya wa Buhari ya kira wadanda ke tallafawa Boko Haram kamar yadda Dubai ta yi?,Kan gani shugaban karamar Buharin tabbata mabudummu da ke tallafa wa Boko haram daga cikin dubai?,llama3.1_8b_abliterated_oneshot,ha_pseudollama_400,0.554680585861206,0.7098814249038696
ha,"Sans sune mafi yawan 'yan Afirka marasa tsaro, wariyar launin fata a kasarmu tsakanin fararen & baƙar fata sun fi yawa fiye da waɗanda aka samu a fadin tekun Afirka.","Wannan labarin ya nufi cewa, duniya ta da rahoton manyan 'yan Afrika ba sa da nasara, amma kuma ba ka iya ganin launatarwa a fadar na farko tare da juna a fadinsa.",llama3.1_8b_abliterated_oneshot,ha_pseudollama_400,0.9408177733421326,0.3091875612735748
ha,"Bruhh, ina fata kasuwancinku ya ci gaba saboda tsananin karnukanku na manya.","Kuna da matsala da ka yi akan harkar karkatarwa aikin ku, saboda kulle shafin ku ya kawo karfe.",llama3.1_8b_abliterated_oneshot,ha_pseudollama_400,0.9422902464866638,0.3498082756996155
ha,Amma Buhari ya yi? don Allah ka ɓoye kanka a cikin kunya abeg. wannan ba lokaci bane don yin alfahari da shawarar da ta dawo da kasar zuwa zamanin soja kuma ba mu da tabbacin dawowa daga.,"Babban shugaban mulkinmu ya yi wa al'ummar Hausa siyasa ne. Mutane suna iya jira manya manya da aka bashi wajen sake girmamawa da siyasar kasar, domin kuwa wannan lokacin ba za a iya saita da kunsheki.",llama3.1_8b_abliterated_oneshot,ha_pseudollama_400,0.8016176223754883,0.40960294008255
ha,Aure na 'yan luwadi yana lalata ainihin mutum.,Mutumin da aka yi masa iliminin ya fi yin sabaniya.,llama3.1_8b_abliterated_oneshot,ha_pseudollama_400,0.9060297608375548,0.3307725191116333
ha,"Bugu da kari, gwamnatin jihar ta biya kudaden wadannan mutane marasa laifi kuma ta ayyana kungiyar ta'addanci ta IPOB a jihar.","Ko da alhakin da yafi so, gwagwarmaja ya nemi magance shawara kan manyan masu son kama da hukumar ta kungiya ta addinin IPOB.",llama3.1_8b_abliterated_oneshot,ha_pseudollama_400,0.9292508959770204,0.3096267879009247
ha,'Yan matan Ecu tsirara Japan batsa tits LINK,Kuna matan da suke samuwa zuwa Japan ba ta dace kuma suna daukar hoto a cikin yanar gizo.,llama3.1_8b_abliterated_oneshot,ha_pseudollama_400,0.8818522691726685,0.3655861616134643
ha,"Wannan yana da kyau sun kasance suna sata mu kudi domin shekaru Me ya sa canja wurin da shari'ar zuwa Abuja, don haka suna nufin cewa batun jihar da za a canja zuwa Abuja, cewa wani jihar? Kudu ya kamata farka da m gwamnoni","Kuna iya tunawa cikin sau cewar wannan hadarin ya zo ne, domin daga bisani yatar kawo gudanar da shafin zuwa kan kantin gwamnan Abuja.",llama3.1_8b_abliterated_oneshot,ha_pseudollama_400,0.965183436870575,0.4594550132751465
ha,🤣🤣 mugun Ghanawa a nan riga. ba za mu iya bi hanyarku o.,"Kuma yabo ya ce kamar riga, ba na iya zuwa wannan hanyar.",llama3.1_8b_abliterated_oneshot,ha_pseudollama_400,0.9503019452095032,0.3727033138275146
ha,"Shugabannin Arewa ba su da amfani, ban san abin da zan iya ba su ba, wataƙila suna bin wani addinin Islama banda wanda muke yi a nan.","Ina son shagalin Arewanci bai da nasu ingantaka, ba sa lambar abinda ke nawa, kuma muka yi karfen nan.",llama3.1_8b_abliterated_oneshot,ha_pseudollama_400,0.8606927990913391,0.4969295859336853
ha,Kai ne baƙon banza a nan saboda kai gay ne ba ka da 'yancin zuwa ƙarƙashin maganata don ka ce banza.. banza ne ya ɗauka wannan zomo na banza kusa da ni zan yanke shi daga gare ku mugu ewu hausa.,"Ba za ku iya sake yi wa ku amince da nan sabo, saboda ku gaye ba ku da tabbacin zuwa cikin muhalli don ku ce ku amsa. Ku faɗi wannan abubuwa na nan kusa kuma zaku iya yin ciniki daga hannun ku tukku zuwa ku.",llama3.1_8b_abliterated_oneshot,ha_pseudollama_400,0.8693284392356873,0.5578181147575378
ha,"A lokacin da na rubuta wannan labarin, yawancin su suna fama da bugun zuciya. ko kuma...",Ba duba! Wannan labari ya fiyayya mutane da yawa ba su ke takura ba.,llama3.1_8b_abliterated_oneshot,ha_pseudollama_400,0.896742582321167,0.3994293808937073
ha,"Wannan hali ne na maza na Igbo , kullum suna tunanin cewa tunanin su daidai ne da girman kai , lokacin da SW ke ci gaba da karfafa mutanensu su samu PVC suna aiki ne wajen tallafawa masu laifi su kone PVC din su saboda basu fahimci dimokradiyya ba","Hausa translation:

Wannann halin ya shiga Igbo, dukkansu suna kan yi masa yakin cewar da matsakaici da kai, idan aka dawo da karamin sarauta.",llama3.1_8b_abliterated_oneshot,ha_pseudollama_400,0.8758633732795715,0.304689884185791
ha,Wannan shine mafi kyawun lokaci ga gwamnoni a Kudanci don aika almajiris ɗin ciki har da tsofaffi maza da mata da ke zubar da jihohin su zuwa arewa,"Ko da wannan shiri kuma na son raba gaskiya a Kudu, domin ya iya karɓe wasu mutane daga yammacin ƙasar.",llama3.1_8b_abliterated_oneshot,ha_pseudollama_400,0.9387844800949096,0.4819733500480652
ha,"A shekarunka, ya kamata ka zama matashi sosai don ka taimaka wa jama'a, ra'ayin shi ne game da ""Biafra land"" maimakon wauta ka yanke shawarar zagi matan Edo ta hanyar kiran su ashawo kuma na ba da amsa mafi kyau tare da facts","Abokin ni, ya ci gaba ka zana yadda za a samu nasarar jama'ar mu, bayyanar shi ce ""Bifra"" a cikin hankali, kuma zaku iya shawara da matsakaici da kwarewa zuwa abokan ciniki.",llama3.1_8b_abliterated_oneshot,ha_pseudollama_400,0.9297361969947816,0.3981252312660217
ha,"Wani wanda zai iya musayar mahaifiyarsa da kudi😂😂😂😂 Makiyaya suna kashe mutane, su yi musu fyade da kuma sace su amma duk sun yi shiru. Yanzu mutane suna son kare kansu, wawa yana magana. Omo Ale Yoruba ni o.","Mahaifiyar wata rana ce ke soya kudin ta bayan ta cikin watar guda biyu. Wannan yawan mutane ba sa samu kyakkyauwa ba, amma suna ci gaba da shirya. Daga nan, yanzu karya-karyar ta sake dawo.",llama3.1_8b_abliterated_oneshot,ha_pseudollama_400,0.89447420835495,0.3793345391750335
ha,Ba za ka iya juya wani hook a cikin wani gida uwargida ...,Mai aikin ya ce ba ka iyal da juya a gida yayanmu.,llama3.1_8b_abliterated_oneshot,ha_pseudollama_400,0.8844093084335327,0.4643396735191345
ha,"GEJ ziyarci Chibok ne wani m mataki 2 dauki yanzu, ko ba ka san BH babban manufa ne ya sauko da gwamnatinsa? idan ya mutu BH ya yi nasara","Ba zaku iya ganin GEJ ya zo Chibuk ne wata matakai biyu domin shawarar da aka karanta, ko kana ka ji amince da shugaban kasa ya samu nasarar gwamnatin.",llama3.1_8b_abliterated_oneshot,ha_pseudollama_400,0.882293164730072,0.6455440521240234
ha,Najeriya ita ce mafi munin sharar gida a duniya wadda Buhari mai kishin kasa da kuma jihadi ke jagoranta.,"Mai mulkin Najeriya shine ɗaya cikin ƙasashen da aka sani da matsalar gida, a tsakanin sauran ƴan tattara shugabanni.",llama3.1_8b_abliterated_oneshot,ha_pseudollama_400,0.6625663638114929,0.5979591608047485
ha,Ku shirya PVC ku... 'Yan Najeriya masu lazy su ne kawai ba tare da PVC ba.,Ba zuciya ku ji izgili da yawa a cikin 'yan Najeriyya da ke son karɓe PVC.,llama3.1_8b_abliterated_oneshot,ha_pseudollama_400,0.7948215007781982,0.5399953126907349
ha,"Ban san matsalolin wasu mata ba yanzu, bayan yanzu ciwon nono ka bi su kuma za ka fara zargi Allah maimakon wauta.","Ba da yafi yin matsalar juna, domin haka na gane cikinsu, kuma sai ka yi magana zuwa ga Allah.",llama3.1_8b_abliterated_oneshot,ha_pseudollama_400,0.908044159412384,0.5834307670593262
ha,Bari wadannan karnuka marasa ƙarfi su ci gaba da rawa a filin kasuwa tsirara. Sun sa mu fahimci cewa jimlar matsalar al'umma yanzu ta kasance ta'addanci + banditry + sace mutane + Fulani makiyaya + Boko Haram + zalunci na 'yan sanda + farashin kaya = Islam Buhari.,Ko tarbi karnuwan masu laifi suna son cigaba da cin gaban siyar da raha a fasin kasuwar. Sun sake yi tunanin cewar cewai jimlar shaidar jama'a ya zama wata tatsarin adawa da adabi da lalacin kuɗi.,llama3.1_8b_abliterated_oneshot,ha_pseudollama_400,0.8898323774337769,0.3686145544052124
ha,"Ina da cikakken yarda da CAN a kan wannan. Bari mu kuma tunatar da CAN da ta tura irin wannan adadin makamashi zuwa ga mafi ƙasƙantar da gidajen karuwai da ake kira 'Kiristoci' majami'u wanda ra'ayi, ayyuka, & amp; dressing al'adu inganta lalata &amp; amp; sa fyade, da kuma sauran zalunci.","Muna yi masa magana game da CAN, ya ce muna tuna da shi don hanzarta wannan makamashin zuwa waɗannan ɓangarori na karuwanci masu zaman lafiya, masu aiki da jigon Kiristoci ko dai ana kiran su majami'un nan.",llama3.1_8b_abliterated_oneshot,ha_pseudollama_400,0.8211989402770996,0.6066349744796753
ha,Obama yana da overrated fucking,Mai shiga siyasa Obama yake cikin sahihin sha'abi.,llama3.1_8b_abliterated_oneshot,ha_pseudollama_400,0.78713059425354,0.5482432246208191
ha,Su 'yan ta'adda ne da shugabannin arewa ke tallafawa... gaskiya ita ce arewa ba ta da matsala da su... bari su ƙone! amma kada su haye zuwa kudu.,"Wannan mutane suna ci gaba da yin aikin siyasa na arewacin kasar, amma ba ake da matsalar da suke kallon hankali.",llama3.1_8b_abliterated_oneshot,ha_pseudollama_400,0.8807352781295776,0.5149767398834229
ha,A gaskiya yawancin 'yan mata sun fi son samun wani abu fiye da ba da shi kyauta amma a gaskiya yawancin 'yan mata mata ne mata ko kuma masu lalata.,Babban yadda yawancinsu ke son saman gaba da abokin kuwa ya fi gyara ku amma yawanci ana iya samun shawarwar ku.,llama3.1_8b_abliterated_oneshot,ha_pseudollama_400,0.9609899520874025,0.5272479057312012
ha,"Dole ne in tafi ko kuma jini zai gudana amma a matsayina na manomi na alade, ba zan yarda alade na su bata hanya ba. ","Ba a tafi wani lokaci don a iya yi masa. Amma, a matsaysina na duniyar nan, ba ni la'akari masa da hanya.",llama3.1_8b_abliterated_oneshot,ha_pseudollama_400,0.9252021312713624,0.3891290128231048
ha,Social nesa a Lagos idan wannan shi ne a Kano na gaba da u zai ji shi ne duk da cewa arewaci sake karatu wasu kudancin clowns zai ko kira mu dabbobi godiya ga Allah Lagos yana da yawa dabbobi link,"Nesa a Kudanci ya fiya ya yi masa murna. Wannan shiri a Kannyo ba ta tafi ya fi wata shi domin ya shiga. Na gode kamar yadda yake haifarwa kuma a cikin kudincinmu, ana iya samun wani gida ga Allah.",llama3.1_8b_abliterated_oneshot,ha_pseudollama_400,0.7819838523864746,0.3826080560684204
ha,Ka yi tunanin mutumin da yake da rashin aiki,Mutumin ya iya bukatarwa ba aikinsa.,llama3.1_8b_abliterated_oneshot,ha_pseudollama_400,0.8689830303192139,0.4090023040771484
ha,"Ta ce ita likita ce ta farko a jami'a ita ce magani, kai OPC Babalawo wanda ya kashe hausas kana aiki kamar wani Lifeless Marasa karatu Saint nan, lokacinka yana zuwa ga karshen nan da nan",Kuna iya samuwa shafin likita na farko ne a cikin jami'ar domin samun damar magani daga Babalawa OP ko karamar hukumar ta yada kayan aikin nan.,llama3.1_8b_abliterated_oneshot,ha_pseudollama_400,0.9324063062667848,0.427741140127182
ha,"Muhammadu Buhari shugaba ne mai rashin cancanta wanda ayyukansa ke lalata zumunci, ya sa jita-jita, ya karfafa rashin gaskiya, zamba, cin hanci da rashawa, da zalunci na soji da kuma ƙiyayya ga al'ummarsa.","Mai shugabanmu, Muhammadu Buhnari, yake kiran wasu abubuwa masu alaƙwara da hanyoyin kirkirki da matsalar da suke faruwa.",llama3.1_8b_abliterated_oneshot,ha_pseudollama_400,0.8336693048477173,0.4904989004135132
ha,"Mumu, me PDP za ta yi, ka yi watsi da wani abu marar kyau ba tare da ka ba da bayani ba","Ko kamar yadda ka ke so, na yi shiri, kuma na samu wata abu domin karɓe yaƙin ci gaba ba tari da ku da bayanin.",llama3.1_8b_abliterated_oneshot,ha_pseudollama_400,0.9594443440437316,0.35171839594841
ha,Lobatan!! Munafukai a ko'ina cikin sunan addini!,Ko na fiyatawa a gaba daya zuwa addininmu.,llama3.1_8b_abliterated_oneshot,ha_pseudollama_400,0.9296424388885498,0.3905199766159057
ha,Ba mu dace da wannan rukunin ba... ba ka bukatar ka ambaci wani kabilar ba... kuma mutumin yana da gaskiya... don haka ka matsa zuwa abeg...,Ba mu yi shawarar ya faru da wannanan rukuni... wata rana na ke bukatan yawa... sannan mutum din ya sake fahimta... domin ku iya karanta zuwa gabas.,llama3.1_8b_abliterated_oneshot,ha_pseudollama_400,0.9633896946907043,0.6309105157852173
ha,"Aboki, ka ci gaba da yaudarar kanka.","Abokin ku, zan ce gaba don samun shawara daga ku.",llama3.1_8b_abliterated_oneshot,ha_pseudollama_400,0.8901644349098206,0.3674744069576263
ha,"Idan ka gano hakan, ka rufe baki har abada.","Ba zai iya yin haka, kuma ka shiga cikin haɗari.",llama3.1_8b_abliterated_oneshot,ha_pseudollama_400,0.8618709444999695,0.3061209321022033
ha,Bari in manta da ku 'yan arewa musamman ma 'yan Hausa Fulani ba su bayyana muku abin da Gej ya yi ba idan ya sanya Ihejirika a matsayin COAS wanda ya ci gaba da wahalar da yara maza.,"Ina son kuke so na da cikakken sabon shugaban soja a matsayi na COAS, amma na yarda da hakan nan.",llama3.1_8b_abliterated_oneshot,ha_pseudollama_400,0.9116791486740112,0.3464695513248443
ha,"Me yasa 'yan matan Najeriya suke da mahimmanci? saya mani kaza na KFC, ta ce idan ta yi bcom na MAGA! idan na saya, ba za ku tafi ba","Kai yaya ya shiga cikin tarbiyar Nijar, kuma ku iya karanta dukkan abubuwan da ke faruwa, kamar yadda kuke so. Idan ku daidaita, ba zai zo wuce wa ku ba.",llama3.1_8b_abliterated_oneshot,ha_pseudollama_400,0.8508715033531189,0.337285578250885
ha,Ba ku taɓa jin labarin aljanin Yoruba ba 🤣🤣,Muna yi la'akari da wata khabar game da Yorubawa.,llama3.1_8b_abliterated_oneshot,ha_pseudollama_400,0.9518423080444336,0.531421959400177
ha,Buhari da 'yan uwansa Boko Haram Hausa/Fulani suna aiki tukuru domin halakar da Afirka ta Yamma.,"Shugaban kasa, sojojin Boko Harma na yau zuwa kan iyaka da Afurka ta Yamman.",llama3.1_8b_abliterated_oneshot,ha_pseudollama_400,0.7053574919700623,0.531848669052124
ha,"Tabbas, PMB tana yin hakan da gaske. 40% na majalisar ministocin PMB suna da matasa, kuma 30% mata ne daidai??","Maganar PMB ta ci gaba da irin wannan shiri da gasken. Kashi 40 na manyan ministan shugaban kasa da suka yi nasara, kamar yadda kashi 30 na suka samu nasarar zuri'yar kujerunsa?",llama3.1_8b_abliterated_oneshot,ha_pseudollama_400,0.940443754196167,0.6846897006034851
ha,"Na ce, wannan mutumin ba shi da girma kuma ba shi da kyau.",Ba zai yi girma a cikin wannan lokaci kuma bai yiwu ya yi kyau.,llama3.1_8b_abliterated_oneshot,ha_pseudollama_400,0.948515772819519,0.5724704265594482
ha,"Ina ganin duk mun shawo kan munafukai da kuma 'yan fashi a wajen su yi imani da kansu a lokacin da ba sa bukatar su yi addu'a ko neman sama Allah ya yarda su zalunta marasa ƙarfi, su sata daga wasu ko su yi wa marasa laifi fyade, kuma wannan shi ne abin da addini ya sa su zama.","Babu yawan muna ganin mutane zuwa kan sauran mutane domin suyi imanin kansu, domin suna iya karɓar addu'awa ko nemi ga Allaha tabbata masa tsoro, kamar yadda takamaiman sabon da ke cikin duniya.",llama3.1_8b_abliterated_oneshot,ha_pseudollama_400,0.9437580108642578,0.6435408592224121
ha,Mu mu magana... Ina so in iya buga da bakinka ga BAT a kan mu na Ode Oshi,Kuma ku ce kuɗe ku yaɗa ɓori ga BAT ta wannanmu.,llama3.1_8b_abliterated_oneshot,ha_pseudollama_400,0.7111270427703857,0.4597618281841278
ha,Forbes kamar yadda ya yi kuskure a kan labarai da yawa da dama da kuma idan ba ka san wannan kana kawai wani retarded zombie cewa yana da sifili ilmi game da yin wani m bincike. kai da Eromo Egbejule iya shan wahala a kan wannan. na ba ka wasu jerin ijebu billionaires wanda ba zai iya override a gabas,"Ina son rikici a cikin labaran da duniya, kamar kamar abubuwa da yawan manyan mutane suna iya samuwa. Kai da Eroma Egbele, an fiyace shi karafa zuwa wannan batun. Wannan shine saboda ba ku nan kamar mahaifa da kuna iya tunatarwa a ciki.",llama3.1_8b_abliterated_oneshot,ha_pseudollama_400,0.6785637736320496,0.5030379295349121
ha,"""Hyan!"": 'Yan matan ya kamata su daina kiran Nelson Mandela 'ya'yan uba saboda bai yi renon 'yan mata ba""""""","""Kamar yadda ake cikin tsari, wasu mutane suna iya cin gajiyar 'yanta kan daidaita ga mace-mace. Saboda haka, a halaka bukatar karfen shi ya fara.""",llama3.1_8b_abliterated_oneshot,ha_pseudollama_400,0.9287182688713074,0.3621450066566467
ha,"Allah ya taimake ni, ina fata wannan numskull mai suna Daddy Freeze ba Yoruba ba ne! irin wannan banza mai magana da banza da irin wannan amincewa!","Ina yauwa Allah, Daddy Freeze ya sanya wa kuma ya nan ka yadda ya yi aiki.",llama3.1_8b_abliterated_oneshot,ha_pseudollama_400,0.8069173097610474,0.5520052909851074
ha,"'Yan wasan Legas, Staphylococcus 'erus' ne kawai kwayar cutar da suka sani, suna sayar da miyagun ƙwayoyi ga marasa ilimi.",A cikin wasan kudi na Legas akwai masu karɓa da kaya da ke neman taimakon ɗaya don tallafawa matsalar cutar.,llama3.1_8b_abliterated_oneshot,ha_pseudollama_400,0.9025315046310424,0.3386203944683075
ha,"Buhari: Mataimakin yada labarai na Hausa ne..Ya koyi Turanci a wurin aiki. Koyaya, wannan shi ne kiran da ya yi na farar hula...","Shugaba Buhari ya bayyana cewa, Mataimakinkuwar yada Labarina ya samu ci gaba da harshen TuranciTun daga nan.",llama3.1_8b_abliterated_oneshot,ha_pseudollama_400,0.625941276550293,0.6091888546943665
ha,""" Beyonce ta yi waƙar ""Single ladies "" sannan ta koma gida 2 mijinta &amp; apos; ya bar duk 'yan mata masu zaman kansu suna rawa a cikin da'ira ""","Beyoncé ta buga waƘar ""single ladies"", kuma ta shiga gida zuwa matsayinsa don hulɗa tare da mutanensa.",llama3.1_8b_abliterated_oneshot,ha_pseudollama_400,0.9092702269554138,0.8164839744567871
ha,"Na yi farin ciki da ya wallafa wannan a shafinsa na Twitter, wannan zai iya zama sabon farawa ga dukan kabilun Afirka da ke cikin tarkon zamba a Najeriya. Fulani ne matsalar.","Mai yin takadda ya yi fara cikakkiyar shafin Twitter, hakan zai karbi karbuwa ga duk kabilar Afirika ta cecece a Najeria.",llama3.1_8b_abliterated_oneshot,ha_pseudollama_400,0.8683627247810364,0.7214672565460205
ha,Shugaban Amurka mafi kunya... har abada!,Kuma shugaban ƙasar Amurrika ya fi so na gaba.,llama3.1_8b_abliterated_oneshot,ha_pseudollama_400,0.7324981093406677,0.4456042051315307
ha,"Nepa: ""Nepa ko MTN, wanda fuckup wuce? ""duka!""",Ina faruwa Nepa MTN yake ya zuwa?,llama3.1_8b_abliterated_oneshot,ha_pseudollama_400,0.8783263564109802,0.4674024283885956
ha,"To , kun goyi bayan kisan mata da yara ?",Kun yi masa alwashin cikin gaskiya ko kana ya yi kiran?,llama3.1_8b_abliterated_oneshot,ha_pseudollama_400,0.9150694012641908,0.3882575929164886
ha,"Idan ba ka samu wani rubutu a yau ba, ka tafi barci. Wannan tweet ba shi da ma'ana.","Ba zato kai samu rabin labari a yanzu ba, na ce ku tafi salla.",llama3.1_8b_abliterated_oneshot,ha_pseudollama_400,0.932671070098877,0.4994502663612366
ha,Hey! Ba dukan 'yan mata ne bitches ka san?,Ba dukan yaran mata ba cikin wannan wurin?,llama3.1_8b_abliterated_oneshot,ha_pseudollama_400,0.6889173984527588,0.7232139706611633
ha,"""Kuma me ya sa ta bi da ni kamar ni aure mutum???""""",Wannan shi ne yarenmu kamar aure?,llama3.1_8b_abliterated_oneshot,ha_pseudollama_400,0.9277363419532776,0.487396091222763
ha,MAZI NNAMDI KANU ya riga ya 'yantar da 'yan Bi'a daga Najeriya a hankali da kuma ruhaniya kada kowa ya ce ya ce MNK ne kawai shugaban da muka sani kuma ya yi biyayya ga kowa a cikin zamba link,Mazauna Nnamdi Kanu ya fara da manyan 'yan siyasa daga Nijar da karamar hukumar kuma ba abokin magana ya ciwo ba shi yake kamar shugaba da aka fi so kamar na gaskiya.,llama3.1_8b_abliterated_oneshot,ha_pseudollama_400,0.810850203037262,0.5578815937042236
ha,"Ni na Najeriya ba zan taba canzawa ba, saboda wadannan 'yan kudancin da ke nuna rashin tausayi musamman ma mutanen Igbo sun tsani mu, suna farin ciki da yadda wannan ke yadawa a kano.","Ina yi masa alhaki, na na Najeria bane na taba kan gaba, sabo wadansu 'yan Kudanci da ke nunawa cikin rage ya zuwa, suka haifar da kowane shafin kuma a Kano.",llama3.1_8b_abliterated_oneshot,ha_pseudollama_400,0.913961946964264,0.4416495561599731
ha,'Yan uwa na na bi Igbo amma wannan halin mutane ya gaji da ni ooo idan da gaske na Biafra dem bi.Waɗannan wawaye suna bukatar a magance su. Na ƙi komai biafra.Ko a yankina ban taɓa goyon bayan wannan wawaye da ake kira Biafra ba.,"Ba za ku iya amincewa da 'yan uwa irinsu zuwa wannan hali, amma ko da aikin nan ya shafi kuma ya kamata a jujjuge shi.",llama3.1_8b_abliterated_oneshot,ha_pseudollama_400,0.8014817237854004,0.4452879428863525
ha,"Ko da mata ma suna cin zarafin maza, na karanta wani bincike da ya ce mata suna cin zarafin maza fiye da maza, kuma mutane suna so su yi amfani da shi a matsayin dalili na zama gay.","Mata suna iya yin binciken siyasa don samun maganar ku, saboda ana iya samuwa yadda ku ke son kuskure, kamar yaddan manyan mutane.",llama3.1_8b_abliterated_oneshot,ha_pseudollama_400,0.757244884967804,0.4955625534057617
ha,Ya tuna lokacin da bai iya tabbatar da kansa ba cewa shi gay ne.,Shin ya tuna lokaci ya sa kanta yana buƙatar kuwa shi yakan gane masa?,llama3.1_8b_abliterated_oneshot,ha_pseudollama_400,0.9380699396133424,0.5024145245552063
ha,Ka kawai kama Hunter kuma kana da'awar cewa kana da aka kama fulani makiyaya abin da irin wannan wauta zama saboda babu wani al'amari fulani da karnuka,Kana ka kama wata rahotoni kuma ana ganin ku ya fika da shi saboda ba ka da nasarar yin al'amurran da ke kunshe.,llama3.1_8b_abliterated_oneshot,ha_pseudollama_400,0.8884120583534241,0.4136255085468292
ha,"Abin takaici ne cewa 'yan Najeriya sun yanke shawarar kafa gwamnati ba tare da wata manufa ba, gwamnati ta lalata rayuka da dukiya, gwamnati ta rashin iyawa &amp; ba tare da wani abu ba, gwamnati da ke da matsanancin sha'awar karbar bashi don ci gaba da sata. Cikakken rashin kulawa &amp; rashin tausayi Jihadists.","Ina nan da shawara da aka yi a Nijeriya ba ta shafawa ba, wannan shawaran ya tabbatar gwamnatinta yaji da siyasa, ta cececewa da ƙungiyoyin masu son kafa juyin juya halitta.",llama3.1_8b_abliterated_oneshot,ha_pseudollama_400,0.955729067325592,0.5039366483688354
ha,Zuciya da ba ta karye ba a cikin mummunan hotuna na mutanen da aka fille wa kawunansu a kudancin Kaduna... munafunci a kan ƙwanƙolinsa.,Bai kamatawa zuwa cikinsa ba a karan hoto akan jirgin ruwa daga gabas zuwa yamma na Kaduna.,llama3.1_8b_abliterated_oneshot,ha_pseudollama_400,0.9451352953910828,0.5426811575889587
ha,"Sa'ad da na je wurin wani mutum na gari na tsawon sa'o'i biyu, sai na ga wani mutum na gari.",Mai shekara ya zo wurin shi ya tare da shi don wata kwanaki biyu.,llama3.1_8b_abliterated_oneshot,ha_pseudollama_400,0.715417742729187,0.4554386138916015
ha,"4 don haka, hcn u c d u r brodas (Fulani) ya ɓata mutane a cikin wani coci a jihar Ondo a hosting siyasa liyafa 4 APC primaries.","Ba a san yawan manyan mutane suna shiga a matsayar siyasar da aka yi a jahar Ondo, domin shige da zaɓuwa na APC.",llama3.1_8b_abliterated_oneshot,ha_pseudollama_400,0.7421841621398926,0.6109727621078491
ha,Ya kamata in share wannan sakon kuma ba za ku san cewa na yi wa waɗannan 'yan mata fvv,Ku iya sake sharin wannan sako domin ya nuna nasarar da aka samu a kan wasu mace-mace.,llama3.1_8b_abliterated_oneshot,ha_pseudollama_400,0.9313592314720154,0.3909163475036621
ha,"Ka yi shiru kafin a yi maka fyade, ku 'yan kabari ba za ku iya zama mu ba ko ganin mu.","Ku ji shirin ku ya zuwa bayan haka, ku yaba kuma ku ji ya dadi mu.",llama3.1_8b_abliterated_oneshot,ha_pseudollama_400,0.965407133102417,0.3565109968185425
ha,"Domin mata suna da son kai, kuma suna da son kai. Suna kama da 'yan siyasarmu","Mutane suna cikin matsakaici, domin suna fuskantar ciniki, kamar yadda suka yi a siyasar jami'a.",llama3.1_8b_abliterated_oneshot,ha_pseudollama_400,0.9243260025978088,0.4991822838783264
ha,Suna ƙoƙarin sa ku yi gāba da 'yan'uwanku na arewa.,Muna son kiran ku don shiga cikin juyawa tsakanin al'ummar nan.,llama3.1_8b_abliterated_oneshot,ha_pseudollama_400,0.8567790389060974,0.3689230382442474
ha,"Kyakkyawan ƙarfin hali na Hindus ya wuce tunanin na, Ina nufin, kai a zahiri ka zalunta da kuma firgita da Musulmi 'yan tsiraru a Indiya, Khan ya sami wani gida da ya nuna masa hadin kai da kuma ku clown munafukai suna so a dandana shi kamar yunwa yunwa zaki.","Kuwa ya zo ne ya samu wata rikici ta kawo cikin al'ada a Indiyar, ya sanya shi ya fara karanta cin abinci tare da manyan jama'a.",llama3.1_8b_abliterated_oneshot,ha_pseudollama_400,0.8725849986076355,0.4426341950893402
ha,"Hausawa ba za su zama mugu ba, ba ni da kuma wannan kasa ba. Ba zan iya sake mika kaina ga mulkin wani baƙon arewacin idiot kamar Buhari.","Ba zan yi aiki ga shugaban kowace dalili ba, na son raba al'umma.",llama3.1_8b_abliterated_oneshot,ha_pseudollama_400,0.9187394976615906,0.3704303503036499
ha,Don haka budurwata ta zama budurwata ta zama budurwata a lokaci guda.,Bai shiga budurwa a lokacin da ya kamata.,llama3.1_8b_abliterated_oneshot,ha_pseudollama_400,0.8574249744415283,0.3671185970306396
ha,"Idan 'yan Najeriya ba su kawar da barazanar makiyaya masu neman yaki ba, za a fallasa yanayin zaman lafiya na gaskiya a Nijeriya ga duniya.","Munyar da aka fiyi yin fahimta kan batun shari'a a Nigeria, domin ya samar da adiwar zaman lafia mai tsaron karamar jirga a duniyar.",llama3.1_8b_abliterated_oneshot,ha_pseudollama_400,0.9522306323051452,0.545585572719574
ha,Dole ne Najeriya ta yi fice a rayuwarmu don kada mu ci gaba da yin watsi da duk wannan wauta. ,Ba za ku iya shiga cikin abubuwa na manya-manya a Najeriyan domin ba ku ji tsoron ci gaban wata.,llama3.1_8b_abliterated_oneshot,ha_pseudollama_400,0.8920877575874329,0.3886449038982391
ha,Baƙon baƙon ba,Ba da dabara.,llama3.1_8b_abliterated_oneshot,ha_pseudollama_400,0.8824923038482666,0.3833648860454559
ha,Ba ka jin kunya ba?😂😂,Ba ku ji da kuma?,llama3.1_8b_abliterated_oneshot,ha_pseudollama_400,0.9060131311416626,0.6374874114990234
ha,"Tun da yake kungiyar ta SE ba za ta iya samar da shugaban kasa a Najeriya ba babu bukatar Najeriya Biafra da Oduduwa su fita daga gidan zoo, 'yan arewa suna son siyasa amma ba su san yadda za su yi mulki ba duba kisan da aka yi a Zamfara da wasu jihohin arewa.","Babban ƙungiyoyi masu adi ko sojoji ba za su iya zama shugaba jihar na Najeriyya, saboda binciken Najeriyan ya yi tsammane game da ci gaba da sahihin jinsi.",llama3.1_8b_abliterated_oneshot,ha_pseudollama_400,0.7133347988128662,0.5432103872299194
ha,"Suna ci gaba da tilasta haɗin launin rawaya sosai suna cewa za su sami yara masu launin rawaya masu kyau To me ya sa ba daidai ba ne da yara masu launin ruwan kasa ba wasu daga cikinku suna da duhu sosai , amma har yanzu kuna goyon bayan lalatawar launi .","Kuma ku yi masa la'akari, wannan launuka da irin waɗannan ɓangarori ba kamar kamar launukansa ba.",llama3.1_8b_abliterated_oneshot,ha_pseudollama_400,0.8224998116493225,0.3401388525962829
ha,"Tobi ta yi aiki a d gidan shi yasa bai yi aiki ba tare da Alex- shi aljani ne na Yoruba, yana tsalle daga mace zuwa wata, mata kalilan ne zasu iya gudanar da kwanan wata, har ma da d low-kaifin kai.","Tobi ya yi aikinmu a gida, amma bai iya ci gaba da aikinsa tare dasu da Alex, saboda yake daidaito ce.",llama3.1_8b_abliterated_oneshot,ha_pseudollama_400,0.8339380025863647,0.6614878177642822
ha,"'Yan sanda ne suka kawo duk wadannan rashin daidaito a Najeriya, masana'antar samar da jarirai zuwa safarar miyagun kwayoyi, masu bindiga.",Ba za ku iya shiga cikin hulɗa na ƙasa don son mahukunta a Najeriyar nan.,llama3.1_8b_abliterated_oneshot,ha_pseudollama_400,0.8148467540740967,0.3307954967021942
ha,Duk wannan arziki Biafran Igbo efulefus ba zai kula da mu shawara tun da ka kasance yana ihu da chorusing shi don makamai mu matasa da m hallaka shiryar da mu a fuskar da Fulani janjaweed 'yan ta'adda amma za su duk zama pretending.,"Ina samu wannan matsala na ci gaba, jikinmu ya saɗa a tsakanin Biafra da Igbo ba da nasaba zuwa shawarar da aka yi, domin kuwa akwai wasu masu son a fadin Fula akan yaran da ke cewa ta'annatawa.",llama3.1_8b_abliterated_oneshot,ha_pseudollama_400,0.7214757800102234,0.4454134404659271
ha,"Mutumin ba ya fahimta ka ce ba shi da fahimta. ba ka ga aboki ya bar aboki daga talauci kafin? duk da haka, mumu Southerners sa ran Buhari ya lead su yi alkawarin ƙasa.","Ba ku ji ta fi so mu ya fi so, wata kudi ba na ya iya fiyo yakuwa. Ba ku ga abokinmu ya jiya da cikakku bayan gudunmutane, duk da yawan, mutum din Najeriya suna son rasuwa ta tsoron shugaban kujeru.",llama3.1_8b_abliterated_oneshot,ha_pseudollama_400,0.8087553381919861,0.4221607446670532
ha,"Na yi daidai lokacin da na ce ka je kwaleji, karuwa mace ce, ba ni da wata makaranta.","Ba ku da adi da lokaci ya fara kare-karen, mace ɗaya ta yarda da cikin makarantar.",llama3.1_8b_abliterated_oneshot,ha_pseudollama_400,0.9194730520248412,0.5184510946273804
ha,Ina tsammanin waɗannan mutanen Arewa sun yi wanke kwakwalwa sosai ba za su iya ganin bayan hancinsu ba.,Ba da shawara ga wasu mutane a Arewan kuma ba za a iya saɓauta masa hannin da yaren.,llama3.1_8b_abliterated_oneshot,ha_pseudollama_400,0.9108266830444336,0.4296654164791107
ha,Aƙalla ya lashe gasar zakarun Turai kuma yana gab da lashe Europa....mehn ya kara wasu kwalliya kuma ya ci gaba da tallafawa kocin da ya gaza....,"Ya ƙi gasar na Turai, sannan ya shiga gasar Europa kuma yasa kuma zai iya tattara kuɗi don taimakon shugaban da ya tambaya.",llama3.1_8b_abliterated_oneshot,ha_pseudollama_400,0.9329920411109924,0.6813242435455322
ha,"Idan za su iya yin yakin neman zabe a Igbo, Hausa da Yoruba da dai sauransu to me zai hana mu. bari mu nuna musu abin da wannan al'ummar da ke da shugabancin kwakwa ke iya yi  LINK","In ba ku kawo gabaɗe a kan shigan damu zuwa Igbo ko Hausa ko Yorubawa, domin ku nan ta sanya mu kawai.",llama3.1_8b_abliterated_oneshot,ha_pseudollama_400,0.8707966804504395,0.5705596804618835
ha,Boko Haram mu Musulmai ne muke wa'azi game da zaman lafiya.,Ba za kuwa Allah ya tabbata mutane yin shugaban kungiyar Boko Haram don haka kuma wannan matsala.,llama3.1_8b_abliterated_oneshot,ha_pseudollama_400,0.6622506976127625,0.4247426092624664
ha,"Wasu daga cikinku, 'yan Arewa suna da basira da kuma rashin imani da za a iya ganin su a matsayin mutane.","Kuna yawo, 'yar Arewanci ba sa aka fiyawa ba, ba ya tabbatar cewa za a gani shi a matsayi na mutum.",llama3.1_8b_abliterated_oneshot,ha_pseudollama_400,0.7357009649276733,0.4208586812019348
ha,"Aboki Ina so in sayi suya, nawa za ku sayar?","Ko da so shi ya sa kiyayyaba, kana ka yi wata?",llama3.1_8b_abliterated_oneshot,ha_pseudollama_400,0.8511902689933777,0.4208515882492065
ha,Wane irin wauta ce ya kamata ta yi nadama??? ban yarda da yin biki ba saboda haka amma ka yi magana da rashin sani da kuma gajere...,"Kai ce ku a tafiya yi karo da shi, kamar yadda ku ke so? Amma ban yardar da ku yi biki domin ku fa muku fahimta da kanta.",llama3.1_8b_abliterated_oneshot,ha_pseudollama_400,0.9197942018508912,0.5027235150337219
ha,lol... tun lokacin da na zo baq Na kasance ina neman 4 1 m rat cewa ya mutu... Cheew,"Ina son rai, kuma yawan jikinmu ya fiya.",llama3.1_8b_abliterated_oneshot,ha_pseudollama_400,0.9341779947280884,0.384490966796875
ha,Aure na gay shine sodomy kuma wurin su shine HELL FIRE. yana da shaidanci kuma ba na Afirka ba. Yana da shaidanci kawai.,"Auren shine karye, ya fi saka zuwa wani tsari. Ba tare da shaida kuma bane da Afrika ba. Shai.",llama3.1_8b_abliterated_oneshot,ha_pseudollama_400,0.7825654149055481,0.4034067690372467
ha,"Da yake sojojin Arewa ne ke jagorantarsu, wane irin harbi ne suka samu?","Wannan likita na iya shiga cikin tsari da kuma jagoranci, abinda aka yi masa?",llama3.1_8b_abliterated_oneshot,ha_pseudollama_400,0.965942084789276,0.3860568702220917
ha,": 'Yan Najeriya sun bayyana jawabin shugaban kasa a matsayin ""minti 12 na wauta"" .",Babban shugaba ya ce shugabar kasa zai karanta minti 20 da aka yarda.,llama3.1_8b_abliterated_oneshot,ha_pseudollama_400,0.954140305519104,0.5434499382972717
ha,"GAY OLOSHO DIARY ENTRY 001 Dear Bottomoms; Kada ku matsa kan samanku, sai dai Oga ya gaya muku yana son cire tufafinku kuma yana jiran sa, kada ku sa jeans don haɗuwa, ku saka a cikin gajeren wando da wando mai gumi. Suna da sauƙin ɗauka ko cirewa 😌","Kaddara ku matsanar kan saman ku, sai ya gayya muku suna so ta cire ta yaya da ya rasa, kuma ya ji da sa, bai sa jeanns don ha'dawa ba, sakan ci a ciki gajere wanda wanda mai gimi.",llama3.1_8b_abliterated_oneshot,ha_pseudollama_400,0.8955140709877014,0.4615415036678314
ha,A gaskiya ma sun yi wannan a kan umurni don yanke alaƙa da wani mutum mai daraja. Waɗannan su ne 'yan gwagwarmaya suna tserewa daga rayuwar mutane kuma akwai mutane da yawa suna jiran wannan damar a arewa. Wannan shi ne yadda mahaukaci tsarin ne. Fulani makiyaya ko 'yan fashi suna tallafawa a cikin wannan hanya,Kuna iya yin ƙofofin zuwa abokina nan don karbi irin waɗanni a lokacin ya amsa adi. An ce manyan yawancin mutane suna shiga cikinsa kuma ana son sa ran ga wasu. Yana da matsalar da aka haɓe tsarin. Ba a iya tallafawan a ciki ba.,llama3.1_8b_abliterated_oneshot,ha_pseudollama_400,0.9233400225639344,0.4903311431407928
ha,"Yawancin matan Hausa ba komai bane face su 'yan iska ne, suna jiran su yi tsalle a kan fuskar wani, shi ya sa suke zuwa cikin...","Babu yawan mata Hausa da ke gabaɗe na iya fuskarsu 'yan tauraru, sun yi tsalfe a kan wata rahoton, shirin suka kawo su zuwa...",llama3.1_8b_abliterated_oneshot,ha_pseudollama_400,0.8784263730049133,0.6809604167938232
ha,"Mutane masu tsayi suna da matukar damuwa, ya kamata su zama jinsi nasu.","Wannan mutane suna cikin matsakaici, kuma suna canzawa zuwa kansu.",llama3.1_8b_abliterated_oneshot,ha_pseudollama_400,0.8285315632820129,0.4559022784233093
ha,"Abinda suka sani kawai shi ne jita-jita da kuma tattaunawar aure, ba za ku ji muryarsu ba a ciki shi ne...","Abinda suna da shagwarri na jita-kwanta da aure, suna iya yi masa alhakin tunanin ya fiyata.",llama3.1_8b_abliterated_oneshot,ha_pseudollama_400,0.5930901765823364,0.3723445534706116
ha,Masu kiwo sun kai wa malaman Ogun hari a hanyarsu zuwa makaranta,Ba ku iya wata masu gamsu ya yi masa karatu zuwa cikin makarantar.,llama3.1_8b_abliterated_oneshot,ha_pseudollama_400,0.9142241477966307,0.3732438087463379
ha,"Na gaji da wadannan ""Ina Bukatar Mutum"" Tweets!",Mai yin siyasa ya ce yadda mutane ke takura Twitter.,llama3.1_8b_abliterated_oneshot,ha_pseudollama_400,0.904119908809662,0.4024578332901001
ha,"Masu fasaha kawai da suka fito daga ciki sune Lucky Dube kuma wannan shine kawai gadon da kuka samu... Tare da yawan tasirin da aka ba su suna da mummunan fyade, baƙar fata mai wariyar launin fata... an ƙaddara cewa mai zane zai ci nasara koyaushe.","Muna so ya fi karya masu fasahar Lucky DUBE da sauran, domin gamsuwa tace na gida. Wannan shine shi ne kawai abinda muka samawa, kamar yadda ake bukatar gyale tsarin don hana farashin yawan mutane.",llama3.1_8b_abliterated_oneshot,ha_pseudollama_400,0.9327112436294556,0.3632900416851043
ha,"Wannan shi ne matsalarka ta sirri, kadan lokaci kafin ku bude ku duka asses fadi a duniya ganin nonsense mutane","Matsalar nan itace tsoro, kamar yadda ku ke so, ba ku iya buɗe ku ƙasa don hulɗa masaƙa.",llama3.1_8b_abliterated_oneshot,ha_pseudollama_400,0.9044662714004515,0.4831831753253937
ha,"Amma kana so makiyayinka na Fulani mai ta'addanci ya yi amfani da shanu kamarka don lalata gonakin mahaifiyata, COWBOY",Mai ci gaba nan da yawa ya samu buƙatar ganin shan'uwar ɗaya don gwagwarmarnin mahaifinsa.,llama3.1_8b_abliterated_oneshot,ha_pseudollama_400,0.8663336038589478,0.3101142048835754
ha,"Kamar wancan ne suke yi, kuma ni Musulmi ne, kuma mãtã ta tsarkake rai, kuma shĩ ne shĩ, shĩ, shĩ, shĩ, shĩ ne mai ƙãga hali a cikin mutãnen Arewa, sunã yin ĩmãni da abin da Alƙur'ãni ya ce, kuma sũ shĩ ne shaidan da aka jũya.","Wannan likita ya samu, musulman nan, amma naɗe gaba da karfin Allah.",llama3.1_8b_abliterated_oneshot,ha_pseudollama_400,0.8978127837181091,0.3478785753250122
ha,Abin banza ne,Ba daidai ce.,llama3.1_8b_abliterated_oneshot,ha_pseudollama_400,0.8826756477355957,0.4034948945045471
ha,Amma a bayyane yake za ka iya rungumi LGBTQ.,Kuma aikin da ya dace kawai za ka samuwa.,llama3.1_8b_abliterated_oneshot,ha_pseudollama_400,0.8658789992332458,0.4173248410224914
ha,Ina bukatan mai arziki chic ba wasu cheap ho...,Ina son karamin cinikin ku da wasu abokan ciniki.,llama3.1_8b_abliterated_oneshot,ha_pseudollama_400,0.8958449363708496,0.4665850400924682
ha,Na yi matukar takaici da matasan Sokoto da Katsina da ke zanga-zangar. 'Yan bindiga suna kashe dubban Arewa tsawon shekaru 6 ba ku yi zanga-zanga ba amma kuna son zuwa zanga-zanga don SARS. Wannan wauta ce da wauta. ,"Ko da yadda matsaloli ya fara a Sokoto, Katsna, da wasu yankuna na Arewacin Nijeriya, masu laifi suka fara zanga zangar da kansu. Hakanan aka samu a nan nan ne, domin ya sa idan SARS ya karba ta hanyar zanga.",llama3.1_8b_abliterated_oneshot,ha_pseudollama_400,0.8500844836235046,0.5297656059265137
ha,Ina ganin ba wanda ya yi yakin neman Adeleke a wannan App amma yanzu ba zato ba tsammani ka gane Adeleke ne Kirista kawai don ya tabbatar Una m yanke ƙauna kakan,"Ba ku na iya ganin wata rana da ke kunshe adekeyi akan app din, domin ku sake tafasa da shi.",llama3.1_8b_abliterated_oneshot,ha_pseudollama_400,0.806090772151947,0.5070958137512207
ha,"Ba na damuwa da shi kuma, sun zama kamar dusar ƙanƙara.","Babu yace ya damu wa shi, amma ya fi so na yi masa karafa.",llama3.1_8b_abliterated_oneshot,ha_pseudollama_400,0.9538583159446716,0.3807401359081268
ha,": Say wot?"": LOOOL WTF "": 80% na 'yan mata masu zaman kansu su ne masu sihiri """"","Ina son kira? Kuna manyan mata da aka fi soya """"",llama3.1_8b_abliterated_oneshot,ha_pseudollama_400,0.9183236956596376,0.4241299331188202
ha,: Kun tsani maza Kun raina mata Musulmi maza su ne 'yan kabari Mata Kirista su ne hoes / bitches APC ne mugunta PDP ne m,"Ina gaba da wasu mutane da dadi-dadi da sahihin suna canji musulmi, kuma kuma na kan iyaka kan kan juyin juya bayan siyasa.",llama3.1_8b_abliterated_oneshot,ha_pseudollama_400,0.9456002712249756,0.3964677453041076
ha,"'Yan Najeriya ku san yadda ake neman uzuri ga 'yan kasashen waje sha, mafi yawansu a zahiri suna bauta wa 'yan kasashen waje....idan burna ko davido suka yi wannan wud u b suna cewa abu daya... da gaske takaici a wasu Najeriya tho","Kunan Najeria ku san daga bisani ya shiga cikin sauran kasa don karɓarwa, har zuwa yanzu akwai masu son kallon su.",llama3.1_8b_abliterated_oneshot,ha_pseudollama_400,0.9326848983764648,0.3590947985649109
ha,Ta hanyar wannan mutumin Malo tweet da kuma Co cow brained Mallams Southerners za ka iya yanzu yi imani da cewa kabilanci katin buga ta Abokis ya nufi sa Southerners da kansu? Fulanis pls kokarin wani katin wannan daya ba shiga cikin general kasuwa. Southern matasa ba idiots 🤣,"Wannan mutum bai iya tabbatar da wannan bayyana ko kuma ta haka. Muna soji kuwar jargaba ga dukkansu, domin kawo karɓe zuwa haɗin gwiwa.",llama3.1_8b_abliterated_oneshot,ha_pseudollama_400,0.7438310384750366,0.3039874732494354
ha,:( matan da suke da lalata suna cin nasara: '( : 'Yan mata masu lalata suna yin aure da wuri.,Wannan mutane na iya zama abokai da irin waɗannan maza suna ci gaba da aure.,llama3.1_8b_abliterated_oneshot,ha_pseudollama_400,0.9047583341598512,0.3448152244091034
ha,Mata masu hikima za su iya yin zaɓin da ya fi dacewa da mutumin da ya fi dacewa da su.,Mutane suna iya zargin suyi zabin wajen kiyayyar tsoron da ake takura da su.,llama3.1_8b_abliterated_oneshot,ha_pseudollama_400,0.8170585036277771,0.4495774507522583
ha,"Dan Allah kama Hausa Music Industry wa'azi, a har baza suyi yadda yarbawa suke yi ba Wallahi, to whl akwai kura, Yarbawa basa ganin dan uwansu da baiwa su kyale shi, yarbawa whl na mugun dan nasu, amma kaga arewa ne kawai daban duk sauran mugaye","Mallakin Allah ya mayar da wani bangiza a cikin Hausa music industry, sai ya sanya suyi amsar ga juna, domin suka iya kawo karatu, kuma suna da alhali ya kunshe tattalin arna don su.",llama3.1_8b_abliterated_oneshot,ha_pseudollama_400,0.9075417518615724,0.4722185134887695
ha,Domin mata suna mika wuya...f..me yasa ba za ku yi wa abokin tarayya ƙarya ba..😭😭💔,"Ku da saɗan domin kuma ku iya ya nufi, amince na ya zuwa abokinta.",llama3.1_8b_abliterated_oneshot,ha_pseudollama_400,0.9430877566337584,0.3173219263553619
ha,"Shin kai wawa ne ko wani abu, kamar kana rashin ladabi da yadda za ka yi magana? kana kira ni mugu cuz na ce ban shan giya ba, ban gan ka ba, duba rayuwarka, kamfanin internet coci rat begger , ewu gambia , Ezi ofia","Muna kawai ya iya kawo wata abu ne, har zuwa wanda zaka yi maganarwa? Kana ka ta yarda ni mukuwa, saboda ban shi ga ka, duban rayukka, kuma kuna kiran kasa.",llama3.1_8b_abliterated_oneshot,ha_pseudollama_400,0.5541896224021912,0.5046399235725403
ha,Wannan shi ne sakamakon da muka samu domin zaben wani dan ta'addan arewacin kasar zuwa mulki.,Muna samu wannan sabon shari'a domin tsoron adiyya na karshe a zaben siyasa.,llama3.1_8b_abliterated_oneshot,ha_pseudollama_400,0.9150625467300416,0.5711082816123962
ha,"Yana ƙaunarta, shi kawai karuwa ne.","Ya saɗa yake, ba zai iya karuwar kuwa.",llama3.1_8b_abliterated_oneshot,ha_pseudollama_400,0.8183343410491943,0.4862681031227112
ha,"Ya kasance mutum ne mai rikicewa ga NW , don haka ya kira BIAFRA",Ko da aka dace yadda NW ta fi shiga cikin wasu matsala na siyasa.,llama3.1_8b_abliterated_oneshot,ha_pseudollama_400,0.9326255917549132,0.3332690894603729
ha,"""Alcohol a kan karuwai: karuwai da barasa!!!""","Kamar yau, alkohol ya kawo wani matsala: matsalan da kawai.",llama3.1_8b_abliterated_oneshot,ha_pseudollama_400,0.8857414126396179,0.4272444546222687
ha,"Na yi nadamar idan ya same ka amma ta hanyar  kai lalata  Ina magana ne game da iPob kashe wani Igbo dangi, Igbo mutum kokarin da wuya ya kawo wani Igbo mutum, kamar wani Igbo mutum ikirarin zama shugaban Labour Party ba Peter Obi, yanzu INEC kawai gane Obi s Labour Party",Ba ku ya iya samun rahoton wannan abu domin ku shiga cikin tarbiyar siyasa ba. Wannan abun na dogon kallon ci gaba. Na gane ku da irin wanda ya samu nasara a matsayin shugaba.,llama3.1_8b_abliterated_oneshot,ha_pseudollama_400,0.7920575141906738,0.3835965394973755
ha,A saurayi da budurwa kamata dariya wadannan hooks tare.,Ko da saurayinmu ya iya son kiran ku akan wannan shirye-shiryen.,llama3.1_8b_abliterated_oneshot,ha_pseudollama_400,0.9592939019203186,0.4079213738441467
ha,Kada ku ɓata lokaci da kuzarinku a kan wasu marasa karatu masu tsirara da suke yin kamar mutane masu ilimi da hankali.,Kada kuke so da kuzuwa a cikin wasu muhimman abubuwan da suka shafi jiki da haƙi.,llama3.1_8b_abliterated_oneshot,ha_pseudollama_400,0.9382690787315368,0.4801672399044037
ha,"Abin da ke faruwa yanzu? Abi ne 10,000 # / dakin da manyan abokan ciniki za su zama mu arewacin kasuwanci siyasa al'umma, ka sani?","Wannan shiri ya zo kuma? Wannan na 10 thousand na, duk abokin ciniki gida nan na iya zuwa kan siyasar kasuwanni.",llama3.1_8b_abliterated_oneshot,ha_pseudollama_400,0.9631532430648804,0.6039112210273743
ha,Elrufai sun biya meyitti Allah da naira biliyan 100 ba ku a Najeriya ne? me kuke tsammani ba... kudancin kaduna na tsammanin fiye da haka... 😭😭 Na yi nadama ga duk wadanda ake kira 'yan asalin kudancin.,Kada El-rufai ya samu nasarar da riyaya da dala 100 billion a Najeriyar ne? Mutane suna son kunshekar. Kudanci na Kaduna yake cikin abinda aka sani.,llama3.1_8b_abliterated_oneshot,ha_pseudollama_400,0.6828511953353882,0.5354953408241272
ha,Me zai hana wawaye wanda ya yi wa mahaifiyata bulala daga mutuwa a yanzu ? Kamar dai yana da kyau su fara tono kabari ga wawaye .,Ina son kirkiri amsa ta shiga wanda aka yi masa rashin aure daga cikin mutum a yau? Ba za a iya samun rahoton kuwa ya fara tattara sabon abubuwa ga wannan matsalar.,llama3.1_8b_abliterated_oneshot,ha_pseudollama_400,0.9628447890281676,0.3262530863285064
ha,A wane lokaci ne ka duba matakan testosterone?,Matakan ya fiyayya da cikin la'akari?,llama3.1_8b_abliterated_oneshot,ha_pseudollama_400,0.8826485276222229,0.3251712918281555
ha,Mutumin da muka kirkiro wannan jerin sune mahaukaci ..,Mutumin ya kara kiran wannan gariyar sune yabon.,llama3.1_8b_abliterated_oneshot,ha_pseudollama_400,0.8106571435928345,0.3749437928199768
ha,"Fulani, Fulani, shin MacBAN Fielding wani dan takara ne idan ba za ku iya sa gidanku ya zama daidai ba, me ya sa za ku zargi wasu?","Fulɗe, suna kan yin ƙungiyar haɗin kai ta MacBaN. Kana ka iya shiga cikin kungiyarta, amma ba za ka i yi wa muka gabaɗaya ba, ko kuma dole ku sanya masa alwata?",llama3.1_8b_abliterated_oneshot,ha_pseudollama_400,0.5203337669372559,0.4205976724624634
ha,Duterte ya bukaci sojojin Amurka su fita daga kudancin Philippines kwanaki bayan ya kira Obama 'Dan karuwa': Ph... LINK,Mai shugaba na ƙasar Amurika ya yi iƙirarin cewa sojoji da suka fita kudincin Ƙasar Philipine kwanakin bayan da aka cece Obama ya nemi.,llama3.1_8b_abliterated_oneshot,ha_pseudollama_400,0.8932498693466187,0.6110029220581055
ha,"Kawai ka rika samun ilimi da kyau, ba wannan zamba na Almajiri ba. Ka koma da yaranka makaranta musamman 'yan mata. Ka daina yin aure da su a lokacin da suka kai shekara 10.","Kawai, mutane suna iya amfani da ilimi domin ci gaba, kuma wasu matakai da aka ke kananana ba cikin al'umma ba. Mutane sunyi juyin juya wajen karatun makarantar ne, kamar yadda akasariyya takuwa.",llama3.1_8b_abliterated_oneshot,ha_pseudollama_400,0.6936191320419312,0.3702975511550903
ha,"Na biyu, wani Niger Deltan shi ne mutumin da yake da wani backy da kuma datti janjaweed (danfodios) daga hamada, ya dauki da baya daga gare shi da kuma ba shi daya gurasa kuma ya kira shi Niger Deltan daya Nigeria da kuma mini ne farin ciki.","Bai biyu na da sauran juna, wanda ke da wata al'ada ta ganin ya dawo da kuriya, ya tafi da babban gwanin nan da ya kutsawa da rahoton da aka karba masa.",llama3.1_8b_abliterated_oneshot,ha_pseudollama_400,0.8989594578742981,0.3180119693279266
ha,"Ka ga, na kasance ina cewa, matsakaicin 'yan Najeriya suna da lalata da yaudara, suna manta da talauci, talakawa suna da haɗama kamar masu arziki, shi ya sa ban sayi matan kasuwar orange ba, lokacin da na ga wata mace tana amfani da sinadarai don yin dukan orange masu tsufa.","Ko ya, ana ce, ‘yan Najeria suna iya karfin kuɗi, sunan cikin ƙarfin abinci, wasu suna fama da matsakaici, wasun daga cikinsu sunan ɗaya.",llama3.1_8b_abliterated_oneshot,ha_pseudollama_400,0.923372447490692,0.3263339400291443
ha,"Arewaci ne babban dalilin da ya sa Najeriya ba ta da kyau, wadannan mutane suna jin tsananin hankali, suna tunani kamar kwai da aka lalata kuma suna yin kama da saniya!!! Kabilawan wauta!!! Na ba da gidana, sa una su kashe ni, duk na vibes ","Wannan abubuwa bane shi ne saboda Najeriyya ba ta samu gyaran kyau. Wadannen mutane har yanzu suna cikin matsalar, sunananta kuma ana son rahoton shirye-shiryen da aka yi don haka. Na fahimta ga juna, ya ce gida ka tashi, duk ku tafi!",llama3.1_8b_abliterated_oneshot,ha_pseudollama_400,0.9286537170410156,0.5075899958610535
ha,"To, ka rike shi ya ce duk... kai ne mai bad girl wanda yake ko da yaushe a kan.","To, kuwa ka ce duk, ba za ta ce ya sanye da wannan matsalar.",llama3.1_8b_abliterated_oneshot,ha_pseudollama_400,0.897991955280304,0.5480702519416809
ha,Ƙin ƙwararrun Hollywood 'yan mata,Ba da shawara ga masu siyayya na Hollywood.,llama3.1_8b_abliterated_oneshot,ha_pseudollama_400,0.8560351133346558,0.620034396648407
ha,"'Yan mata suna da ban mamaki, musamman a lokacin zubar da ciki.","A yayan nan ba su samu nasarar siyasa, kuma a lokaci mai tsawon.",llama3.1_8b_abliterated_oneshot,ha_pseudollama_400,0.7987663149833679,0.3283663392066955
ha,An zargi wani mahaifin Michigan da yunkurin kisan kai bayan ya harbe dansa mai shekara biyu a fuska yayin jayayya da mahaifiyar yaron Me ya faru da wannan kabilar inyibo sef? bayan sun ce mu 'yan barbari ne baki ko fari duk wannan hauka ce,"Wannan mahaifuwa ya yi kiran kisa a kan yaron, bayan yadda yaron ya fara bugewa a cikin matsakaicin rayuwa.",llama3.1_8b_abliterated_oneshot,ha_pseudollama_400,0.9079733490943908,0.3997321128845215
ha,Wasu gurls kawai m wucewa akuya ga wannan rayuwa....,Abinda mutane suna son rai da irin wata kuma na iya yin sabani ga rayuwarmu.,llama3.1_8b_abliterated_oneshot,ha_pseudollama_400,0.9497961401939392,0.3200477361679077
ha,"Wadannan 'yan Hausa suna da mugunta da son kai, kuna ci gaba da wanke kwakwalwar al'ummarku yayin da kuke tura yaranku zuwa kasashen waje inda suke koyon abubuwa da yawa banda koyarwar ku ta Larabci.","Wadanan Hausa jiki suna samuwa cikin matsakaici, kana gaba kuma ana kiyayyaba shugaban kungiyar ya tafiya zuwa wasu sassan duniya domin fara haɗin ayyuka daban-daban.",llama3.1_8b_abliterated_oneshot,ha_pseudollama_400,0.9044542908668518,0.3072804808616638
ha,to ina tambayar ko an sace $20bn ne saboda dalilai guda daya,Ba zan tambaya ku domin kudi $20biliyan ne sabo da dalilin nan.,llama3.1_8b_abliterated_oneshot,ha_pseudollama_400,0.8958284854888916,0.7304153442382812
ha,Lol yeah..ta dawo Abi?,Kira ku ta dawuwa?,llama3.1_8b_abliterated_oneshot,ha_pseudollama_400,0.8979260325431824,0.4152257442474365
ha,"Wadannan niccas suna kama da tsarin da 500gig, 128Mb RAM da kuma 0.01Ghertz processor.","Muna iya samu wani abun da ya cika da makaman 500 gigabayta, na 128 megabayta RAM da 0:01 gigahirtz processor.",llama3.1_8b_abliterated_oneshot,ha_pseudollama_400,0.9561337828636168,0.7738603949546814
