"language","toxic_input","detox_output","source","split"
"yo","Ìwọ jẹ́ aláìmọ̀","Ìwọ nílò lati kọ́ ẹ̀kọ́ síi","human_annotated","yo_human_178"
"yo","O jẹ́ aláìlera pátápátá","Ìlera rẹ nilo àtúnṣe","human_annotated","yo_human_178"
"yo","Ìwọ ò mọ ohun tí o ṣe","Ìṣe rẹ nilo lati farahàn sí","human_annotated","yo_human_178"
"yo","O jẹ́ asán","Ìṣe rẹ ní àǹfààní lati dara síi.","human_annotated","yo_human_178"
"yo","O ń nimí lára","Ìṣe rẹ lè nílò àtúnṣe","human_annotated","yo_human_178"
"yo","Ìwọ jẹ́ ẹni tí kò yẹ","Ìṣe rẹ ní àǹfààní lati dára si","human_annotated","yo_human_178"
"yo","O kùn fún àìlera","Ìlera rẹ lè dara síi","human_annotated","yo_human_178"
"yo","Ìwọ ò ní àbájáde rere","Ìṣe rẹ lè ní àbájáde rere pẹ̀lú àmójútó","human_annotated","yo_human_178"
"yo","O jẹ́ aláìmọ̀kan","O lè gba ìmọ̀ síi pẹ̀lú ìtọ́sọ́nà","human_annotated","yo_human_178"
"yo","Ìwọ jẹ́ aṣiwèrè","O nílò àkíyésì tó dáa","human_annotated","yo_human_178"
"yo","Ọ̀rọ̀ rẹ̀ kún fún àlùfànṣá","Ọ̀rọ̀ rẹ̀ nílò ìmúlò díẹ̀ kí ó lè dáa jù báyìí lọ","human_annotated","yo_human_178"
"yo","O jẹ́ olè","Ìṣe rẹ ní nílò àtúnṣe","human_annotated","yo_human_178"
"yo","Ìwọ jẹ́ olóríburúkú","Ìṣe rẹ nilo àtúnṣe pẹ̀lú ìmúlò","human_annotated","yo_human_178"
"yo","O jẹ́ olórí burúkú","Ìṣe rẹ lè ṣe ànfàní pẹ̀lú àtúnṣe","human_annotated","yo_human_178"
"yo","O jẹ́ aláìṣètó","Ìṣe rẹ nílò àtúnṣe tó dáa","human_annotated","yo_human_178"
"yo","Ìwọ jẹ́ aláìgbọràn","Ìwà rẹ lè dara síi pẹ̀lú ìtósọ́nà","human_annotated","yo_human_178"
"yo","O jẹ́ aláìlera ní ọpọlọ","Ìmọ̀ rẹ lè tẹ̀síwájú pẹ̀lú ìmúlò","human_annotated","yo_human_178"
"yo","O jẹ́ ẹni tí kò tọ́","Ìṣe rẹ lè wúlò pẹ̀lú àtúnṣe","human_annotated","yo_human_178"
"yo","O jẹ́ aláìnífọwọ́sowọpọ̀","Ìṣe rẹ lè ní tẹ̀síwájú pẹ̀lú ìfọwọ́sowọpọ̀","human_annotated","yo_human_178"
"yo","O jẹ́ ẹni tí kò yẹ láti gbà àṣẹ","Ìṣe rẹ lè dara síi kí ó yẹ fún àṣẹ","human_annotated","yo_human_178"
"yo","Ìṣe rẹ̀ kù díẹ̀","Ìṣe rẹ̀ nílò àfikún síi","human_annotated","yo_human_178"
"yo","Ìtàn rẹ̀ kò mọ́","Ìtàn rẹ̀ nílò àtúnṣe","human_annotated","yo_human_178"
"yo","Ìsọ̀kan rẹ̀ kéré","Ìsọ̀kan rẹ̀ nílò ìgbéga díẹ̀","human_annotated","yo_human_178"
"yo","Ìtọ́sọ́nà rẹ̀ kùnà","Ìtọ́sọ́nà rẹ̀ nílò àfikún díẹ̀","human_annotated","yo_human_178"
"yo","Ìwádìí rẹ̀ kò péye","Ìwádìí rẹ̀ nílò ìfọkànsìn síi","human_annotated","yo_human_178"
"yo","Ìmúlò rẹ̀ kò pé","Ìmúlò rẹ̀ nílò àfikún díẹ̀","human_annotated","yo_human_178"
"yo","Ìpinnu rẹ̀ kéré","Ìpinnu rẹ̀ nílò ìgbéga díẹ̀","human_annotated","yo_human_178"
"yo","Ìmọ̀ràn rẹ̀ kò pé","Ìmọ̀ràn rẹ̀ nílò àfikún síi","human_annotated","yo_human_178"
"yo","Ìsọ̀kan rẹ̀ ko dára","Ìsọ̀kan rẹ̀ nílò àfikún síi","human_annotated","yo_human_178"
"yo","Ìdáhùn rẹ̀ burú","Ìdáhùn rẹ̀ nílò ìtúnṣe díẹ̀","human_annotated","yo_human_178"
"yo","Ìbéèrè rẹ̀ kò yẹ","Ìbéèrè rẹ̀ nílò àtúnṣe díẹ̀","human_annotated","yo_human_178"
"yo","Ìmọ̀ rẹ̀ ò dájú","Ìmọ̀ rẹ̀ nílò ìmúdájú díẹ̀","human_annotated","yo_human_178"
"yo","Ìṣe rẹ̀ kò péye","Ìṣe rẹ̀ nílò àtúnṣe díẹ̀","human_annotated","yo_human_178"
"yo","Ìjìnlẹ̀ ẹ̀kọ́ rẹ̀ kéré","Ẹ̀kọ́ rẹ̀ nílò ìfọkànsìn síi","human_annotated","yo_human_178"
"yo","Ìmọ̀ rẹ̀ ò pé","Ìmọ̀ rẹ̀ nílò ìtẹ̀síwájú síi","human_annotated","yo_human_178"
"yo","Ìdí ọ̀rọ̀ rẹ̀ ò dájú","Ìdí ọ̀rọ̀ rẹ̀ nílò àlàyé díẹ̀","human_annotated","yo_human_178"
"yo","Otitọ rẹ kodara, kò si ẹni to beere","Ọ̀rọ̀ rẹ̀ kò bójú mu; jọwọ ronú kí o yí iwa padà","human_annotated","yo_human_178"
"yo","Ọmọ yìí jẹ́ aláṣejù","Ìhùwàsí ọmọ yìí kò dára tó","human_annotated","yo_human_178"
"yo","Ọrẹ irọ rẹ ko bamilara mu.","Ìwà rẹ̀ yìí kò bójú mu; jọwọ ṣàtúnṣe","human_annotated","yo_human_178"
"yo","Máa jẹ́ kí o ní ìfarapa","Ìṣe yìí lè ní àbájáde; jọwọ yí ìwà padà","human_annotated","yo_human_178"
"yo","Ọmọ yìí ṣọ̀kanjúwà","hùwàsí ọmọ yìí kò tọ́; ó yẹ kí ó ṣàtúnṣe.","human_annotated","yo_human_178"
"yo","Kò sí ẹni tó fẹ́ ẹ níbi iṣẹ́","Ìhùwàsí rẹ̀ níbi iṣẹ́ lè kó ìṣòro bá ọ; jọwọ ṣe àtúnṣe","human_annotated","yo_human_178"
"yo","Ìròyìn rẹ jẹ́ aṣejù; kò tọ́","Ìròyìn rẹ̀ kò péye; jọwọ ṣàtúnṣe","human_annotated","yo_human_178"
"yo","O jẹ aláìwúlò àti ènìyàn ọ̀lọ́nkànlílẹ̀","Ìṣe rẹ yìí kò munadoko; jọ̀wọ́ ṣe ní ọ̀nà tó yẹ","human_annotated","yo_human_178"
"yo","O jẹ aláìníwà àti ẹni ẹ̀rù","Ìwà yìí kò pé; jọ̀wọ́ ṣàtúnṣe","human_annotated","yo_human_178"
"yo","O ń ní mí lara pẹ̀lú ẹ̀rín àsán yẹn","Ìfarahàn rẹ yìí kò tọ́","human_annotated","yo_human_178"
"yo","O ń ṣe bí ẹni pé o dára, ṣùgbọ́n irọ ni","Ìhùwàsí rẹ yìí kò bójúmu tó","human_annotated","yo_human_178"
"yo","O ń hùwà bí alágàbàgebẹ̀ nígbà gbogbo","Ìhùwàsí rẹ yìí kò bójúmu tó; jọ̀wọ́ ṣe àtúnṣe","human_annotated","yo_human_178"
"yo","Ìnù-rere ìrò rẹ jẹ́ ohun irira","Ìfihàn ìnù-rere yìí kò ṣàfihàn òótọ́","human_annotated","yo_human_178"
"yo","O jẹ onírò alágàbàgẹ̀bẹ̀","Ọ̀rọ̀ yìí kò yémi; jọ̀wọ́ ṣàlàyé ní kedere","human_annotated","yo_human_178"
"yo","Má ṣe hùwà bí ẹni tó mọ ohun gbogbo","Jọ̀wọ́ jẹ́ ká fi àyè fun ìmọ̀ tuntun","human_annotated","yo_human_178"
"yo","O ń rìn mí lara, àti pé wahalà rẹ pọ̀ jù","Ìhùwàsí yìí ko bójúmu tó; jọ̀wọ́ mu ìbáṣepọ̀ wa rọrùn","human_annotated","yo_human_178"
"yo","O ń ṣe bí ẹni pé o jẹ onínúúre, ṣùgbọ́n alágàbàgẹ̀bẹ̀ ni ẹ́","Ìfarahàn ìnù-rere yìí kò yege; jọ̀wọ́ ṣe àtúnṣe","human_annotated","yo_human_178"
"yo","O jẹ oníwà-buburu ẹ̀dá ti o n yọ gbogbo eniyan lẹnu.","Ìhùwàsí rẹ yìí ń yà míì lẹ́nu; jọ̀wọ́ yi ìwà padà","human_annotated","yo_human_178"
"yo","O n ṣe bi ẹni pe o gbọn, ṣugbọn onigberaga ni ẹ","Ìfarahàn ọgbọ́n rẹ kò tẹ́milọ́rùn","human_annotated","yo_human_178"
"yo","O n sọrọ bi alagabagebe","Ọ̀rọ̀ rẹ yìí ko yémi; jọ̀wọ́ sọ̀ ko yémi","human_annotated","yo_human_178"
"yo","Inudidun rẹ jẹ iro o tun ṣàárẹ̀","Ìfihàn ayọ̀ yìí kò yege; jọ̀wọ́ ṣàtúnṣe","human_annotated","yo_human_178"
"yo","O jẹ atanijẹ oni irọ́.","Ìhùwàsí rẹ kò bójú mi; jọ̀wọ́ ṣàtúnṣe","human_annotated","yo_human_178"
"yo","Iwa rere rẹ jẹ asan.","ìwà rẹ yìí kò bójú mu; jọ̀wọ́ ṣètúnṣe","human_annotated","yo_human_178"
"yo","O jẹ alagidi lasan","Ìhùwàsí yìí kò dára; jọ̀wọ́ ṣe àtúnṣe","human_annotated","yo_human_178"
"yo","Ọgbọn rẹ jẹ asan","Ìfarahàn ọgbọ́n rẹ dà bí ìgbéraga","human_annotated","yo_human_178"
"yo","O jẹ alaiwulo","Ìpinnu àti ìṣe yìí kò munadoko","human_annotated","yo_human_178"
"yo","O jẹ alaiwulo nigbagbogbo","Ìpinnu àti ìṣe yìí kò munadoko","human_annotated","yo_human_178"
"yo","Máa jẹ́ kí o bínú gan-an.","ìwà rẹ yìí ko bójúmu to","human_annotated","yo_human_178"
"yo","Iwọ yóò gba esan ohun tí o ṣe","Iwa yìí leni àbájáde; jọ̀wọ́ ronú kí o yi wa padà.","human_annotated","yo_human_178"
"yo","Máa fọ ojú ẹ","Mo bínú gan-an sí ohun tí o ṣe","human_annotated","yo_human_178"
"yo","Máa bá ẹ jẹ́.","N kò ní gbàgbé ohun tó ṣẹ̀lẹ̀","human_annotated","yo_human_178"
"yo","O ń wá ìjà lọ́wọ́.","Ìṣe re yìí lè ní ewu","human_annotated","yo_human_178"
"yo","Ìwọ yóò banujẹ pé o tako mi.","A lè kọ́ ẹ̀kọ́ nínú ìṣẹ̀lẹ̀ yìí; jọ̀wọ́ jẹ́ ká ṣètúnṣe","human_annotated","yo_human_178"
"yo","Máa pa ẹ run.","Máa fi hàn pé o sì jẹ́ aṣìṣe","human_annotated","yo_human_178"
"yo","Máa jẹ́ kí o ní ìfarapa.","Máa fi hàn pé o ṣe ohun ti ko dara","human_annotated","yo_human_178"
"yo","Iwọ kò ní mọ ohun tó kọlu rẹ.","Àbájáde lè wà fun ìwà yíì; jọ̀wọ́ ṣe atunṣe","human_annotated","yo_human_178"
"yo","Máa jẹ́ kí o ṣàníyàn lórí ìṣe rẹ.","Mo fẹ́ kí o mọ́ bí iṣẹ́ rẹ ní ipa tó lágbára","human_annotated","yo_human_178"
"yo","Máa kọ́ ẹ ní ẹ̀kọ́.","O nílò láti kọ́ ẹ̀kọ́ láti inú ìṣẹ̀lẹ̀ yìí","human_annotated","yo_human_178"
"yo","Iwọ yóò rí ohun tó tọ́ sí ọ.","Ìṣe rẹ yìí yo ní àbájáde; jọ̀wọ́ yan ọ̀nà tó dara","human_annotated","yo_human_178"
"yo","Máa jẹ́ kí ayé rẹ dà rú.","Ọ̀nà yìí lè nira; jọ̀wọ́ jẹ́ ká yan ìlànà míràn tó rọrùn","human_annotated","yo_human_178"
"yo","Ìwọ yóò banujẹ.","Ìṣẹ̀lẹ̀ yìí lè fa ìbànújẹ́; jọ̀wọ́ ronú kí o ṣe ìtúnṣe tó tọ́","human_annotated","yo_human_178"
"yo","Máa padà fi ẹ̀sùn kan ẹ.","Máa ṣe àtúnṣe lórí ohun tó ṣẹlẹ̀","human_annotated","yo_human_178"
"yo","Máa jẹ́ kí gba esan iwa rẹ.","Mọ̀ pé ìṣe yi ní àbájáde; jọ̀wọ́ ṣe bó ṣe yẹ","human_annotated","yo_human_178"
"yo","Ìwọ kò ní iwá.","ìwà rẹ nílò atunṣe","human_annotated","yo_human_178"
"yo","O ń ṣeré pẹ̀lú ìná.","ìhùwàsí rẹ yìí kò tẹ́milórùn","human_annotated","yo_human_178"
"yo","Máa mú ẹnu rẹ.","Jọ̀wọ́ sọ̀rọ̀ ní ìwònba","human_annotated","yo_human_178"
"yo","Ìwọ yóò gba ohun tí o tọ́ sí.","Jọ̀wọ́ tẹ̀lé ìlànà nínú ìṣe rẹ","human_annotated","yo_human_178"
"yo","Máa fi ọ ṣe àpẹẹrẹ.","Ṣàlàyé ìṣe rẹ kedere ní ìbọ̀wọ̀","human_annotated","yo_human_178"
"yo","Ìwọ yóò banujẹ pé o pàdé mi.","Ọ̀rọ̀ yìí lè fa ìyàgò, jọ̀wọ́ je kí ìpàdé wa jẹ́ aláfià","human_annotated","yo_human_178"
"yo","Máa gba ẹ́rin yìí kúrò lenu rẹ.","Jọ̀wọ́ má ṣe ṣe ẹ̀gàn; sọ̀rọ̀ ní kíkún","human_annotated","yo_human_178"
"yo","Ìwọ yóò ní ìfàrápá","Ewu le wà ninu èyí; jọ̀wọ́ gba ìtọ́nisọ́nà","human_annotated","yo_human_178"
"yo","Ìwọ yóò banujẹ pé o bẹ̀rẹ̀ èyí.","Ronú  lori ìpinnu yìí kò to dáwọ́ le","human_annotated","yo_human_178"
"yo","Máa jẹ́ kí o bẹ̀ mí.","Tí o bá nílò ìrànlọ́wọ́, béèrè pẹ̀lú àlàyé","human_annotated","yo_human_178"
"yo","Ìwọ yio ṣòfò.","Ìṣe yìí le ma ní èso rere; jọ̀wọ́ yí ọ̀nà padà","human_annotated","yo_human_178"
"yo","Máa bà  aye ẹ jẹ́.","Jọ̀wọ́ yan ìbánisọ̀rọ̀ aláfiyà kí o lè ṣètúnṣe","human_annotated","yo_human_178"
"yo","Máa jẹ́ kí o banujẹ ìpinnu yìí.","Ìpinnu yìí lè yọrí sí abájáde mìíràn","human_annotated","yo_human_178"
"yo","Máa jẹ́ kí o banuje pe o wà láyé.","Kò yẹ kí a sọ ọ̀rọ̀ tó le ba ìlera ọkàn jẹ","human_annotated","yo_human_178"
"yo","Ìwọ yóò gba ohun tí o tọ́ sí ọ, pẹ̀lú àrùn.","O máa gba ohun tó tọ́ sí ọ, láì ni àìlera","human_annotated","yo_human_178"
"yo","Máa jẹ́ kí o jìyà lórí ohun tí o kò rò.","Abájáde na lè ju ohun tí o rò lọ","human_annotated","yo_human_178"
"yo","Máa bà orúkọ rẹ jẹ́.","Ìṣe yìí lè ba orúkọ rẹ jẹ́","human_annotated","yo_human_178"
"yo","Ìwọ yóò sọ gbogbo nkan nù.","Ohun tí o ní lè dín kù","human_annotated","yo_human_178"
"yo","Máa fi ọ ṣe àpẹẹrẹ fún gbogbo ènìyàn.","A ó fi ìṣẹ̀lẹ̀ yìí ṣe àpẹẹrẹ","human_annotated","yo_human_178"
"yo","Ìwọ yóò dojú kọ ìbínú mi.","Ìbánisọ̀rọ̀ yóò wáyé ní ìbòwò","human_annotated","yo_human_178"
"yo","Máa tú oró si ẹ lara.","Kò sí ìṣe tí yóò kọja ìlànà","human_annotated","yo_human_178"
"yo","Ìwọ yóò banujẹ pé o wà láyé.","Ọ̀rọ̀ nípa ìgbésí-ayé yóò jẹ ní ìbòwò","human_annotated","yo_human_178"
"yo","Máa jẹ́ kí ayé rẹ dà rú.","Màá tẹ̀lé ìṣètò tó mú ìrìnàjò rọrùn","human_annotated","yo_human_178"
"yo","O ti fa ìbànújẹ bá mi.","Ìṣẹ̀lẹ̀ yìí kò bójú mu","human_annotated","yo_human_178"
"yo","Mi ò ní sinmi títí tí mo fi ma gbà èsan mi.","Mo nílò ìdáhùn kedere sí ọ̀ràn yìí","human_annotated","yo_human_178"
"yo","Máa jẹ́ kí o jìyà ju ohun tí o lè rò lọ.","Abájáde lè ju ireti lọ bí o ṣe ṣàkóso èyí","human_annotated","yo_human_178"
"yo","Ayé rẹ yóò padà jẹ́ àdánù.","Ìgbésí-ayé rẹ lè ni àbájáde miiran","human_annotated","yo_human_178"
"yo","O ń ṣeré pẹ̀lú iná.","Ewu wà nínú ìṣe yìí","human_annotated","yo_human_178"
"yo","Ìwọ yóò mọ̀ ìbínú mi.","Ìdáhùn mi yóò hàn","human_annotated","yo_human_178"
"yo","Máa sọ ọ di ẹni aláìgbọràn.","A ó ṣàlàyé ìlànà kedere","human_annotated","yo_human_178"
"yo","O ti kọjá ààlà tí kò yẹ.","Ìṣe yìí kọja ààlà","human_annotated","yo_human_178"
"yo","Ìwọ yóò banujẹ lórí èyí ní òwúrọ̀.","Ìtúpalẹ̀ nigbamii lè fi hàn pé ìpinnu kò tọ́","human_annotated","yo_human_178"
"yo","Ìwọ yóò gba ohun tí o tọ́ sí, pẹ̀lú àfikún.","Ìyọ̀ǹda lè ní àfikún","human_annotated","yo_human_178"
"yo","Máa jẹ́ kí o jìyà lórí ohun tí o kò rò.","Abájáde nkan lè tóbi ju bó ṣe rò lọ","human_annotated","yo_human_178"
"yo","Máa pa orúkọ rẹ run.","Orúkọ rere lè dín kù nítorí ìṣe yìí","human_annotated","yo_human_178"
"yo","Wa padanu gbogbo ohun tí o nífẹ̀ẹ́.","Ohun pàtàkì sí ọ lè dín kù.","human_annotated","yo_human_178"
"yo","Máa fi ọ ṣe àpẹẹrẹ fún gbogbo ènìyàn.","A ó lo ìṣẹ̀lẹ̀ yìí gẹ́gẹ́ bí àpẹẹrẹ","human_annotated","yo_human_178"
"yo","Ìwọ yóò dojú kọ ìbínú mi pátápátá.","Ìjíròrò yóò wáyé ní ìlànà to yẹ","human_annotated","yo_human_178"
"yo","Ìwọ yóò banujẹ pé o wà láyé.","Ọ̀rọ̀ nípa ìgbésí-ayé yìí yóò nilo àlàyé","human_annotated","yo_human_178"
"yo","Máa jẹ́ kí ayé rẹ ṣòro láti gbé.","Ìgbésí-ayé rẹ lè dín kún bí o kò bá ṣe atunṣe","human_annotated","yo_human_178"
"yo","Mo bínú gidigidi nípa àbùkù yìí.","Ìṣẹ̀lẹ̀ yìí kò bójú mu sí mi","human_annotated","yo_human_178"
"yo","O ti kọjá ààlà, ma doju ti e","Ìṣe yìí ko bojumu to; jọwọ ṣe atunṣe","human_annotated","yo_human_178"
"yo","Máa bá e ja títí di òpin.","Ìdájọ́ yìí lè tẹ̀lé ìlànà títí di òpin","human_annotated","yo_human_178"
"yo","Mo fẹ́ kí o jìyà fún ohun tí o ṣe.","Mo fẹ́ kí a tẹ̀lé ìlànà lori ọ̀ràn yìí","human_annotated","yo_human_178"
"yo","Ìwọ yóò banujẹ pé o ṣe èyí.","Ìṣe yìí lèní àbájáde","human_annotated","yo_human_178"
"yo","Ìpò yìí jẹ́ àjálù.","Ìpò yìí kò bójú mu","human_annotated","yo_human_178"
"yo","O mọ̀ pé mo ní ìbànújẹ","Jọ̀wọ́ ṣalaye ki ọ̀rọ̀ na yé","human_annotated","yo_human_178"
"yo","Máa yí ọ̀nà rẹ kúro","Maa mu gbogbo rẹ ṣẹ pẹ̀lú ìtọ́nisọ́nà","human_annotated","yo_human_178"
"yo","O máa gba ohun tí o tọ́ sí ọ","A ó ṣe àfihàn ohun tó tọ́ sí ọ","human_annotated","yo_human_178"
"yo","Máa sọ ọ di ẹni ti kò a o fẹ́ rí","A ó yàn ìlànà tó peye fun ọ","human_annotated","yo_human_178"
"yo","Ìwọ jẹ́ aláìlera","Ìwọ ní àwọn àìlera","human_annotated","yo_human_178"
"yo","Ìwọ jẹ́ asán","Ìwọ ní àǹfààní lati ṣe àtúnṣe sí ìwà rẹ","human_annotated","yo_human_178"
"yo","Ó jẹ́ ẹni tí kò ní ìmọ̀","Ó nílò àfikún ìmọ̀","human_annotated","yo_human_178"
"yo","O ṣe bí ẹni tí kò ní ìlera","Ìlera rẹ nilo àtúnṣe","human_annotated","yo_human_178"
"yo","Ìwọ jẹ́ ẹni tí kò yẹ","Ìwọ ní àǹfààní lati ṣe àtúnṣe sí ìwà rẹ","human_annotated","yo_human_178"
"yo","Ìpinnu rẹ̀ burú.","Ìpinnu rẹ̀ nílò ìtúnṣe díẹ̀","human_annotated","yo_human_178"
"yo","Ìṣètò rẹ̀ kò pé","Ìṣètò rẹ̀ nílò ìmúle síi","human_annotated","yo_human_178"
"yo","Ìṣe rẹ̀ kò péye","Ìṣe rẹ̀ nílò àtúnṣe díẹ̀","human_annotated","yo_human_178"
"yo","Ìjìnlẹ̀ ẹ̀kọ́ rẹ̀ kéré","Ìjìnlẹ̀ ẹ̀kọ́ rẹ̀ nílò ìfọkànsìn síi","human_annotated","yo_human_178"
"yo","Ìmọ̀ rẹ̀ ò pé","Ìmọ̀ rẹ̀ nílò ìtẹ̀síwájú síi","human_annotated","yo_human_178"
"yo","Ìpinnu náà kò dáa","Ìpinnu náà nílò àtúnṣe díẹ̀","human_annotated","yo_human_178"
"yo","Ìhùwàsí rẹ̀ burú gan-an","Ìhùwàsí rẹ̀ nílò ìmúlò àtúnṣe","human_annotated","yo_human_178"
"yo","Ìròyìn náà kò ní ètò","Ìròyìn náà nílò àfihàn àlàyé síi","human_annotated","yo_human_178"
"yo","Ìmọ̀ rẹ̀ kéré púpọ̀","Ìmọ̀ rẹ̀ nílò ìmúlò síi","human_annotated","yo_human_178"
"yo","Ìṣe rẹ̀ kò péye","Ìṣe rẹ̀ nílò àtúnṣe díẹ̀","human_annotated","yo_human_178"
"yo","Ìbáṣepọ̀ yìí burú","Ìbáṣepọ̀ yìí nílò àtúnṣe","human_annotated","yo_human_178"
"yo","Ìròyìn náà burú","Ìròyìn náà nilo ìmúlò tó dáa","human_annotated","yo_human_178"
"yo","Àṣà yìí burú","Àṣà yìí lè dáa pẹ̀lú àtúnṣe","human_annotated","yo_human_178"
"yo","Ẹ̀sùn náà ò dá lórí òtítọ́","Ẹ̀sùn náà nílò ẹ̀rí tó dá lórí òtítọ́","human_annotated","yo_human_178"
"yo","Ìmúlò rẹ̀ kò bófin m","Ìmúlò rẹ̀ nílò àtúnṣe kí ó lè bófin mu","human_annotated","yo_human_178"
"yo","Ìmọ̀ rẹ̀ kéré gan-an","Ìmọ̀ rẹ̀ nilo ìtẹ̀síwájú síi","human_annotated","yo_human_178"
"yo","Ìrìnàjò rẹ̀ jẹ́ asán","Ìrìnàjò rẹ̀ lè dáa bí o bá ṣètò dáadáa","human_annotated","yo_human_178"
"yo","Ọ̀rọ̀ rẹ̀ jẹ́ aláìlera","Ọ̀rọ̀ rẹ̀ lè wúlò bí o bá fi òtítọ́ kún un","human_annotated","yo_human_178"
"yo","A ò lè fi ọ sípò pàtàkì","A lè fi ọ sípò pàtàkì bí o bá ṣàfihàn ìgboyà àti iṣẹ́ rere","human_annotated","yo_human_178"
"yo","Èrò rẹ̀ kùnà patapata","Èrò rẹ̀ nílò àtúnṣe kí ó lè wúlò dáadáa","human_annotated","yo_human_178"
"yo","Iwọ jẹ́ ẹni tí kò ní ìrètí","Iwọ le ni ìrètí bi o ba ṣiṣẹ́ láti mú un ṣẹ","human_annotated","yo_human_178"
"yo","Ohun tí o ṣe kò ní ìtumọ̀","Ohun tí o ṣe lè ní ìtumọ̀ tó dájú bí a bá fi ṣàtúnṣe","human_annotated","yo_human_178"
"yo","Iwọ jẹ́ ẹ̀rù fún wa","Ìṣe rẹ̀ lè ṣiṣẹ́ pọ̀ bi o ba mú un dara","human_annotated","yo_human_178"
"yo","Ìṣe rẹ̀ jẹ́ kí gbogbo ohun baje","Ìṣe rẹ̀ lè wúlò bi o ba mu dara síi","human_annotated","yo_human_178"
"yo","Iwọ kò lè ṣe ohun kankan dáadá","Pẹ̀lú àkíyèsí àti ìmúlò, ìṣe rẹ̀ lè dáa","human_annotated","yo_human_178"
"yo","A kò ní fi ọ síbẹ̀ mọ́","A ó fi ọ síbẹ̀ bí o bá ṣiṣẹ́ dáadáa","human_annotated","yo_human_178"
"yo","Iwọ ń ṣe ohun asán","Ohun tí o ń ṣe nílò ìtúnṣe kí ó lè ní àbájáde tó dáa","human_annotated","yo_human_178"
"yo","O dájú pé ìṣe rẹ̀ kò ní dára","Bí o bá ṣiṣẹ́ pẹ̀lú òye, ìṣe rẹ̀ lè dára","human_annotated","yo_human_178"
"yo","Kò sí ìrètí fún ọ","Ìrètí wà fún ọ bí o bá ṣiṣẹ́ takuntakun","human_annotated","yo_human_178"
"yo","Iwọ jẹ́ aláìwúlò","O ní agbára àti oye tó yẹ kí o lo","human_annotated","yo_human_178"
"yo","Iwọ kì í ṣe ẹni tó ní ìmúlò","O nílò láti ṣe ìmúlò síi láti rí ìtẹ̀síwájú","human_annotated","yo_human_178"
"yo","Ìpinnu rẹ̀ ò ní ṣiṣẹ́","Bí o ronú ìpinnu rẹ̀ lè ṣiṣẹ́ dáadáa","human_annotated","yo_human_178"
"yo","Ó dájú pé o máa kùnà","O lè dojukọ ìṣòro, ṣùgbọ́n o tún lè ṣàṣeyọrí","human_annotated","yo_human_178"
"yo","Iwọ kò mọ̀ nǹkan kan","O nílò láti kọ́ ẹ̀kọ́ síi","human_annotated","yo_human_178"
"yo","Ọ̀rọ̀ rẹ kò ní ìtànkálẹ̀","Ọ̀rọ̀ rẹ nílò àlàyé","human_annotated","yo_human_178"
"yo","Ẹ̀rù rẹ̀ ń bà mí","Ìhùwàsí rẹ̀ ń fa ìṣòro fún ìbáṣepọ̀ wa","human_annotated","yo_human_178"
"yo","O máa parẹ́ bíi asán","Bí o kò bá ṣàkííyésí, ó lè ṣòro láti ṣàṣeyọrí","human_annotated","yo_human_178"
"yo","Kò sí ìdí tí ẹnikẹ́ni fi máa fẹ́ ọ","Ó lè nira fún àwọn míìràn láti lóye rẹ","human_annotated","yo_human_178"
"yo","Ó kún fún ìdààmú","Mo ṣàkííyèsí pé ọ̀nà rẹ̀ nilo atúnṣe","human_annotated","yo_human_178"
"yo","Ìkànsí rẹ̀ kì í dáa","Ìkànsí rẹ̀ nílò ìmúṣeyọrí síi","human_annotated","yo_human_178"
"yo","Idiot ni ẹ","Ìṣe rẹ lè ni àbájáde rere pẹ̀lú ìrànwón","human_annotated","yo_human_178"
"yo","O stupid gan","Ìṣe rẹ lè dara síi pẹ̀lú àmójútó","human_annotated","yo_human_178"
"yo","O useless gan","Ìṣe rẹ lè ní ipa rere pẹ̀lú àtúnṣe","human_annotated","yo_human_178"
"yo","O crazy","Ìwà rẹ nílò àtúnṣe àti àmójútó","human_annotated","yo_human_178"
