scope,side,layer,pooling,seed,cos_meandiff_probe
lang_am,decoder,4,pooled_mean_all,42,0.7270565032958984
lang_am,decoder,4,pooled_mean_all,1337,0.7148500084877014
lang_am,decoder,4,pooled_mean_all,2024,0.7281777262687683
lang_am,decoder,4,pooled_mean_content,42,0.7244240045547485
lang_am,decoder,4,pooled_mean_content,1337,0.7025632858276367
lang_am,decoder,4,pooled_mean_content,2024,0.7183337211608887
lang_am,decoder,6,pooled_mean_all,42,0.6472443342208862
lang_am,decoder,6,pooled_mean_all,1337,0.6463592052459717
lang_am,decoder,6,pooled_mean_all,2024,0.6347390413284302
lang_am,decoder,6,pooled_mean_content,42,0.6477788686752319
lang_am,decoder,6,pooled_mean_content,1337,0.6447166204452515
lang_am,decoder,6,pooled_mean_content,2024,0.638464093208313
lang_am,decoder,8,pooled_mean_all,42,0.673292338848114
lang_am,decoder,8,pooled_mean_all,1337,0.6629637479782104
lang_am,decoder,8,pooled_mean_all,2024,0.6668698787689209
lang_am,decoder,8,pooled_mean_content,42,0.6664975881576538
lang_am,decoder,8,pooled_mean_content,1337,0.6523486971855164
lang_am,decoder,8,pooled_mean_content,2024,0.6603873372077942
lang_am,encoder,4,pooled_mean_all,42,0.47053107619285583
lang_am,encoder,4,pooled_mean_all,1337,0.4967373311519623
lang_am,encoder,4,pooled_mean_all,2024,0.5563532114028931
lang_am,encoder,4,pooled_mean_content,42,0.622244119644165
lang_am,encoder,4,pooled_mean_content,1337,0.5992263555526733
lang_am,encoder,4,pooled_mean_content,2024,0.5776491165161133
lang_am,encoder,6,pooled_mean_all,42,0.4921509623527527
lang_am,encoder,6,pooled_mean_all,1337,0.5257260203361511
lang_am,encoder,6,pooled_mean_all,2024,0.5823262333869934
lang_am,encoder,6,pooled_mean_content,42,0.6030402183532715
lang_am,encoder,6,pooled_mean_content,1337,0.603972315788269
lang_am,encoder,6,pooled_mean_content,2024,0.6164681315422058
lang_am,encoder,8,pooled_mean_all,42,0.5374886989593506
lang_am,encoder,8,pooled_mean_all,1337,0.55986487865448
lang_am,encoder,8,pooled_mean_all,2024,0.6001083850860596
lang_am,encoder,8,pooled_mean_content,42,0.6530755758285522
lang_am,encoder,8,pooled_mean_content,1337,0.6478700637817383
lang_am,encoder,8,pooled_mean_content,2024,0.6421794295310974
lang_ar,decoder,4,pooled_mean_all,42,0.6448787450790405
lang_ar,decoder,4,pooled_mean_all,1337,0.656343936920166
lang_ar,decoder,4,pooled_mean_all,2024,0.7035658359527588
lang_ar,decoder,4,pooled_mean_content,42,0.6685016751289368
lang_ar,decoder,4,pooled_mean_content,1337,0.6718510985374451
lang_ar,decoder,4,pooled_mean_content,2024,0.7131322622299194
lang_ar,decoder,6,pooled_mean_all,42,0.6048698425292969
lang_ar,decoder,6,pooled_mean_all,1337,0.6075552105903625
lang_ar,decoder,6,pooled_mean_all,2024,0.6252331733703613
lang_ar,decoder,6,pooled_mean_content,42,0.6275513768196106
lang_ar,decoder,6,pooled_mean_content,1337,0.6277220845222473
lang_ar,decoder,6,pooled_mean_content,2024,0.6430135369300842
lang_ar,decoder,8,pooled_mean_all,42,0.6359961628913879
lang_ar,decoder,8,pooled_mean_all,1337,0.6371328830718994
lang_ar,decoder,8,pooled_mean_all,2024,0.656662106513977
lang_ar,decoder,8,pooled_mean_content,42,0.6755369901657104
lang_ar,decoder,8,pooled_mean_content,1337,0.6743090152740479
lang_ar,decoder,8,pooled_mean_content,2024,0.6959170699119568
lang_ar,encoder,4,pooled_mean_all,42,0.21094176173210144
lang_ar,encoder,4,pooled_mean_all,1337,0.21929487586021423
lang_ar,encoder,4,pooled_mean_all,2024,0.24272280931472778
lang_ar,encoder,4,pooled_mean_content,42,0.3812471032142639
lang_ar,encoder,4,pooled_mean_content,1337,0.44830259680747986
lang_ar,encoder,4,pooled_mean_content,2024,0.48837581276893616
lang_ar,encoder,6,pooled_mean_all,42,0.2599254846572876
lang_ar,encoder,6,pooled_mean_all,1337,0.2623926103115082
lang_ar,encoder,6,pooled_mean_all,2024,0.29867416620254517
lang_ar,encoder,6,pooled_mean_content,42,0.435044527053833
lang_ar,encoder,6,pooled_mean_content,1337,0.4845926761627197
lang_ar,encoder,6,pooled_mean_content,2024,0.5203341245651245
lang_ar,encoder,8,pooled_mean_all,42,0.31638315320014954
lang_ar,encoder,8,pooled_mean_all,1337,0.32050469517707825
lang_ar,encoder,8,pooled_mean_all,2024,0.3502441644668579
lang_ar,encoder,8,pooled_mean_content,42,0.4931809902191162
lang_ar,encoder,8,pooled_mean_content,1337,0.5380741953849792
lang_ar,encoder,8,pooled_mean_content,2024,0.5597584247589111
lang_de,decoder,4,pooled_mean_all,42,0.7916885614395142
lang_de,decoder,4,pooled_mean_all,1337,0.7862753868103027
lang_de,decoder,4,pooled_mean_all,2024,0.7737492322921753
lang_de,decoder,4,pooled_mean_content,42,0.7986591458320618
lang_de,decoder,4,pooled_mean_content,1337,0.7923344373703003
lang_de,decoder,4,pooled_mean_content,2024,0.7735069394111633
lang_de,decoder,6,pooled_mean_all,42,0.6872761249542236
lang_de,decoder,6,pooled_mean_all,1337,0.6949756145477295
lang_de,decoder,6,pooled_mean_all,2024,0.6724785566329956
lang_de,decoder,6,pooled_mean_content,42,0.705842137336731
lang_de,decoder,6,pooled_mean_content,1337,0.7128492593765259
lang_de,decoder,6,pooled_mean_content,2024,0.6807262897491455
lang_de,decoder,8,pooled_mean_all,42,0.6932731866836548
lang_de,decoder,8,pooled_mean_all,1337,0.6789387464523315
lang_de,decoder,8,pooled_mean_all,2024,0.6996284127235413
lang_de,decoder,8,pooled_mean_content,42,0.7262929677963257
lang_de,decoder,8,pooled_mean_content,1337,0.7111914753913879
lang_de,decoder,8,pooled_mean_content,2024,0.7257563471794128
lang_de,encoder,4,pooled_mean_all,42,0.2957911789417267
lang_de,encoder,4,pooled_mean_all,1337,0.31276991963386536
lang_de,encoder,4,pooled_mean_all,2024,0.30496957898139954
lang_de,encoder,4,pooled_mean_content,42,0.7419476509094238
lang_de,encoder,4,pooled_mean_content,1337,0.744135856628418
lang_de,encoder,4,pooled_mean_content,2024,0.705573320388794
lang_de,encoder,6,pooled_mean_all,42,0.3831314146518707
lang_de,encoder,6,pooled_mean_all,1337,0.41179436445236206
lang_de,encoder,6,pooled_mean_all,2024,0.3918721079826355
lang_de,encoder,6,pooled_mean_content,42,0.7022585868835449
lang_de,encoder,6,pooled_mean_content,1337,0.7275923490524292
lang_de,encoder,6,pooled_mean_content,2024,0.6985602378845215
lang_de,encoder,8,pooled_mean_all,42,0.45874926447868347
lang_de,encoder,8,pooled_mean_all,1337,0.48239749670028687
lang_de,encoder,8,pooled_mean_all,2024,0.455651193857193
lang_de,encoder,8,pooled_mean_content,42,0.6763961911201477
lang_de,encoder,8,pooled_mean_content,1337,0.681018590927124
lang_de,encoder,8,pooled_mean_content,2024,0.6763734221458435
lang_en,decoder,4,pooled_mean_all,42,0.6457836627960205
lang_en,decoder,4,pooled_mean_all,1337,0.6554632186889648
lang_en,decoder,4,pooled_mean_all,2024,0.6682440042495728
lang_en,decoder,4,pooled_mean_content,42,0.6836007833480835
lang_en,decoder,4,pooled_mean_content,1337,0.6833599805831909
lang_en,decoder,4,pooled_mean_content,2024,0.7019867897033691
lang_en,decoder,6,pooled_mean_all,42,0.6226765513420105
lang_en,decoder,6,pooled_mean_all,1337,0.6155316829681396
lang_en,decoder,6,pooled_mean_all,2024,0.6091092824935913
lang_en,decoder,6,pooled_mean_content,42,0.6471726894378662
lang_en,decoder,6,pooled_mean_content,1337,0.6333765387535095
lang_en,decoder,6,pooled_mean_content,2024,0.6292611360549927
lang_en,decoder,8,pooled_mean_all,42,0.6332246661186218
lang_en,decoder,8,pooled_mean_all,1337,0.6427679657936096
lang_en,decoder,8,pooled_mean_all,2024,0.6486084461212158
lang_en,decoder,8,pooled_mean_content,42,0.6712666153907776
lang_en,decoder,8,pooled_mean_content,1337,0.674347460269928
lang_en,decoder,8,pooled_mean_content,2024,0.6830776333808899
lang_en,encoder,4,pooled_mean_all,42,0.13106223940849304
lang_en,encoder,4,pooled_mean_all,1337,0.1308637410402298
lang_en,encoder,4,pooled_mean_all,2024,0.13072092831134796
lang_en,encoder,4,pooled_mean_content,42,0.11778207868337631
lang_en,encoder,4,pooled_mean_content,1337,0.11465757340192795
lang_en,encoder,4,pooled_mean_content,2024,0.10934071242809296
lang_en,encoder,6,pooled_mean_all,42,0.17916932702064514
lang_en,encoder,6,pooled_mean_all,1337,0.1817065179347992
lang_en,encoder,6,pooled_mean_all,2024,0.18105153739452362
lang_en,encoder,6,pooled_mean_content,42,0.1601770669221878
lang_en,encoder,6,pooled_mean_content,1337,0.15867750346660614
lang_en,encoder,6,pooled_mean_content,2024,0.14715471863746643
lang_en,encoder,8,pooled_mean_all,42,0.23937943577766418
lang_en,encoder,8,pooled_mean_all,1337,0.23850096762180328
lang_en,encoder,8,pooled_mean_all,2024,0.24140921235084534
lang_en,encoder,8,pooled_mean_content,42,0.21630358695983887
lang_en,encoder,8,pooled_mean_content,1337,0.21682405471801758
lang_en,encoder,8,pooled_mean_content,2024,0.19116970896720886
lang_es,decoder,4,pooled_mean_all,42,0.628797173500061
lang_es,decoder,4,pooled_mean_all,1337,0.6659557223320007
lang_es,decoder,4,pooled_mean_all,2024,0.6895197629928589
lang_es,decoder,4,pooled_mean_content,42,0.6302153468132019
lang_es,decoder,4,pooled_mean_content,1337,0.6601622104644775
lang_es,decoder,4,pooled_mean_content,2024,0.681445837020874
lang_es,decoder,6,pooled_mean_all,42,0.5808457732200623
lang_es,decoder,6,pooled_mean_all,1337,0.6035732626914978
lang_es,decoder,6,pooled_mean_all,2024,0.5948189496994019
lang_es,decoder,6,pooled_mean_content,42,0.5877529978752136
lang_es,decoder,6,pooled_mean_content,1337,0.6087325811386108
lang_es,decoder,6,pooled_mean_content,2024,0.5986257791519165
lang_es,decoder,8,pooled_mean_all,42,0.6279442310333252
lang_es,decoder,8,pooled_mean_all,1337,0.6338847279548645
lang_es,decoder,8,pooled_mean_all,2024,0.6523460149765015
lang_es,decoder,8,pooled_mean_content,42,0.635665774345398
lang_es,decoder,8,pooled_mean_content,1337,0.6418583989143372
lang_es,decoder,8,pooled_mean_content,2024,0.6574199795722961
lang_es,encoder,4,pooled_mean_all,42,0.1937355399131775
lang_es,encoder,4,pooled_mean_all,1337,0.19124415516853333
lang_es,encoder,4,pooled_mean_all,2024,0.2155243307352066
lang_es,encoder,4,pooled_mean_content,42,0.3140595555305481
lang_es,encoder,4,pooled_mean_content,1337,0.34764403104782104
lang_es,encoder,4,pooled_mean_content,2024,0.40486449003219604
lang_es,encoder,6,pooled_mean_all,42,0.25684958696365356
lang_es,encoder,6,pooled_mean_all,1337,0.2630317211151123
lang_es,encoder,6,pooled_mean_all,2024,0.2777702212333679
lang_es,encoder,6,pooled_mean_content,42,0.3773213028907776
lang_es,encoder,6,pooled_mean_content,1337,0.41732725501060486
lang_es,encoder,6,pooled_mean_content,2024,0.4500297009944916
lang_es,encoder,8,pooled_mean_all,42,0.3215113878250122
lang_es,encoder,8,pooled_mean_all,1337,0.3258109390735626
lang_es,encoder,8,pooled_mean_all,2024,0.33043181896209717
lang_es,encoder,8,pooled_mean_content,42,0.4233751893043518
lang_es,encoder,8,pooled_mean_content,1337,0.4574771821498871
lang_es,encoder,8,pooled_mean_content,2024,0.48111891746520996
lang_hi,decoder,4,pooled_mean_all,42,0.703313946723938
lang_hi,decoder,4,pooled_mean_all,1337,0.7178523540496826
lang_hi,decoder,4,pooled_mean_all,2024,0.7542385458946228
lang_hi,decoder,4,pooled_mean_content,42,0.6968304514884949
lang_hi,decoder,4,pooled_mean_content,1337,0.7091679573059082
lang_hi,decoder,4,pooled_mean_content,2024,0.7392538785934448
lang_hi,decoder,6,pooled_mean_all,42,0.6243062019348145
lang_hi,decoder,6,pooled_mean_all,1337,0.6432657837867737
lang_hi,decoder,6,pooled_mean_all,2024,0.6530735492706299
lang_hi,decoder,6,pooled_mean_content,42,0.6248701214790344
lang_hi,decoder,6,pooled_mean_content,1337,0.643872857093811
lang_hi,decoder,6,pooled_mean_content,2024,0.6484599113464355
lang_hi,decoder,8,pooled_mean_all,42,0.6317821145057678
lang_hi,decoder,8,pooled_mean_all,1337,0.6318688988685608
lang_hi,decoder,8,pooled_mean_all,2024,0.6752392649650574
lang_hi,decoder,8,pooled_mean_content,42,0.6397442817687988
lang_hi,decoder,8,pooled_mean_content,1337,0.6411875486373901
lang_hi,decoder,8,pooled_mean_content,2024,0.6777540445327759
lang_hi,encoder,4,pooled_mean_all,42,0.2684269845485687
lang_hi,encoder,4,pooled_mean_all,1337,0.2653043270111084
lang_hi,encoder,4,pooled_mean_all,2024,0.3903781771659851
lang_hi,encoder,4,pooled_mean_content,42,0.41195061802864075
lang_hi,encoder,4,pooled_mean_content,1337,0.4249364137649536
lang_hi,encoder,4,pooled_mean_content,2024,0.553746223449707
lang_hi,encoder,6,pooled_mean_all,42,0.3249453902244568
lang_hi,encoder,6,pooled_mean_all,1337,0.32277828454971313
lang_hi,encoder,6,pooled_mean_all,2024,0.46022409200668335
lang_hi,encoder,6,pooled_mean_content,42,0.4683120846748352
lang_hi,encoder,6,pooled_mean_content,1337,0.48359355330467224
lang_hi,encoder,6,pooled_mean_content,2024,0.5906735062599182
lang_hi,encoder,8,pooled_mean_all,42,0.38833367824554443
lang_hi,encoder,8,pooled_mean_all,1337,0.37305304408073425
lang_hi,encoder,8,pooled_mean_all,2024,0.5030012130737305
lang_hi,encoder,8,pooled_mean_content,42,0.5041622519493103
lang_hi,encoder,8,pooled_mean_content,1337,0.5039186477661133
lang_hi,encoder,8,pooled_mean_content,2024,0.5907942056655884
lang_uk,decoder,4,pooled_mean_all,42,0.7221992015838623
lang_uk,decoder,4,pooled_mean_all,1337,0.7207508087158203
lang_uk,decoder,4,pooled_mean_all,2024,0.7378321290016174
lang_uk,decoder,4,pooled_mean_content,42,0.7370626926422119
lang_uk,decoder,4,pooled_mean_content,1337,0.7298581600189209
lang_uk,decoder,4,pooled_mean_content,2024,0.7436248064041138
lang_uk,decoder,6,pooled_mean_all,42,0.6686938405036926
lang_uk,decoder,6,pooled_mean_all,1337,0.679767906665802
lang_uk,decoder,6,pooled_mean_all,2024,0.6571487188339233
lang_uk,decoder,6,pooled_mean_content,42,0.6851166486740112
lang_uk,decoder,6,pooled_mean_content,1337,0.693554162979126
lang_uk,decoder,6,pooled_mean_content,2024,0.6681118607521057
lang_uk,decoder,8,pooled_mean_all,42,0.7125582098960876
lang_uk,decoder,8,pooled_mean_all,1337,0.7069324254989624
lang_uk,decoder,8,pooled_mean_all,2024,0.7057238817214966
lang_uk,decoder,8,pooled_mean_content,42,0.7390351295471191
lang_uk,decoder,8,pooled_mean_content,1337,0.7308970093727112
lang_uk,decoder,8,pooled_mean_content,2024,0.7206385135650635
lang_uk,encoder,4,pooled_mean_all,42,0.19871528446674347
lang_uk,encoder,4,pooled_mean_all,1337,0.19827933609485626
lang_uk,encoder,4,pooled_mean_all,2024,0.2285393327474594
lang_uk,encoder,4,pooled_mean_content,42,0.31329208612442017
lang_uk,encoder,4,pooled_mean_content,1337,0.329238623380661
lang_uk,encoder,4,pooled_mean_content,2024,0.370040625333786
lang_uk,encoder,6,pooled_mean_all,42,0.25545498728752136
lang_uk,encoder,6,pooled_mean_all,1337,0.24937781691551208
lang_uk,encoder,6,pooled_mean_all,2024,0.28769034147262573
lang_uk,encoder,6,pooled_mean_content,42,0.37583255767822266
lang_uk,encoder,6,pooled_mean_content,1337,0.3950302004814148
lang_uk,encoder,6,pooled_mean_content,2024,0.43605101108551025
lang_uk,encoder,8,pooled_mean_all,42,0.31830909848213196
lang_uk,encoder,8,pooled_mean_all,1337,0.3096224069595337
lang_uk,encoder,8,pooled_mean_all,2024,0.34470146894454956
lang_uk,encoder,8,pooled_mean_content,42,0.4286271333694458
lang_uk,encoder,8,pooled_mean_content,1337,0.4460752010345459
lang_uk,encoder,8,pooled_mean_content,2024,0.4785636365413666
lang_xh,decoder,4,pooled_mean_all,42,0.8182343244552612
lang_xh,decoder,4,pooled_mean_all,1337,0.8055336475372314
lang_xh,decoder,4,pooled_mean_all,2024,0.7707493305206299
lang_xh,decoder,4,pooled_mean_content,42,0.8298584222793579
lang_xh,decoder,4,pooled_mean_content,1337,0.8192023634910583
lang_xh,decoder,4,pooled_mean_content,2024,0.7813180685043335
lang_xh,decoder,6,pooled_mean_all,42,0.7989075183868408
lang_xh,decoder,6,pooled_mean_all,1337,0.8093628287315369
lang_xh,decoder,6,pooled_mean_all,2024,0.7529672384262085
lang_xh,decoder,6,pooled_mean_content,42,0.7914963364601135
lang_xh,decoder,6,pooled_mean_content,1337,0.8058831691741943
lang_xh,decoder,6,pooled_mean_content,2024,0.751061201095581
lang_xh,decoder,8,pooled_mean_all,42,0.8235507011413574
lang_xh,decoder,8,pooled_mean_all,1337,0.8344640731811523
lang_xh,decoder,8,pooled_mean_all,2024,0.7809920907020569
lang_xh,decoder,8,pooled_mean_content,42,0.8130573034286499
lang_xh,decoder,8,pooled_mean_content,1337,0.8357347249984741
lang_xh,decoder,8,pooled_mean_content,2024,0.780890941619873
lang_xh,encoder,4,pooled_mean_all,42,0.13438381254673004
lang_xh,encoder,4,pooled_mean_all,1337,0.14173105359077454
lang_xh,encoder,4,pooled_mean_all,2024,0.14626312255859375
lang_xh,encoder,4,pooled_mean_content,42,0.46608319878578186
lang_xh,encoder,4,pooled_mean_content,1337,0.45536744594573975
lang_xh,encoder,4,pooled_mean_content,2024,0.49022769927978516
lang_xh,encoder,6,pooled_mean_all,42,0.15536263585090637
lang_xh,encoder,6,pooled_mean_all,1337,0.16827228665351868
lang_xh,encoder,6,pooled_mean_all,2024,0.17472423613071442
lang_xh,encoder,6,pooled_mean_content,42,0.44147375226020813
lang_xh,encoder,6,pooled_mean_content,1337,0.448801726102829
lang_xh,encoder,6,pooled_mean_content,2024,0.4880530834197998
lang_xh,encoder,8,pooled_mean_all,42,0.1992059350013733
lang_xh,encoder,8,pooled_mean_all,1337,0.20349720120429993
lang_xh,encoder,8,pooled_mean_all,2024,0.21768856048583984
lang_xh,encoder,8,pooled_mean_content,42,0.4008319079875946
lang_xh,encoder,8,pooled_mean_content,1337,0.400020569562912
lang_xh,encoder,8,pooled_mean_content,2024,0.4048369526863098
lang_yo,decoder,4,pooled_mean_all,42,0.9107080101966858
lang_yo,decoder,4,pooled_mean_all,1337,0.8966926336288452
lang_yo,decoder,4,pooled_mean_all,2024,0.8800112009048462
lang_yo,decoder,4,pooled_mean_content,42,0.9358536601066589
lang_yo,decoder,4,pooled_mean_content,1337,0.9224923849105835
lang_yo,decoder,4,pooled_mean_content,2024,0.900166392326355
lang_yo,decoder,6,pooled_mean_all,42,0.9018574357032776
lang_yo,decoder,6,pooled_mean_all,1337,0.8853025436401367
lang_yo,decoder,6,pooled_mean_all,2024,0.9036306142807007
lang_yo,decoder,6,pooled_mean_content,42,0.9010112881660461
lang_yo,decoder,6,pooled_mean_content,1337,0.8859468102455139
lang_yo,decoder,6,pooled_mean_content,2024,0.9056752920150757
lang_yo,decoder,8,pooled_mean_all,42,0.9066777229309082
lang_yo,decoder,8,pooled_mean_all,1337,0.8996372222900391
lang_yo,decoder,8,pooled_mean_all,2024,0.9072659611701965
lang_yo,decoder,8,pooled_mean_content,42,0.907434344291687
lang_yo,decoder,8,pooled_mean_content,1337,0.9034856557846069
lang_yo,decoder,8,pooled_mean_content,2024,0.9113146066665649
lang_yo,encoder,4,pooled_mean_all,42,0.31542426347732544
lang_yo,encoder,4,pooled_mean_all,1337,0.2766716778278351
lang_yo,encoder,4,pooled_mean_all,2024,0.4005507230758667
lang_yo,encoder,4,pooled_mean_content,42,0.4223299026489258
lang_yo,encoder,4,pooled_mean_content,1337,0.4209292232990265
lang_yo,encoder,4,pooled_mean_content,2024,0.6060078144073486
lang_yo,encoder,6,pooled_mean_all,42,0.3354499042034149
lang_yo,encoder,6,pooled_mean_all,1337,0.2963690161705017
lang_yo,encoder,6,pooled_mean_all,2024,0.4140695035457611
lang_yo,encoder,6,pooled_mean_content,42,0.43993955850601196
lang_yo,encoder,6,pooled_mean_content,1337,0.43400365114212036
lang_yo,encoder,6,pooled_mean_content,2024,0.5737552642822266
lang_yo,encoder,8,pooled_mean_all,42,0.3980075716972351
lang_yo,encoder,8,pooled_mean_all,1337,0.36160826683044434
lang_yo,encoder,8,pooled_mean_all,2024,0.48723870515823364
lang_yo,encoder,8,pooled_mean_content,42,0.5179286003112793
lang_yo,encoder,8,pooled_mean_content,1337,0.5253572463989258
lang_yo,encoder,8,pooled_mean_content,2024,0.6304401159286499
pooled_african,decoder,4,pooled_mean_all,42,0.813740074634552
pooled_african,decoder,4,pooled_mean_all,1337,0.8052563667297363
pooled_african,decoder,4,pooled_mean_all,2024,0.7593995928764343
pooled_african,decoder,4,pooled_mean_content,42,0.8363422155380249
pooled_african,decoder,4,pooled_mean_content,1337,0.8319286704063416
pooled_african,decoder,4,pooled_mean_content,2024,0.7826061248779297
pooled_african,decoder,6,pooled_mean_all,42,0.7832385301589966
pooled_african,decoder,6,pooled_mean_all,1337,0.7957555055618286
pooled_african,decoder,6,pooled_mean_all,2024,0.7620972990989685
pooled_african,decoder,6,pooled_mean_content,42,0.773624837398529
pooled_african,decoder,6,pooled_mean_content,1337,0.7897448539733887
pooled_african,decoder,6,pooled_mean_content,2024,0.7543299198150635
pooled_african,decoder,8,pooled_mean_all,42,0.8153789043426514
pooled_african,decoder,8,pooled_mean_all,1337,0.8396886587142944
pooled_african,decoder,8,pooled_mean_all,2024,0.7999194264411926
pooled_african,decoder,8,pooled_mean_content,42,0.804092526435852
pooled_african,decoder,8,pooled_mean_content,1337,0.8408341407775879
pooled_african,decoder,8,pooled_mean_content,2024,0.7969125509262085
pooled_african,encoder,4,pooled_mean_all,42,0.14223672449588776
pooled_african,encoder,4,pooled_mean_all,1337,0.13658300042152405
pooled_african,encoder,4,pooled_mean_all,2024,0.1674392819404602
pooled_african,encoder,4,pooled_mean_content,42,0.39891380071640015
pooled_african,encoder,4,pooled_mean_content,1337,0.39785435795783997
pooled_african,encoder,4,pooled_mean_content,2024,0.45904186367988586
pooled_african,encoder,6,pooled_mean_all,42,0.15782541036605835
pooled_african,encoder,6,pooled_mean_all,1337,0.1524019092321396
pooled_african,encoder,6,pooled_mean_all,2024,0.1795811653137207
pooled_african,encoder,6,pooled_mean_content,42,0.3877905011177063
pooled_african,encoder,6,pooled_mean_content,1337,0.39747193455696106
pooled_african,encoder,6,pooled_mean_content,2024,0.4436919689178467
pooled_african,encoder,8,pooled_mean_all,42,0.1878749430179596
pooled_african,encoder,8,pooled_mean_all,1337,0.17956975102424622
pooled_african,encoder,8,pooled_mean_all,2024,0.21712230145931244
pooled_african,encoder,8,pooled_mean_content,42,0.39402174949645996
pooled_african,encoder,8,pooled_mean_content,1337,0.3935156464576721
pooled_african,encoder,8,pooled_mean_content,2024,0.4117376506328583
pooled_all_balanced,decoder,4,pooled_mean_all,42,0.4361828565597534
pooled_all_balanced,decoder,4,pooled_mean_all,1337,0.44086718559265137
pooled_all_balanced,decoder,4,pooled_mean_all,2024,0.46107837557792664
pooled_all_balanced,decoder,4,pooled_mean_content,42,0.43606269359588623
pooled_all_balanced,decoder,4,pooled_mean_content,1337,0.44038230180740356
pooled_all_balanced,decoder,4,pooled_mean_content,2024,0.4640963077545166
pooled_all_balanced,decoder,6,pooled_mean_all,42,0.36029836535453796
pooled_all_balanced,decoder,6,pooled_mean_all,1337,0.37156665325164795
pooled_all_balanced,decoder,6,pooled_mean_all,2024,0.3620368242263794
pooled_all_balanced,decoder,6,pooled_mean_content,42,0.3629370927810669
pooled_all_balanced,decoder,6,pooled_mean_content,1337,0.37268441915512085
pooled_all_balanced,decoder,6,pooled_mean_content,2024,0.3634786307811737
pooled_all_balanced,decoder,8,pooled_mean_all,42,0.40004879236221313
pooled_all_balanced,decoder,8,pooled_mean_all,1337,0.4135098457336426
pooled_all_balanced,decoder,8,pooled_mean_all,2024,0.41873699426651
pooled_all_balanced,decoder,8,pooled_mean_content,42,0.40407514572143555
pooled_all_balanced,decoder,8,pooled_mean_content,1337,0.41784024238586426
pooled_all_balanced,decoder,8,pooled_mean_content,2024,0.4207058846950531
pooled_all_balanced,encoder,4,pooled_mean_all,42,0.33029603958129883
pooled_all_balanced,encoder,4,pooled_mean_all,1337,0.3404860496520996
pooled_all_balanced,encoder,4,pooled_mean_all,2024,0.36414119601249695
pooled_all_balanced,encoder,4,pooled_mean_content,42,0.3604782521724701
pooled_all_balanced,encoder,4,pooled_mean_content,1337,0.3269246220588684
pooled_all_balanced,encoder,4,pooled_mean_content,2024,0.2856367230415344
pooled_all_balanced,encoder,6,pooled_mean_all,42,0.3342124819755554
pooled_all_balanced,encoder,6,pooled_mean_all,1337,0.3460099399089813
pooled_all_balanced,encoder,6,pooled_mean_all,2024,0.359771192073822
pooled_all_balanced,encoder,6,pooled_mean_content,42,0.35739800333976746
pooled_all_balanced,encoder,6,pooled_mean_content,1337,0.34748008847236633
pooled_all_balanced,encoder,6,pooled_mean_content,2024,0.318287193775177
pooled_all_balanced,encoder,8,pooled_mean_all,42,0.33496689796447754
pooled_all_balanced,encoder,8,pooled_mean_all,1337,0.3466986417770386
pooled_all_balanced,encoder,8,pooled_mean_all,2024,0.3630276620388031
pooled_all_balanced,encoder,8,pooled_mean_content,42,0.37033700942993164
pooled_all_balanced,encoder,8,pooled_mean_content,1337,0.3625146746635437
pooled_all_balanced,encoder,8,pooled_mean_content,2024,0.3409412205219269
pooled_non_african,decoder,4,pooled_mean_all,42,0.46314844489097595
pooled_non_african,decoder,4,pooled_mean_all,1337,0.46772462129592896
pooled_non_african,decoder,4,pooled_mean_all,2024,0.5052661895751953
pooled_non_african,decoder,4,pooled_mean_content,42,0.4699600338935852
pooled_non_african,decoder,4,pooled_mean_content,1337,0.4686879515647888
pooled_non_african,decoder,4,pooled_mean_content,2024,0.5107829570770264
pooled_non_african,decoder,6,pooled_mean_all,42,0.4160851240158081
pooled_non_african,decoder,6,pooled_mean_all,1337,0.42085182666778564
pooled_non_african,decoder,6,pooled_mean_all,2024,0.4065220355987549
pooled_non_african,decoder,6,pooled_mean_content,42,0.4262097477912903
pooled_non_african,decoder,6,pooled_mean_content,1337,0.4263574481010437
pooled_non_african,decoder,6,pooled_mean_content,2024,0.41151291131973267
pooled_non_african,decoder,8,pooled_mean_all,42,0.4143257141113281
pooled_non_african,decoder,8,pooled_mean_all,1337,0.40571391582489014
pooled_non_african,decoder,8,pooled_mean_all,2024,0.4272449314594269
pooled_non_african,decoder,8,pooled_mean_content,42,0.4380965530872345
pooled_non_african,decoder,8,pooled_mean_content,1337,0.42744261026382446
pooled_non_african,decoder,8,pooled_mean_content,2024,0.4420962333679199
pooled_non_african,encoder,4,pooled_mean_all,42,0.14717166125774384
pooled_non_african,encoder,4,pooled_mean_all,1337,0.14975380897521973
pooled_non_african,encoder,4,pooled_mean_all,2024,0.19660496711730957
pooled_non_african,encoder,4,pooled_mean_content,42,0.27418258786201477
pooled_non_african,encoder,4,pooled_mean_content,1337,0.27194422483444214
pooled_non_african,encoder,4,pooled_mean_content,2024,0.24358952045440674
pooled_non_african,encoder,6,pooled_mean_all,42,0.17454266548156738
pooled_non_african,encoder,6,pooled_mean_all,1337,0.1821923851966858
pooled_non_african,encoder,6,pooled_mean_all,2024,0.22917933762073517
pooled_non_african,encoder,6,pooled_mean_content,42,0.286950945854187
pooled_non_african,encoder,6,pooled_mean_content,1337,0.29862916469573975
pooled_non_african,encoder,6,pooled_mean_content,2024,0.27946460247039795
pooled_non_african,encoder,8,pooled_mean_all,42,0.20517370104789734
pooled_non_african,encoder,8,pooled_mean_all,1337,0.21082770824432373
pooled_non_african,encoder,8,pooled_mean_all,2024,0.2509358823299408
pooled_non_african,encoder,8,pooled_mean_content,42,0.32551109790802
pooled_non_african,encoder,8,pooled_mean_content,1337,0.33118635416030884
pooled_non_african,encoder,8,pooled_mean_content,2024,0.30605828762054443
