direction_type,scope,side,layer,pooling,n_seeds,mean_cosine_across_seeds,min_cosine_across_seeds,max_cosine_across_seeds
mean_diff,lang_am,decoder,4,pooled_mean_all,3,0.9760103424390157,0.9738451242446899,0.9779935479164124
mean_diff,lang_am,decoder,4,pooled_mean_content,3,0.9768417278925577,0.9753518104553223,0.9788744449615479
mean_diff,lang_am,decoder,6,pooled_mean_all,3,0.9839901924133301,0.9830403327941895,0.9848713278770447
mean_diff,lang_am,decoder,6,pooled_mean_content,3,0.9842856526374817,0.9832606911659241,0.9851341247558594
mean_diff,lang_am,decoder,8,pooled_mean_all,3,0.9804210464159647,0.9785456657409668,0.9817475080490112
mean_diff,lang_am,decoder,8,pooled_mean_content,3,0.9801944891611735,0.9782083034515381,0.9812831878662109
mean_diff,lang_am,encoder,4,pooled_mean_all,3,0.9563925862312317,0.9344233870506287,0.9817904233932495
mean_diff,lang_am,encoder,4,pooled_mean_content,3,0.921434203783671,0.8712067604064941,0.9467819929122925
mean_diff,lang_am,encoder,6,pooled_mean_all,3,0.9551575581232706,0.940578043460846,0.9784121513366699
mean_diff,lang_am,encoder,6,pooled_mean_content,3,0.928955872853597,0.8946446180343628,0.9540126323699951
mean_diff,lang_am,encoder,8,pooled_mean_all,3,0.9525025486946106,0.9430893063545227,0.9686062335968018
mean_diff,lang_am,encoder,8,pooled_mean_content,3,0.9314859708150228,0.9072911143302917,0.9462153315544128
mean_diff,lang_ar,decoder,4,pooled_mean_all,3,0.9751627047856649,0.9731106758117676,0.9786581993103027
mean_diff,lang_ar,decoder,4,pooled_mean_content,3,0.9758353432019552,0.9742203950881958,0.9788193702697754
mean_diff,lang_ar,decoder,6,pooled_mean_all,3,0.9832331935564677,0.9816113710403442,0.9848393201828003
mean_diff,lang_ar,decoder,6,pooled_mean_content,3,0.983018139998118,0.9816337823867798,0.9843774437904358
mean_diff,lang_ar,decoder,8,pooled_mean_all,3,0.9830323855082194,0.9816207885742188,0.9845081567764282
mean_diff,lang_ar,decoder,8,pooled_mean_content,3,0.981408417224884,0.9798136949539185,0.9831300377845764
mean_diff,lang_ar,encoder,4,pooled_mean_all,3,0.9843676288922628,0.97930508852005,0.9914048910140991
mean_diff,lang_ar,encoder,4,pooled_mean_content,3,0.9080080588658651,0.8521044850349426,0.9404503703117371
mean_diff,lang_ar,encoder,6,pooled_mean_all,3,0.9799096385637919,0.9739967584609985,0.9903630614280701
mean_diff,lang_ar,encoder,6,pooled_mean_content,3,0.9208292762438456,0.8808656334877014,0.9412952661514282
mean_diff,lang_ar,encoder,8,pooled_mean_all,3,0.9771120349566141,0.9716407656669617,0.987617552280426
mean_diff,lang_ar,encoder,8,pooled_mean_content,3,0.9229792157808939,0.8872641921043396,0.9457873106002808
mean_diff,lang_de,decoder,4,pooled_mean_all,3,0.9740129311879476,0.969692587852478,0.9768946170806885
mean_diff,lang_de,decoder,4,pooled_mean_content,3,0.973768413066864,0.9691145420074463,0.9765391945838928
mean_diff,lang_de,decoder,6,pooled_mean_all,3,0.9850800832112631,0.9832144975662231,0.9863317608833313
mean_diff,lang_de,decoder,6,pooled_mean_content,3,0.9849038521448771,0.9831727743148804,0.9863815307617188
mean_diff,lang_de,decoder,8,pooled_mean_all,3,0.9817147850990295,0.9805513620376587,0.9825479984283447
mean_diff,lang_de,decoder,8,pooled_mean_content,3,0.9803568522135416,0.9792412519454956,0.98149573802948
mean_diff,lang_de,encoder,4,pooled_mean_all,3,0.9848093191782633,0.980976939201355,0.9897280931472778
mean_diff,lang_de,encoder,4,pooled_mean_content,3,0.9139747023582458,0.9069463610649109,0.9241867065429688
mean_diff,lang_de,encoder,6,pooled_mean_all,3,0.9813399910926819,0.9763811826705933,0.9876683950424194
mean_diff,lang_de,encoder,6,pooled_mean_content,3,0.9424542983373007,0.9384329319000244,0.9452228546142578
mean_diff,lang_de,encoder,8,pooled_mean_all,3,0.9743549029032389,0.9703408479690552,0.981835663318634
mean_diff,lang_de,encoder,8,pooled_mean_content,3,0.9454668561617533,0.9401323795318604,0.955319344997406
mean_diff,lang_en,decoder,4,pooled_mean_all,3,0.9729289809862772,0.9699766039848328,0.9785169363021851
mean_diff,lang_en,decoder,4,pooled_mean_content,3,0.970649242401123,0.9672477841377258,0.9762195348739624
mean_diff,lang_en,decoder,6,pooled_mean_all,3,0.9796364903450012,0.9781014919281006,0.9805010557174683
mean_diff,lang_en,decoder,6,pooled_mean_content,3,0.9779260555903116,0.9760744571685791,0.9797083139419556
mean_diff,lang_en,decoder,8,pooled_mean_all,3,0.9815711975097656,0.9802137613296509,0.9834703207015991
mean_diff,lang_en,decoder,8,pooled_mean_content,3,0.9783141016960144,0.97666335105896,0.9809681177139282
mean_diff,lang_en,encoder,4,pooled_mean_all,3,0.9473211765289307,0.9222315549850464,0.9809544086456299
mean_diff,lang_en,encoder,4,pooled_mean_content,3,0.968549648920695,0.9594706892967224,0.979387640953064
mean_diff,lang_en,encoder,6,pooled_mean_all,3,0.9433806538581848,0.9159451723098755,0.9823197722434998
mean_diff,lang_en,encoder,6,pooled_mean_content,3,0.9661075075467428,0.9552009701728821,0.9790216684341431
mean_diff,lang_en,encoder,8,pooled_mean_all,3,0.9331701199213663,0.9057838916778564,0.9771521687507629
mean_diff,lang_en,encoder,8,pooled_mean_content,3,0.9570538202921549,0.948901355266571,0.9729074239730835
mean_diff,lang_es,decoder,4,pooled_mean_all,3,0.9761816263198853,0.974517822265625,0.9793787598609924
mean_diff,lang_es,decoder,4,pooled_mean_content,3,0.9767895340919495,0.9753285646438599,0.9793997406959534
mean_diff,lang_es,decoder,6,pooled_mean_all,3,0.9809969266255697,0.9784547090530396,0.9830215573310852
mean_diff,lang_es,decoder,6,pooled_mean_content,3,0.9806966980298361,0.9782955646514893,0.9825336337089539
mean_diff,lang_es,decoder,8,pooled_mean_all,3,0.9822775920232137,0.9812788367271423,0.9831593036651611
mean_diff,lang_es,decoder,8,pooled_mean_content,3,0.9803577661514282,0.9790934324264526,0.9810089468955994
mean_diff,lang_es,encoder,4,pooled_mean_all,3,0.9844416379928589,0.9815977811813354,0.9901278018951416
mean_diff,lang_es,encoder,4,pooled_mean_content,3,0.9730929533640543,0.9679972529411316,0.9794303178787231
mean_diff,lang_es,encoder,6,pooled_mean_all,3,0.9812959631284078,0.9771895408630371,0.9883906841278076
mean_diff,lang_es,encoder,6,pooled_mean_content,3,0.9689287344614664,0.9614964723587036,0.9778279066085815
mean_diff,lang_es,encoder,8,pooled_mean_all,3,0.9770112633705139,0.9724750518798828,0.9843315482139587
mean_diff,lang_es,encoder,8,pooled_mean_content,3,0.9643500645955404,0.9589394330978394,0.9730029106140137
mean_diff,lang_hi,decoder,4,pooled_mean_all,3,0.9732748866081238,0.9728236198425293,0.973883330821991
mean_diff,lang_hi,decoder,4,pooled_mean_content,3,0.9737697243690491,0.9733103513717651,0.9746131896972656
mean_diff,lang_hi,decoder,6,pooled_mean_all,3,0.9833724697430929,0.9819158315658569,0.9849632382392883
mean_diff,lang_hi,decoder,6,pooled_mean_content,3,0.9833078583081564,0.982005774974823,0.9850170612335205
mean_diff,lang_hi,decoder,8,pooled_mean_all,3,0.9818036357561747,0.9809730052947998,0.982731819152832
mean_diff,lang_hi,decoder,8,pooled_mean_content,3,0.981100837389628,0.9801712036132812,0.9821749925613403
mean_diff,lang_hi,encoder,4,pooled_mean_all,3,0.9540608922640482,0.9322768449783325,0.9874866008758545
mean_diff,lang_hi,encoder,4,pooled_mean_content,3,0.8939408461252848,0.8439130783081055,0.976509690284729
mean_diff,lang_hi,encoder,6,pooled_mean_all,3,0.9452959696451823,0.9203841686248779,0.9837799072265625
mean_diff,lang_hi,encoder,6,pooled_mean_content,3,0.9069216251373291,0.8684122562408447,0.9776453971862793
mean_diff,lang_hi,encoder,8,pooled_mean_all,3,0.9348816275596619,0.9057939052581787,0.9752976894378662
mean_diff,lang_hi,encoder,8,pooled_mean_content,3,0.9092999696731567,0.8796412944793701,0.9681450128555298
mean_diff,lang_uk,decoder,4,pooled_mean_all,3,0.9703478217124939,0.9669922590255737,0.9746449589729309
mean_diff,lang_uk,decoder,4,pooled_mean_content,3,0.9701688289642334,0.9669880270957947,0.9737832546234131
mean_diff,lang_uk,decoder,6,pooled_mean_all,3,0.9823980331420898,0.9805736541748047,0.9845988750457764
mean_diff,lang_uk,decoder,6,pooled_mean_content,3,0.9818716645240784,0.9804323315620422,0.9837472438812256
mean_diff,lang_uk,decoder,8,pooled_mean_all,3,0.9816289742787679,0.9807938933372498,0.982333242893219
mean_diff,lang_uk,decoder,8,pooled_mean_content,3,0.9801627596219381,0.979151725769043,0.9812812209129333
mean_diff,lang_uk,encoder,4,pooled_mean_all,3,0.9825505415598551,0.9802011847496033,0.987013041973114
mean_diff,lang_uk,encoder,4,pooled_mean_content,3,0.9706377784411112,0.9686287641525269,0.9733759760856628
mean_diff,lang_uk,encoder,6,pooled_mean_all,3,0.9748764634132385,0.9700265526771545,0.9843260049819946
mean_diff,lang_uk,encoder,6,pooled_mean_content,3,0.9618463516235352,0.9540066719055176,0.9727782011032104
mean_diff,lang_uk,encoder,8,pooled_mean_all,3,0.9659888744354248,0.9577990770339966,0.9780493974685669
mean_diff,lang_uk,encoder,8,pooled_mean_content,3,0.9500133792559305,0.9409599304199219,0.9653366804122925
mean_diff,lang_xh,decoder,4,pooled_mean_all,3,0.9645176728566488,0.9612687826156616,0.9681997299194336
mean_diff,lang_xh,decoder,4,pooled_mean_content,3,0.96305779616038,0.9604942202568054,0.967158854007721
mean_diff,lang_xh,decoder,6,pooled_mean_all,3,0.9723798831303915,0.9694313406944275,0.9742734432220459
mean_diff,lang_xh,decoder,6,pooled_mean_content,3,0.9716212550799052,0.968903124332428,0.9737468957901001
mean_diff,lang_xh,decoder,8,pooled_mean_all,3,0.9629607200622559,0.9604390859603882,0.9654284715652466
mean_diff,lang_xh,decoder,8,pooled_mean_content,3,0.9622328480084738,0.9597623944282532,0.9647058248519897
mean_diff,lang_xh,encoder,4,pooled_mean_all,3,0.9881212711334229,0.9852027297019958,0.9920886158943176
mean_diff,lang_xh,encoder,4,pooled_mean_content,3,0.9100052118301392,0.8885480165481567,0.9519550800323486
mean_diff,lang_xh,encoder,6,pooled_mean_all,3,0.9850724339485168,0.9820033311843872,0.9911594986915588
mean_diff,lang_xh,encoder,6,pooled_mean_content,3,0.9180307189623514,0.8956865072250366,0.9528726935386658
mean_diff,lang_xh,encoder,8,pooled_mean_all,3,0.9810579220453898,0.9768186211585999,0.9871722459793091
mean_diff,lang_xh,encoder,8,pooled_mean_content,3,0.9344325264294943,0.9229437112808228,0.957023024559021
mean_diff,lang_yo,decoder,4,pooled_mean_all,3,0.9716070294380188,0.9687119126319885,0.9770116806030273
mean_diff,lang_yo,decoder,4,pooled_mean_content,3,0.9690098563830057,0.9653247594833374,0.9752765893936157
mean_diff,lang_yo,decoder,6,pooled_mean_all,3,0.978127121925354,0.97470623254776,0.9822958707809448
mean_diff,lang_yo,decoder,6,pooled_mean_content,3,0.9772012035051981,0.9733364582061768,0.9816899299621582
mean_diff,lang_yo,decoder,8,pooled_mean_all,3,0.9631073872248331,0.9559057950973511,0.9721689224243164
mean_diff,lang_yo,decoder,8,pooled_mean_content,3,0.9623727401097616,0.9541742205619812,0.9727495312690735
mean_diff,lang_yo,encoder,4,pooled_mean_all,3,0.9539797107378641,0.9427965879440308,0.9741182923316956
mean_diff,lang_yo,encoder,4,pooled_mean_content,3,0.8892084360122681,0.8508287668228149,0.9559066295623779
mean_diff,lang_yo,encoder,6,pooled_mean_all,3,0.94553009668986,0.9272304177284241,0.9757499694824219
mean_diff,lang_yo,encoder,6,pooled_mean_content,3,0.8930356899897257,0.8535511493682861,0.9580098390579224
mean_diff,lang_yo,encoder,8,pooled_mean_all,3,0.9287144939104716,0.9034863710403442,0.9703323841094971
mean_diff,lang_yo,encoder,8,pooled_mean_content,3,0.8777473568916321,0.8354324102401733,0.9523448348045349
mean_diff,pooled_african,decoder,4,pooled_mean_all,3,0.9747767448425293,0.9721595048904419,0.9786288738250732
mean_diff,pooled_african,decoder,4,pooled_mean_content,3,0.972795327504476,0.9701756238937378,0.977342963218689
mean_diff,pooled_african,decoder,6,pooled_mean_all,3,0.9805662234624227,0.9777314066886902,0.9833676815032959
mean_diff,pooled_african,decoder,6,pooled_mean_content,3,0.9798794587453207,0.9770568013191223,0.9826716184616089
mean_diff,pooled_african,decoder,8,pooled_mean_all,3,0.9670180082321167,0.9619666337966919,0.9714528322219849
mean_diff,pooled_african,decoder,8,pooled_mean_content,3,0.9666878581047058,0.9614089727401733,0.9713462591171265
mean_diff,pooled_african,encoder,4,pooled_mean_all,3,0.983013649781545,0.9782027006149292,0.9892870187759399
mean_diff,pooled_african,encoder,4,pooled_mean_content,3,0.8897547920544943,0.8629322052001953,0.9350727796554565
mean_diff,pooled_african,encoder,6,pooled_mean_all,3,0.9795349637667338,0.9733814001083374,0.9898892045021057
mean_diff,pooled_african,encoder,6,pooled_mean_content,3,0.901698648929596,0.8810073137283325,0.9426171779632568
mean_diff,pooled_african,encoder,8,pooled_mean_all,3,0.9720251758893331,0.964617908000946,0.9856315851211548
mean_diff,pooled_african,encoder,8,pooled_mean_content,3,0.9036362369855245,0.8846543431282043,0.9401021003723145
mean_diff,pooled_all_balanced,decoder,4,pooled_mean_all,3,0.9797965288162231,0.9774147272109985,0.9827210903167725
mean_diff,pooled_all_balanced,decoder,4,pooled_mean_content,3,0.9796549280484518,0.977465808391571,0.9827711582183838
mean_diff,pooled_all_balanced,decoder,6,pooled_mean_all,3,0.9868492484092712,0.9859991073608398,0.988209068775177
mean_diff,pooled_all_balanced,decoder,6,pooled_mean_content,3,0.9868613878885905,0.9859977960586548,0.9881710410118103
mean_diff,pooled_all_balanced,decoder,8,pooled_mean_all,3,0.9808683594067892,0.9782198667526245,0.9824516773223877
mean_diff,pooled_all_balanced,decoder,8,pooled_mean_content,3,0.9807855288187662,0.9782098531723022,0.9821968078613281
mean_diff,pooled_all_balanced,encoder,4,pooled_mean_all,3,0.8960951169331869,0.8360550403594971,0.9663416147232056
mean_diff,pooled_all_balanced,encoder,4,pooled_mean_content,3,0.9167808890342712,0.865412712097168,0.9427642226219177
mean_diff,pooled_all_balanced,encoder,6,pooled_mean_all,3,0.9260508418083191,0.8913540244102478,0.9692090749740601
mean_diff,pooled_all_balanced,encoder,6,pooled_mean_content,3,0.9279622634251913,0.8893442749977112,0.9548752903938293
mean_diff,pooled_all_balanced,encoder,8,pooled_mean_all,3,0.9371595978736877,0.9156011343002319,0.9661833643913269
mean_diff,pooled_all_balanced,encoder,8,pooled_mean_content,3,0.9300423264503479,0.8988037705421448,0.9567998647689819
mean_diff,pooled_non_african,decoder,4,pooled_mean_all,3,0.9769325852394104,0.9752890467643738,0.9800021648406982
mean_diff,pooled_non_african,decoder,4,pooled_mean_content,3,0.9773025711377462,0.9760686159133911,0.9797330498695374
mean_diff,pooled_non_african,decoder,6,pooled_mean_all,3,0.9860342741012573,0.984829306602478,0.9873075485229492
mean_diff,pooled_non_african,decoder,6,pooled_mean_content,3,0.9860457181930542,0.9851256608963013,0.9870181083679199
mean_diff,pooled_non_african,decoder,8,pooled_mean_all,3,0.9854949315388998,0.9850866794586182,0.9860231280326843
mean_diff,pooled_non_african,decoder,8,pooled_mean_content,3,0.9842827717463175,0.9839975833892822,0.9847913384437561
mean_diff,pooled_non_african,encoder,4,pooled_mean_all,3,0.9664705793062845,0.9511295557022095,0.9930275678634644
mean_diff,pooled_non_african,encoder,4,pooled_mean_content,3,0.8933496475219727,0.8183358907699585,0.9542148113250732
mean_diff,pooled_non_african,encoder,6,pooled_mean_all,3,0.9646125634511312,0.9495540857315063,0.9914557933807373
mean_diff,pooled_non_african,encoder,6,pooled_mean_content,3,0.9100106557210287,0.8548989295959473,0.9598370790481567
mean_diff,pooled_non_african,encoder,8,pooled_mean_all,3,0.9644949237505595,0.9522687196731567,0.9884264469146729
mean_diff,pooled_non_african,encoder,8,pooled_mean_content,3,0.9109329581260681,0.8644732236862183,0.9594641327857971
probe,lang_am,decoder,4,pooled_mean_all,3,0.939450204372406,0.9354790449142456,0.9428619742393494
probe,lang_am,decoder,4,pooled_mean_content,3,0.9397016565004984,0.9358708262443542,0.943059504032135
probe,lang_am,decoder,6,pooled_mean_all,3,0.9491572976112366,0.9477074146270752,0.9519236087799072
probe,lang_am,decoder,6,pooled_mean_content,3,0.9496732552846273,0.9483565092086792,0.9517689943313599
probe,lang_am,decoder,8,pooled_mean_all,3,0.9436361392339071,0.94056236743927,0.9478228688240051
probe,lang_am,decoder,8,pooled_mean_content,3,0.9431323011716207,0.9390795826911926,0.9490053653717041
probe,lang_am,encoder,4,pooled_mean_all,3,0.9244351387023926,0.905623733997345,0.957099199295044
probe,lang_am,encoder,4,pooled_mean_content,3,0.9229255318641663,0.906266450881958,0.9541537761688232
probe,lang_am,encoder,6,pooled_mean_all,3,0.9227830370267233,0.9060424566268921,0.9509603381156921
probe,lang_am,encoder,6,pooled_mean_content,3,0.9224361578623453,0.906054675579071,0.9524279236793518
probe,lang_am,encoder,8,pooled_mean_all,3,0.9185277422269186,0.9033640623092651,0.9475900530815125
probe,lang_am,encoder,8,pooled_mean_content,3,0.9204655090967814,0.9026757478713989,0.950082540512085
probe,lang_ar,decoder,4,pooled_mean_all,3,0.9269033471743265,0.924159049987793,0.9296087622642517
probe,lang_ar,decoder,4,pooled_mean_content,3,0.9262576103210449,0.9235515594482422,0.9289108514785767
probe,lang_ar,decoder,6,pooled_mean_all,3,0.9416194558143616,0.9373250007629395,0.9456304311752319
probe,lang_ar,decoder,6,pooled_mean_content,3,0.9410221378008524,0.9357477426528931,0.9447356462478638
probe,lang_ar,decoder,8,pooled_mean_all,3,0.9350939194361368,0.9282368421554565,0.9452471733093262
probe,lang_ar,decoder,8,pooled_mean_content,3,0.936282753944397,0.9302666783332825,0.9456444978713989
probe,lang_ar,encoder,4,pooled_mean_all,3,0.9298426111539205,0.9093923568725586,0.9542534947395325
probe,lang_ar,encoder,4,pooled_mean_content,3,0.9362147649129232,0.9195469617843628,0.9540740251541138
probe,lang_ar,encoder,6,pooled_mean_all,3,0.9225876927375793,0.9075243473052979,0.9380553960800171
probe,lang_ar,encoder,6,pooled_mean_content,3,0.9314900239308676,0.9171544313430786,0.9441855549812317
probe,lang_ar,encoder,8,pooled_mean_all,3,0.9145026405652364,0.8994745016098022,0.9368031620979309
probe,lang_ar,encoder,8,pooled_mean_content,3,0.9213025768597921,0.9093233942985535,0.9370666742324829
probe,lang_de,decoder,4,pooled_mean_all,3,0.9328788717587789,0.9308782815933228,0.9364410042762756
probe,lang_de,decoder,4,pooled_mean_content,3,0.9308520952860514,0.9288867712020874,0.9345436096191406
probe,lang_de,decoder,6,pooled_mean_all,3,0.9337615172068278,0.9245016574859619,0.9448150992393494
probe,lang_de,decoder,6,pooled_mean_content,3,0.9316309491793314,0.9220726490020752,0.9431803822517395
probe,lang_de,decoder,8,pooled_mean_all,3,0.934923509756724,0.9246934056282043,0.9477455615997314
probe,lang_de,decoder,8,pooled_mean_content,3,0.934289813041687,0.9245209693908691,0.9486373662948608
probe,lang_de,encoder,4,pooled_mean_all,3,0.929857075214386,0.915717363357544,0.9531777501106262
probe,lang_de,encoder,4,pooled_mean_content,3,0.9360242684682211,0.9219797849655151,0.9561848640441895
probe,lang_de,encoder,6,pooled_mean_all,3,0.918575127919515,0.901658296585083,0.9454851150512695
probe,lang_de,encoder,6,pooled_mean_content,3,0.9222399791081747,0.9104285836219788,0.9454696774482727
probe,lang_de,encoder,8,pooled_mean_all,3,0.9114967783292135,0.8979209661483765,0.9378563165664673
probe,lang_de,encoder,8,pooled_mean_content,3,0.9183767636617025,0.9061230421066284,0.9427667856216431
probe,lang_en,decoder,4,pooled_mean_all,3,0.9436796506245931,0.9382317066192627,0.9514734745025635
probe,lang_en,decoder,4,pooled_mean_content,3,0.9389051198959351,0.9327584505081177,0.9490358829498291
probe,lang_en,decoder,6,pooled_mean_all,3,0.9454126556714376,0.942897379398346,0.9499611258506775
probe,lang_en,decoder,6,pooled_mean_content,3,0.9435616334279379,0.9395742416381836,0.9488985538482666
probe,lang_en,decoder,8,pooled_mean_all,3,0.9502499500910441,0.942632794380188,0.9545168876647949
probe,lang_en,decoder,8,pooled_mean_content,3,0.9506271481513977,0.943234384059906,0.9548525214195251
probe,lang_en,encoder,4,pooled_mean_all,3,0.9353053768475851,0.9181690812110901,0.9652600288391113
probe,lang_en,encoder,4,pooled_mean_content,3,0.944221019744873,0.9272825121879578,0.9655452966690063
probe,lang_en,encoder,6,pooled_mean_all,3,0.9316118160883585,0.9151378273963928,0.9596062302589417
probe,lang_en,encoder,6,pooled_mean_content,3,0.9415616591771444,0.9294611215591431,0.9638857841491699
probe,lang_en,encoder,8,pooled_mean_all,3,0.9217384258906046,0.899757444858551,0.9522818922996521
probe,lang_en,encoder,8,pooled_mean_content,3,0.9323710799217224,0.9154543876647949,0.9555317759513855
probe,lang_es,decoder,4,pooled_mean_all,3,0.9454954862594604,0.9361121654510498,0.9517068862915039
probe,lang_es,decoder,4,pooled_mean_content,3,0.9415040413538615,0.9351021647453308,0.9447568655014038
probe,lang_es,decoder,6,pooled_mean_all,3,0.9444377223650614,0.9395464062690735,0.9484778642654419
probe,lang_es,decoder,6,pooled_mean_content,3,0.94461590051651,0.9420754909515381,0.9479854702949524
probe,lang_es,decoder,8,pooled_mean_all,3,0.9499425093332926,0.9470381736755371,0.9518247842788696
probe,lang_es,decoder,8,pooled_mean_content,3,0.952384332815806,0.9481455087661743,0.9559351205825806
probe,lang_es,encoder,4,pooled_mean_all,3,0.9279910922050476,0.9133223295211792,0.9557284116744995
probe,lang_es,encoder,4,pooled_mean_content,3,0.9348487059275309,0.9222151041030884,0.9570357203483582
probe,lang_es,encoder,6,pooled_mean_all,3,0.9129971067110697,0.8993282914161682,0.9397096633911133
probe,lang_es,encoder,6,pooled_mean_content,3,0.9192366600036621,0.901698648929596,0.9439901113510132
probe,lang_es,encoder,8,pooled_mean_all,3,0.906704823176066,0.8894868493080139,0.9387238621711731
probe,lang_es,encoder,8,pooled_mean_content,3,0.9138073126475016,0.8982937335968018,0.9387671947479248
probe,lang_hi,decoder,4,pooled_mean_all,3,0.9420914451281229,0.9355400800704956,0.9481036067008972
probe,lang_hi,decoder,4,pooled_mean_content,3,0.9400327801704407,0.9330556988716125,0.9479993581771851
probe,lang_hi,decoder,6,pooled_mean_all,3,0.9386929472287496,0.9297009706497192,0.9486077427864075
probe,lang_hi,decoder,6,pooled_mean_content,3,0.9362851977348328,0.9275806546211243,0.9469103813171387
probe,lang_hi,decoder,8,pooled_mean_all,3,0.9414057930310568,0.9355722665786743,0.9449138045310974
probe,lang_hi,decoder,8,pooled_mean_content,3,0.9419403672218323,0.9359380602836609,0.9454006552696228
probe,lang_hi,encoder,4,pooled_mean_all,3,0.9370642304420471,0.9221963882446289,0.961054265499115
probe,lang_hi,encoder,4,pooled_mean_content,3,0.9414727489153544,0.929502546787262,0.9623821973800659
probe,lang_hi,encoder,6,pooled_mean_all,3,0.9270382523536682,0.9121885895729065,0.9462991952896118
probe,lang_hi,encoder,6,pooled_mean_content,3,0.9292134046554565,0.9149596691131592,0.944341778755188
probe,lang_hi,encoder,8,pooled_mean_all,3,0.9255339701970419,0.9082696437835693,0.9448662400245667
probe,lang_hi,encoder,8,pooled_mean_content,3,0.9281916618347168,0.9145179986953735,0.9436392188072205
probe,lang_uk,decoder,4,pooled_mean_all,3,0.9381737311681112,0.9290372729301453,0.9548874497413635
probe,lang_uk,decoder,4,pooled_mean_content,3,0.9359166026115417,0.9262166023254395,0.9509985446929932
probe,lang_uk,decoder,6,pooled_mean_all,3,0.9341770807902018,0.9258861541748047,0.9494748711585999
probe,lang_uk,decoder,6,pooled_mean_content,3,0.9311954180399576,0.9197306036949158,0.9485005140304565
probe,lang_uk,decoder,8,pooled_mean_all,3,0.943938136100769,0.9388766288757324,0.953139066696167
probe,lang_uk,decoder,8,pooled_mean_content,3,0.9440299868583679,0.93781977891922,0.9561402797698975
probe,lang_uk,encoder,4,pooled_mean_all,3,0.924536406993866,0.9100806713104248,0.9460604786872864
probe,lang_uk,encoder,4,pooled_mean_content,3,0.9253546794255575,0.9100724458694458,0.9452247619628906
probe,lang_uk,encoder,6,pooled_mean_all,3,0.8998542229334513,0.8770613074302673,0.935184121131897
probe,lang_uk,encoder,6,pooled_mean_content,3,0.908314843972524,0.8855594396591187,0.9367142915725708
probe,lang_uk,encoder,8,pooled_mean_all,3,0.8936939040819804,0.8679394125938416,0.926776647567749
probe,lang_uk,encoder,8,pooled_mean_content,3,0.9004302422205607,0.8745679259300232,0.9301897883415222
probe,lang_xh,decoder,4,pooled_mean_all,3,0.923579216003418,0.9108264446258545,0.9481270909309387
probe,lang_xh,decoder,4,pooled_mean_content,3,0.9227256178855896,0.9104941487312317,0.9453442692756653
probe,lang_xh,decoder,6,pooled_mean_all,3,0.9142391085624695,0.8932105898857117,0.9337038993835449
probe,lang_xh,decoder,6,pooled_mean_content,3,0.9137949148813883,0.8938566446304321,0.9312047958374023
probe,lang_xh,decoder,8,pooled_mean_all,3,0.9201566378275553,0.9002354145050049,0.9392296075820923
probe,lang_xh,decoder,8,pooled_mean_content,3,0.9199928442637125,0.9023705720901489,0.9359073638916016
probe,lang_xh,encoder,4,pooled_mean_all,3,0.9083044131596884,0.8881514072418213,0.9378937482833862
probe,lang_xh,encoder,4,pooled_mean_content,3,0.9138769308725992,0.8983806371688843,0.9393974542617798
probe,lang_xh,encoder,6,pooled_mean_all,3,0.8923436403274536,0.8622112274169922,0.9249227046966553
probe,lang_xh,encoder,6,pooled_mean_content,3,0.8997857173283895,0.8713511228561401,0.9317282438278198
probe,lang_xh,encoder,8,pooled_mean_all,3,0.8823061386744181,0.8610109090805054,0.9077311754226685
probe,lang_xh,encoder,8,pooled_mean_content,3,0.8923822442690531,0.8690084218978882,0.9145107269287109
probe,lang_yo,decoder,4,pooled_mean_all,3,0.9502029617627462,0.9439277648925781,0.9611172676086426
probe,lang_yo,decoder,4,pooled_mean_content,3,0.948815127213796,0.9412878751754761,0.961189329624176
probe,lang_yo,decoder,6,pooled_mean_all,3,0.9514949321746826,0.9436790943145752,0.9602676033973694
probe,lang_yo,decoder,6,pooled_mean_content,3,0.9499026934305826,0.9417376518249512,0.9598627090454102
probe,lang_yo,decoder,8,pooled_mean_all,3,0.9452279011408488,0.9380781650543213,0.9593110084533691
probe,lang_yo,decoder,8,pooled_mean_content,3,0.944178561369578,0.9361011385917664,0.9589650630950928
probe,lang_yo,encoder,4,pooled_mean_all,3,0.8493302663167318,0.8182199001312256,0.8768559694290161
probe,lang_yo,encoder,4,pooled_mean_content,3,0.8679893414179484,0.8423781394958496,0.8924468159675598
probe,lang_yo,encoder,6,pooled_mean_all,3,0.845995306968689,0.8177044987678528,0.9000811576843262
probe,lang_yo,encoder,6,pooled_mean_content,3,0.8555392424265543,0.8330909013748169,0.9001747965812683
probe,lang_yo,encoder,8,pooled_mean_all,3,0.85774298508962,0.8308346271514893,0.8948915004730225
probe,lang_yo,encoder,8,pooled_mean_content,3,0.8578211267789205,0.8343641757965088,0.8975782990455627
probe,pooled_african,decoder,4,pooled_mean_all,3,0.929165760676066,0.9170956611633301,0.9509963989257812
probe,pooled_african,decoder,4,pooled_mean_content,3,0.9295862714449564,0.9184041023254395,0.9504991173744202
probe,pooled_african,decoder,6,pooled_mean_all,3,0.9233050545056661,0.9087655544281006,0.9391124248504639
probe,pooled_african,decoder,6,pooled_mean_content,3,0.9217375715573629,0.9073683023452759,0.9367376565933228
probe,pooled_african,decoder,8,pooled_mean_all,3,0.9267958799997965,0.9121448993682861,0.94472336769104
probe,pooled_african,decoder,8,pooled_mean_content,3,0.9251970847447714,0.9100897312164307,0.9420859813690186
probe,pooled_african,encoder,4,pooled_mean_all,3,0.8816642165184021,0.8640480041503906,0.9063135385513306
probe,pooled_african,encoder,4,pooled_mean_content,3,0.8930365641911825,0.8781120777130127,0.9089229106903076
probe,pooled_african,encoder,6,pooled_mean_all,3,0.8615715106328329,0.8391844034194946,0.8997043371200562
probe,pooled_african,encoder,6,pooled_mean_content,3,0.8722469011942545,0.8523015975952148,0.898246169090271
probe,pooled_african,encoder,8,pooled_mean_all,3,0.8448634147644043,0.8188247680664062,0.8724327087402344
probe,pooled_african,encoder,8,pooled_mean_content,3,0.8511064648628235,0.8222925066947937,0.8761807680130005
probe,pooled_all_balanced,decoder,4,pooled_mean_all,3,0.8919822772343954,0.8786398768424988,0.9115525484085083
probe,pooled_all_balanced,decoder,4,pooled_mean_content,3,0.8907633026440939,0.8787428140640259,0.9073372483253479
probe,pooled_all_balanced,decoder,6,pooled_mean_all,3,0.8963592052459717,0.8825972080230713,0.9158778190612793
probe,pooled_all_balanced,decoder,6,pooled_mean_content,3,0.896658182144165,0.8837242126464844,0.9164323806762695
probe,pooled_all_balanced,decoder,8,pooled_mean_all,3,0.900444487730662,0.8899628520011902,0.9172170162200928
probe,pooled_all_balanced,decoder,8,pooled_mean_content,3,0.8982049226760864,0.886337399482727,0.916058361530304
probe,pooled_all_balanced,encoder,4,pooled_mean_all,3,0.9189320206642151,0.9070965647697449,0.9420781135559082
probe,pooled_all_balanced,encoder,4,pooled_mean_content,3,0.9238442977269491,0.910773754119873,0.9459072351455688
probe,pooled_all_balanced,encoder,6,pooled_mean_all,3,0.9014085928599039,0.8858938217163086,0.9288502931594849
probe,pooled_all_balanced,encoder,6,pooled_mean_content,3,0.910878042380015,0.9001978635787964,0.9279968738555908
probe,pooled_all_balanced,encoder,8,pooled_mean_all,3,0.8653299808502197,0.8482443690299988,0.89261394739151
probe,pooled_all_balanced,encoder,8,pooled_mean_content,3,0.871739665667216,0.8574736714363098,0.8957076072692871
probe,pooled_non_african,decoder,4,pooled_mean_all,3,0.8994227051734924,0.8884708881378174,0.9157719612121582
probe,pooled_non_african,decoder,4,pooled_mean_content,3,0.8982924222946167,0.8872101306915283,0.9127911329269409
probe,pooled_non_african,decoder,6,pooled_mean_all,3,0.9045113523801168,0.8918260335922241,0.9191879630088806
probe,pooled_non_african,decoder,6,pooled_mean_content,3,0.9033661683400472,0.8920799493789673,0.918837308883667
probe,pooled_non_african,decoder,8,pooled_mean_all,3,0.9034183422724406,0.8964195251464844,0.914240837097168
probe,pooled_non_african,decoder,8,pooled_mean_content,3,0.9033666849136353,0.8942506313323975,0.9166796207427979
probe,pooled_non_african,encoder,4,pooled_mean_all,3,0.9357941548029581,0.9212608337402344,0.9629033803939819
probe,pooled_non_african,encoder,4,pooled_mean_content,3,0.9341087738672892,0.9190999269485474,0.9613975286483765
probe,pooled_non_african,encoder,6,pooled_mean_all,3,0.9187589883804321,0.9050054550170898,0.9457123875617981
probe,pooled_non_african,encoder,6,pooled_mean_content,3,0.9198035796483358,0.908867597579956,0.9407302141189575
probe,pooled_non_african,encoder,8,pooled_mean_all,3,0.8764537572860718,0.8569155931472778,0.9108983278274536
probe,pooled_non_african,encoder,8,pooled_mean_content,3,0.8904937505722046,0.8725353479385376,0.917534351348877
random,lang_am,decoder,4,pooled_mean_all,3,-0.03820472193845912,-0.07276752948004035,-0.008826317679344633
random,lang_am,decoder,4,pooled_mean_content,3,-0.02115971189438108,-0.09257517699706286,0.05174598520130257
random,lang_am,decoder,6,pooled_mean_all,3,0.01129817881049265,-0.027364614147526174,0.07954161461334606
random,lang_am,decoder,6,pooled_mean_content,3,-0.008277516236419605,-0.032787950982473106,0.03014473751783389
random,lang_am,decoder,8,pooled_mean_all,3,-0.010760463618833857,-0.023312625117962074,0.006547595717160664
random,lang_am,decoder,8,pooled_mean_content,3,0.0057974265959230935,-0.019775125954165033,0.022656375648339458
random,lang_am,encoder,4,pooled_mean_all,3,0.031684891847590275,-0.0017299284855478193,0.06158607598906178
random,lang_am,encoder,4,pooled_mean_content,3,0.01463772370307583,-0.011347125854939272,0.04112854950925208
random,lang_am,encoder,6,pooled_mean_all,3,-0.008095150641869359,-0.04476545102280541,0.04325789676759291
random,lang_am,encoder,6,pooled_mean_content,3,0.003819645064087194,-0.014437139211309971,0.021757931653884163
random,lang_am,encoder,8,pooled_mean_all,3,0.006300648969969319,-0.0657379359492882,0.05604845762699534
random,lang_am,encoder,8,pooled_mean_content,3,-0.0015123471895137329,-0.036933943172923374,0.05483047218259428
random,lang_ar,decoder,4,pooled_mean_all,3,0.012141351263302944,-0.0009798694355548886,0.024594876939335757
random,lang_ar,decoder,4,pooled_mean_content,3,-0.015244598954562658,-0.05106856169830497,0.04350314376257636
random,lang_ar,decoder,6,pooled_mean_all,3,0.05136641152647061,0.009865941748084174,0.09622632159976213
random,lang_ar,decoder,6,pooled_mean_content,3,0.029954641213793983,0.01704412862864454,0.03823408302857358
random,lang_ar,decoder,8,pooled_mean_all,3,0.007544113197975974,-0.029770946206435972,0.0619967085717273
random,lang_ar,decoder,8,pooled_mean_content,3,-0.01817493748464336,-0.05684078900126056,0.014988213380509978
random,lang_ar,encoder,4,pooled_mean_all,3,-0.005541710235168203,-0.03997073149323967,0.057469809922873184
random,lang_ar,encoder,4,pooled_mean_content,3,0.013531213713410838,-0.03537443183206553,0.04595082972619911
random,lang_ar,encoder,6,pooled_mean_all,3,0.011002171823920602,-0.06113258917559002,0.05934464327617425
random,lang_ar,encoder,6,pooled_mean_content,3,-0.012334067191130801,-0.057585767558321184,0.02199670671346131
random,lang_ar,encoder,8,pooled_mean_all,3,0.005974639554168857,-0.02447024634369645,0.05807764563184344
random,lang_ar,encoder,8,pooled_mean_content,3,0.021197461796836802,-0.029357507198309332,0.093236146464407
random,lang_de,decoder,4,pooled_mean_all,3,0.022948455296923447,-0.006554542740179135,0.039138377978468676
random,lang_de,decoder,4,pooled_mean_content,3,-0.01885957765849582,-0.04956461489331527,0.003501908729351126
random,lang_de,decoder,6,pooled_mean_all,3,-0.008107074057577672,-0.03182213060554027,0.030037608092580662
random,lang_de,decoder,6,pooled_mean_content,3,0.014183860358419127,-0.0161696238899423,0.051308307921390406
random,lang_de,decoder,8,pooled_mean_all,3,0.010873404605321579,-0.03480721072334372,0.04578383706871551
random,lang_de,decoder,8,pooled_mean_content,3,-0.022859505256701194,-0.06350319496162843,0.008340797740459297
random,lang_de,encoder,4,pooled_mean_all,3,-0.004784856646219917,-0.04007226881683945,0.013470878244821495
random,lang_de,encoder,4,pooled_mean_content,3,-0.015045258998347556,-0.05519349151538705,0.020146441904912014
random,lang_de,encoder,6,pooled_mean_all,3,-0.04692400730547109,-0.0779108513850798,-0.023160854698696533
random,lang_de,encoder,6,pooled_mean_content,3,0.025588606025840465,-0.05355642592657592,0.07126888267587073
random,lang_de,encoder,8,pooled_mean_all,3,-0.005264923788904682,-0.023395141350636826,0.008364468084371088
random,lang_de,encoder,8,pooled_mean_content,3,-0.013460502748120176,-0.04444167841501007,0.003909165376670302
random,lang_en,decoder,4,pooled_mean_all,3,-0.022571988790296326,-0.05440413140963808,0.0007574497992296897
random,lang_en,decoder,4,pooled_mean_content,3,0.0119314505273141,-0.019083256969932585,0.02780721714913373
random,lang_en,decoder,6,pooled_mean_all,3,0.01232777659469918,-0.03174784543146261,0.06479165049083174
random,lang_en,decoder,6,pooled_mean_content,3,0.0071764099377105576,-0.027545853815039132,0.03669795463267431
random,lang_en,decoder,8,pooled_mean_all,3,0.027942035022174617,-0.010556585345557944,0.0589581314622255
random,lang_en,decoder,8,pooled_mean_content,3,0.0219453417328344,-0.021521881600857277,0.06992761996974177
random,lang_en,encoder,4,pooled_mean_all,3,-0.021662464708860227,-0.035486798431637025,-0.014599423386146056
random,lang_en,encoder,4,pooled_mean_content,3,-0.018545457459432178,-0.05801465150725422,0.023045937736081275
random,lang_en,encoder,6,pooled_mean_all,3,0.0011691477968997534,-0.046023806241309605,0.02932006730090402
random,lang_en,encoder,6,pooled_mean_content,3,0.01333475206633789,-0.012818973304521189,0.03283902240698029
random,lang_en,encoder,8,pooled_mean_all,3,0.037431084016857595,0.01772295214920522,0.057073624036550766
random,lang_en,encoder,8,pooled_mean_content,3,0.007189670982897754,-0.04200502057619683,0.03295960733864969
random,lang_es,decoder,4,pooled_mean_all,3,0.001642038829290239,-0.04395939195208137,0.027999582043756376
random,lang_es,decoder,4,pooled_mean_content,3,-0.03607853955687789,-0.1132536441137671,0.04943642555553531
random,lang_es,decoder,6,pooled_mean_all,3,0.0018266057406276098,-0.025298986241445734,0.0482707347365926
random,lang_es,decoder,6,pooled_mean_content,3,-0.04943758557963718,-0.07317658508728736,-0.02097717354142866
random,lang_es,decoder,8,pooled_mean_all,3,-0.0007794893974862963,-0.013753103058986787,0.01184343822342123
random,lang_es,decoder,8,pooled_mean_content,3,0.0133081528574987,-0.030044793350018716,0.05832925382465264
random,lang_es,encoder,4,pooled_mean_all,3,0.013524326587106858,-0.006880790856622684,0.03794675707736124
random,lang_es,encoder,4,pooled_mean_content,3,0.039010579323422785,0.013894864926944493,0.0789020021907265
random,lang_es,encoder,6,pooled_mean_all,3,-0.005286506843092324,-0.0728906361788,0.04406428553462244
random,lang_es,encoder,6,pooled_mean_content,3,0.0013155343012990657,-0.001006578359525702,0.005127438003248157
random,lang_es,encoder,8,pooled_mean_all,3,0.019173445166729086,-0.025938355296279195,0.04736697827147505
random,lang_es,encoder,8,pooled_mean_content,3,0.005319722029026798,-0.06957665259017981,0.09163907969930393
random,lang_hi,decoder,4,pooled_mean_all,3,0.0005163670022310154,-0.040247979628794006,0.0564441757336229
random,lang_hi,decoder,4,pooled_mean_content,3,0.01324430597307566,-0.03209736348490558,0.0507831505466428
random,lang_hi,decoder,6,pooled_mean_all,3,0.035939580887533955,-0.004267249578336685,0.06994627825173015
random,lang_hi,decoder,6,pooled_mean_content,3,0.024818246504936897,-0.013089815168807138,0.05501113454396892
random,lang_hi,decoder,8,pooled_mean_all,3,0.0255093536539798,-0.01787289632899169,0.0688740934253209
random,lang_hi,decoder,8,pooled_mean_content,3,-0.0004549437103846434,-0.01060301722187883,0.009001286240021233
random,lang_hi,encoder,4,pooled_mean_all,3,-0.017973386274698806,-0.07558108331866262,0.04474983816418188
random,lang_hi,encoder,4,pooled_mean_content,3,0.02696020810801412,-0.0026584650696431667,0.04927632059233053
random,lang_hi,encoder,6,pooled_mean_all,3,-0.010610671665187374,-0.037117260416304684,0.009587038684310016
random,lang_hi,encoder,6,pooled_mean_content,3,-0.016725133504458728,-0.05036600471635985,0.01479613352779777
random,lang_hi,encoder,8,pooled_mean_all,3,0.028352335295202216,0.014337772850445681,0.044886839135565404
random,lang_hi,encoder,8,pooled_mean_content,3,-0.020043715514956994,-0.02271803234197411,-0.01867174715798505
random,lang_uk,decoder,4,pooled_mean_all,3,0.035638486088461215,0.004141503030309541,0.07310916248267188
random,lang_uk,decoder,4,pooled_mean_content,3,0.02028416597977226,-0.021578951967861346,0.06518472131218891
random,lang_uk,decoder,6,pooled_mean_all,3,0.02749121466981777,-0.016234541697755817,0.05959443877429635
random,lang_uk,decoder,6,pooled_mean_content,3,-0.012966180544122824,-0.01626741031537865,-0.007888827308537502
random,lang_uk,decoder,8,pooled_mean_all,3,0.032062551698927876,-0.00890120551860735,0.06121655005791855
random,lang_uk,decoder,8,pooled_mean_content,3,-0.007842876529108611,-0.015614242757056085,0.0012194687806295988
random,lang_uk,encoder,4,pooled_mean_all,3,0.0016033666720641447,-0.06930517730394467,0.07627359559624125
random,lang_uk,encoder,4,pooled_mean_content,3,-0.04998587389361054,-0.06583946930411953,-0.03588463151092461
random,lang_uk,encoder,6,pooled_mean_all,3,-0.03587375192173862,-0.07371978405942894,-0.00668448531398488
random,lang_uk,encoder,6,pooled_mean_content,3,0.040209174802251786,0.027995868543701653,0.054405229972012165
random,lang_uk,encoder,8,pooled_mean_all,3,-0.016173183404715335,-0.04512699447367971,4.3528858394766e-05
random,lang_uk,encoder,8,pooled_mean_content,3,-0.004716768841430915,-0.027441071520416443,0.01721385425340255
random,lang_xh,decoder,4,pooled_mean_all,3,0.020374939233947755,-0.02278881753470475,0.07384207780578701
random,lang_xh,decoder,4,pooled_mean_content,3,-0.0048653165438365025,-0.04336418103552288,0.023240602574984517
random,lang_xh,decoder,6,pooled_mean_all,3,0.0060771689843330074,-0.0551579182952396,0.07158987421087523
random,lang_xh,decoder,6,pooled_mean_content,3,0.03421708556843475,-0.003314330061469339,0.06450842706268185
random,lang_xh,decoder,8,pooled_mean_all,3,-0.024137704280209296,-0.06935380006610391,0.03596289303661153
random,lang_xh,decoder,8,pooled_mean_content,3,-0.009034686537329964,-0.010382326586406265,-0.007449652533717217
random,lang_xh,encoder,4,pooled_mean_all,3,-0.0015446311950356253,-0.012236475988535275,0.01881349399601797
random,lang_xh,encoder,4,pooled_mean_content,3,0.0063214463698043994,-0.012360507097757479,0.015807938359485952
random,lang_xh,encoder,6,pooled_mean_all,3,0.0038901751285630123,-0.04541772490464595,0.035436285057368774
random,lang_xh,encoder,6,pooled_mean_content,3,0.01268642454465118,0.0009020641106471383,0.03134110595172955
random,lang_xh,encoder,8,pooled_mean_all,3,-0.0077976895967604406,-0.03264895582449973,0.015658210167164788
random,lang_xh,encoder,8,pooled_mean_content,3,-0.027801687975939387,-0.046191147989454964,-0.01643835210112059
random,lang_yo,decoder,4,pooled_mean_all,3,-0.02732681329297368,-0.0626164209806129,-0.005474483805235859
random,lang_yo,decoder,4,pooled_mean_content,3,0.01712033751176246,-0.08140170701776028,0.07916307228813363
random,lang_yo,decoder,6,pooled_mean_all,3,0.006328912826217805,-0.021587748373419473,0.039970045143917096
random,lang_yo,decoder,6,pooled_mean_content,3,-0.0008064020704146071,-0.07239843328027809,0.045669037814668315
random,lang_yo,decoder,8,pooled_mean_all,3,-0.008375259383006362,-0.026868488183598577,0.02039535419496412
random,lang_yo,decoder,8,pooled_mean_content,3,-0.032838676341994257,-0.05120854916583059,-0.009969482571976954
random,lang_yo,encoder,4,pooled_mean_all,3,0.016349037095982538,-0.0024168880459631108,0.04737195424071255
random,lang_yo,encoder,4,pooled_mean_content,3,0.024157970942863063,-0.031823091388726785,0.07413339807801757
random,lang_yo,encoder,6,pooled_mean_all,3,0.03316880138525993,0.015020108876874605,0.04384498143424417
random,lang_yo,encoder,6,pooled_mean_content,3,-0.02726686163798105,-0.09960195225316185,0.018470022921612653
random,lang_yo,encoder,8,pooled_mean_all,3,-0.01181667500377887,-0.0902326524989678,0.04950831286112299
random,lang_yo,encoder,8,pooled_mean_content,3,-0.02304002957188496,-0.041610073387245095,-0.0030941061884853308
random,pooled_african,decoder,4,pooled_mean_all,3,-0.009956891464784642,-0.019369812309312034,-0.001147647092125767
random,pooled_african,decoder,4,pooled_mean_content,3,0.005282029772603801,-0.05937713052695965,0.03777467942907402
random,pooled_african,decoder,6,pooled_mean_all,3,-0.00307743407242711,-0.005511769529560694,0.0008810757278255102
random,pooled_african,decoder,6,pooled_mean_content,3,0.011358983701549077,-0.020345845145133098,0.0738850913462167
random,pooled_african,decoder,8,pooled_mean_all,3,0.006592604991019639,-0.016420817548097516,0.028592426574510263
random,pooled_african,decoder,8,pooled_mean_content,3,0.01903480375864784,-0.003501146306007511,0.049496760366342346
random,pooled_african,encoder,4,pooled_mean_all,3,0.01743218453565703,-0.011439635446893782,0.03322609781913255
random,pooled_african,encoder,4,pooled_mean_content,3,-0.007615628751624454,-0.02462492742785337,0.0035663512360847843
random,pooled_african,encoder,6,pooled_mean_all,3,0.03082959990255238,-0.037746281112716655,0.09552412942953506
random,pooled_african,encoder,6,pooled_mean_content,3,-0.026074824979786915,-0.07779183776743519,0.02810712136669791
random,pooled_african,encoder,8,pooled_mean_all,3,0.0017412078131239302,-0.0500283233983107,0.05588962411668817
random,pooled_african,encoder,8,pooled_mean_content,3,0.0007926312781018375,-0.014135586911971011,0.02529310328239109
random,pooled_all_balanced,decoder,4,pooled_mean_all,3,-0.004596675890535286,-0.04653978553749811,0.033418942225645
random,pooled_all_balanced,decoder,4,pooled_mean_content,3,-0.04489645079668425,-0.07694231517076863,-0.008646136009468276
random,pooled_all_balanced,decoder,6,pooled_mean_all,3,0.0017273870791472544,-0.03545860499163202,0.04738759160000763
random,pooled_all_balanced,decoder,6,pooled_mean_content,3,-0.029409616650497006,-0.07132955713308912,-0.007395726724288047
random,pooled_all_balanced,decoder,8,pooled_mean_all,3,-0.017618906801581,-0.050542208847785264,0.02071004902239875
random,pooled_all_balanced,decoder,8,pooled_mean_content,3,0.032493319497842614,0.01507522008362086,0.05973746047493086
random,pooled_all_balanced,encoder,4,pooled_mean_all,3,-0.009874420403251821,-0.07008248146105805,0.08042871614857817
random,pooled_all_balanced,encoder,4,pooled_mean_content,3,0.006484541053385664,-0.020992773285432108,0.03864765913309505
random,pooled_all_balanced,encoder,6,pooled_mean_all,3,0.0035865258613089774,-0.009366215736613651,0.0285231238258528
random,pooled_all_balanced,encoder,6,pooled_mean_content,3,-0.008120883150946459,-0.042372092550873854,0.05009337015540412
random,pooled_all_balanced,encoder,8,pooled_mean_all,3,-0.01852777756989454,-0.06174300217965639,0.03201389139049564
random,pooled_all_balanced,encoder,8,pooled_mean_content,3,0.0037320320839348575,-0.023485064205341716,0.048376202088875817
random,pooled_non_african,decoder,4,pooled_mean_all,3,0.0054716309801170525,-0.015639569271186454,0.028470668870365274
random,pooled_non_african,decoder,4,pooled_mean_content,3,0.0022850086050510607,-0.03873210027221029,0.029229603946336113
random,pooled_non_african,decoder,6,pooled_mean_all,3,-0.007739977056405007,-0.022685948964055486,0.013696758931667361
random,pooled_non_african,decoder,6,pooled_mean_content,3,0.06125288152123267,1.290711489602362e-05,0.11833417455648625
random,pooled_non_african,decoder,8,pooled_mean_all,3,-0.03697732714905592,-0.07196862830384776,0.004307739743912558
random,pooled_non_african,decoder,8,pooled_mean_content,3,-0.0022562274007173395,-0.032531738700187995,0.020078467426400334
random,pooled_non_african,encoder,4,pooled_mean_all,3,0.024354086841349737,0.0008203923898161547,0.06218807260323701
random,pooled_non_african,encoder,4,pooled_mean_content,3,0.021087484489609645,0.0010627048545581164,0.05915347117111554
random,pooled_non_african,encoder,6,pooled_mean_all,3,0.017241506020823586,-0.0030982699080434927,0.048307333546048534
random,pooled_non_african,encoder,6,pooled_mean_content,3,0.015247749860380593,-0.02902374298912506,0.06669224795183713
random,pooled_non_african,encoder,8,pooled_mean_all,3,0.004955831764737627,-0.015313674032341724,0.02819441223830955
random,pooled_non_african,encoder,8,pooled_mean_content,3,0.0033677925158932484,-0.0447296381050533,0.0719607205393426
