stage,split,intervention,family,seed,language,delta_sta,delta_sta_ci_lo,delta_sta_ci_hi,delta_sim,delta_sim_ci_lo,delta_sim_ci_hi,delta_j,effect_size_sta,effect_size_sim
stage11_ablation,dev,random_heads_matched,ablation_random_control,42,es,0.039615592300370366,-0.11050044618447218,0.2091992096553796,-0.022089720370370363,-0.04470497812962961,-0.00277900910185184,0.01945282408082312,0.09348767655505939,-0.3828198832629874
stage11_ablation,dev,random_heads_matched,ablation_random_control,1337,es,0.10974211746925924,-1.450389706481779e-05,0.2547669777505,-0.022068674074074066,-0.042529940731481475,-0.004924677898148139,0.054870666681598394,0.3456914501289824,-0.42251434755789946
stage11_ablation,dev,random_heads_matched,ablation_random_control,2024,am,0.08739398446111112,0.005189314364166657,0.18958470476486108,-0.02276732888888889,-0.06339546271296298,0.006880655407407404,0.034134176435445356,0.35371365949311145,-0.23938826466570384
stage11_ablation,dev,sae_replicated_features,ablation_sae_control,42,am,0.06539420725925925,-0.0005928028546296305,0.16315864523796295,-0.022098181481481485,-0.05236669733333332,-0.00014285162962963057,0.01595629018590847,0.2879160765909251,-0.29841006458149355
stage11_ablation,dev,top_decoder_cross_heads,ablation_primary,42,am,0.3624822870277778,0.1491677410562963,0.5677029719323611,-0.1698139,-0.24192123596296297,-0.10311116825925926,0.05106695623130634,0.6620265065214668,-0.9107735411927492
stage11_ablation,dev,top_decoder_cross_heads,ablation_primary,42,ar,0.18335571767555553,0.07223981979937037,0.3303752730902037,-0.027035427037037034,-0.047492976694444446,-0.008382538638888881,0.1198937481311857,0.4688784749987183,-0.527719378654347
stage11_ablation,dev,top_decoder_cross_heads,ablation_primary,42,de,0.21757373293185184,0.07579336711509262,0.3980866849072777,-0.04758206814814813,-0.08172062046296295,-0.0220126250185185,0.0895125375127811,0.5295788825927341,-0.59904427269031
stage11_ablation,dev,top_decoder_cross_heads,ablation_primary,42,en,0.22200605160148149,0.07400371375430556,0.3700945846240463,-0.034666587777777765,-0.06770631180555554,-0.0020097904814814875,0.13490283212035495,0.5245921413204407,-0.3899858078400084
stage11_ablation,dev,top_decoder_cross_heads,ablation_primary,42,es,0.2476925310633333,0.06763848229791668,0.4231897472845001,-0.09336456703703704,-0.1360352553796296,-0.05461384272222224,0.15131088934609307,0.48832616919981986,-0.8470720201837556
stage11_ablation,dev,top_decoder_cross_heads,ablation_primary,42,hi,0.06288307145962964,-0.01410278765875926,0.16942521685208325,-0.0670932888888889,-0.10138584585185187,-0.03619831492592595,0.03265611052883045,0.24576737983216457,-0.719844944319829
stage11_ablation,dev,top_decoder_cross_heads,ablation_primary,42,uk,0.21537467622407402,0.06980946936037037,0.38624132125829636,-0.05728805592592593,-0.09279941744444443,-0.03232616250925926,0.127553455413689,0.534961173191069,-0.72971547023156
stage11_ablation,dev,top_decoder_cross_heads,ablation_primary,1337,am,0.3563907798981482,0.17018174436504643,0.5506889405593056,-0.15921750555555556,-0.19751439801851853,-0.12225971906481481,0.03961656598281023,0.6758766001603322,-1.5069323028364134
stage11_ablation,dev,top_decoder_cross_heads,ablation_primary,1337,ar,0.03513416045259258,-0.07709515709249998,0.14818164159231484,-0.027799451481481486,-0.05193208292592591,-0.006603335472222232,0.00413319745021901,0.10544185325316759,-0.4319939402371048
stage11_ablation,dev,top_decoder_cross_heads,ablation_primary,1337,de,0.08452805226148147,-0.029562659884537042,0.22346759594655552,-0.03298084259259259,-0.05280221204629629,-0.015764588472222226,0.015845013641067135,0.2374358396417571,-0.6553728584909166
stage11_ablation,dev,top_decoder_cross_heads,ablation_primary,1337,en,0.14805620369,0.03700735224796296,0.2960559998484352,-0.04954847851851852,-0.08478583299074073,-0.016650782074074097,0.03746327627854192,0.40936180465580835,-0.5022169141084848
stage11_ablation,dev,top_decoder_cross_heads,ablation_primary,1337,es,0.2229273356048148,0.10029721838342631,0.37354123135373146,-0.06704439407407407,-0.09305826644444441,-0.042728068092592573,0.11229213527368953,0.527566806706123,-0.9623675247862056
stage11_ablation,dev,top_decoder_cross_heads,ablation_primary,1337,hi,0.06614661103518518,-0.014140619156888887,0.18058505742001854,-0.058110498148148164,-0.09453572651851853,-0.02825989145370372,0.038354125643116486,0.2481847184256928,-0.6563395898775023
stage11_ablation,dev,top_decoder_cross_heads,ablation_primary,1337,uk,0.17784471996296294,0.049869673567935355,0.33461958115268514,-0.06381462740740741,-0.10053907503703703,-0.034672061944444464,0.1028505331547012,0.44317870718332475,-0.7286439635256142
stage11_ablation,dev,top_decoder_cross_heads,ablation_primary,2024,am,0.27228794919148147,0.06244151913833333,0.4724398757413611,-0.14230339555555555,-0.21017834328703702,-0.0750752576203704,0.009613493452262147,0.49930888292914793,-0.7858370063013009
stage11_ablation,dev,top_decoder_cross_heads,ablation_primary,2024,ar,0.11445575205148145,-0.03762342820212037,0.2621916854477592,-0.02934879185185185,-0.05118404102777777,-0.010376228018518513,0.05748333886954629,0.2749597504614471,-0.5176216673777205
stage11_ablation,dev,top_decoder_cross_heads,ablation_primary,2024,de,0.24375499623555555,0.10231618107040741,0.41152533443781464,-0.06054141851851852,-0.0936977006574074,-0.03409195682407407,0.08748958896798177,0.5802054319156038,-0.746307918474568
stage11_ablation,dev,top_decoder_cross_heads,ablation_primary,2024,en,0.18504162452185186,0.03711104190288891,0.33309565708351857,-0.06639328037037036,-0.1259442998703703,-0.020147610333333312,0.07110748389057119,0.4678871494619985,-0.45326162215127264
stage11_ablation,dev,top_decoder_cross_heads,ablation_primary,2024,es,0.10825674410074076,-0.034730084084083325,0.2592239974081389,-0.05336025592592594,-0.08316357430555557,-0.02359046495370372,0.06893534362909276,0.25929082602755044,-0.6464963868512001
stage11_ablation,dev,top_decoder_cross_heads,ablation_primary,2024,hi,0.03428805699,-0.07974604635105553,0.14859328849125925,-0.07240365222222224,-0.11945404285185185,-0.021276835796296304,0.014061152288004409,0.10325640817142503,-0.5426866252364717
stage11_ablation,dev,top_decoder_cross_heads,ablation_primary,2024,uk,0.11100169555518519,-0.036456587394824075,0.25906803402126855,-0.04823982111111111,-0.08511896768518516,-0.018482148518518544,0.017867030805568066,0.2638794612614563,-0.5464973078496186
stage11_ablation,dev,top_decoder_self_heads,ablation_primary,42,am,0.03948097292185184,-0.07514396416723149,0.15256729829731486,-0.029581037037037034,-0.051663294527777785,-0.011965359731481478,-0.00596142005984416,0.11839304412315418,-0.5363479956070838
stage11_ablation,dev,top_decoder_self_heads,ablation_primary,42,es,0.17652823454444444,0.03659999371106481,0.3200547596948426,-0.02406658037037037,-0.04705327037962965,0.002730735324074078,0.10979788007329534,0.46756110025236514,-0.3849870936667389
stage11_ablation,dev,top_decoder_self_heads,ablation_primary,42,uk,0.10140218169888889,-0.008152581225111115,0.22152572090113887,-0.022517564814814813,-0.0371658917222222,-0.009900523972222216,0.043579110772474366,0.31193012048529245,-0.6170693332152227
stage11_ablation,dev,top_decoder_self_heads,ablation_primary,1337,uk,0.10255923478925925,-0.008143728626925924,0.24197214129755554,-0.031286158148148155,-0.06212430591666667,-0.007771993638888891,0.054567419415139325,0.3147592155434009,-0.4627682924527761
stage11_ablation,dev,top_encoder_components,ablation_primary,2024,en,0.03701832114851854,-4.244226716665479e-05,0.11104063794490744,-0.03121073740740739,-0.08954663096296295,0.004081208675925939,0.026707432444902916,0.1926186986186767,-0.22504919229210255
stage11_ablation,dev,top_mean_diff_direction,ablation_primary,42,am,0.18870031232037035,0.03242686941412065,0.3604536648196296,-0.11647929185185187,-0.1722607726851852,-0.0671963941111111,-0.009759815865823439,0.3993087701519537,-0.7957175312980558
stage11_ablation,dev,top_mean_diff_direction,ablation_primary,42,de,0.14493118213925926,0.03399709844046296,0.28457558159955554,-0.03458802555555555,-0.055496451481481475,-0.017892331203703676,0.06453132493655903,0.41740350390689507,-0.7109652898786851
stage11_ablation,dev,top_mean_diff_direction,ablation_primary,42,es,0.25417117653814814,0.10889445860391667,0.40482750210248153,-0.06416017,-0.09866746574074073,-0.030069802537037046,0.13276784004512024,0.5819239066097758,-0.6646541964936548
stage11_ablation,dev,top_mean_diff_direction,ablation_primary,42,hi,0.037237025784074076,0.0007957559542592722,0.10482237958249997,-0.06974488629629631,-0.12401354621296296,-0.02936272292592595,0.01667707683208764,0.2205510341473381,-0.557567847912412
stage11_ablation,dev,top_mean_diff_direction,ablation_primary,42,uk,0.1759065485607407,0.03709152467628704,0.32423681564895346,-0.04220004000000001,-0.07143867685185186,-0.017713690370370367,0.11571449888511474,0.46507152616550707,-0.5828626646996559
stage11_ablation,dev,top_mean_diff_direction,ablation_primary,1337,am,0.15892088437444446,-0.005466949714972209,0.31441714921527775,-0.07621247111111111,-0.11451400219444442,-0.03073945816666668,-0.013396200404169554,0.35492818402148163,-0.688324844087521
stage11_ablation,dev,top_mean_diff_direction,ablation_primary,1337,en,0.1110901313625926,9.09264782407461e-05,0.2590343991808981,-0.039259840370370384,-0.07123917518518517,-0.01259856907407409,0.037130838729393524,0.3472439887722244,-0.4936333900013568
stage11_ablation,dev,top_mean_diff_direction,ablation_primary,1337,es,0.2234658169622222,0.07661802227719444,0.3952033743579351,-0.02257670296296296,-0.04687593938888887,0.0030235344166666847,0.1316865296478937,0.5389592076440043,-0.3400805976755341
stage11_ablation,dev,top_mean_diff_direction,ablation_primary,1337,uk,0.14006816867185184,0.02278772072650928,0.2873224105746759,-0.05200967740740741,-0.07973323599074075,-0.027591402574074077,0.0869396620245034,0.3810863457999244,-0.7182193205024558
stage11_ablation,dev,top_mean_diff_direction,ablation_primary,2024,am,0.1316459404925926,-0.012591851559259234,0.2906398605476852,-0.07127552703703705,-0.11956363463888887,-0.024661904888888912,-0.006286593873215695,0.3203720124909149,-0.5574020206159905
stage11_ablation,dev,top_mean_diff_direction,ablation_primary,2024,ar,0.028222180976296283,-0.11476347986661113,0.18989726040538882,-0.021416327777777782,-0.04423652664814816,-0.001532340324074087,0.0009370659925455988,0.0682097338205722,-0.36910761203321535
stage11_ablation,dev,top_mean_diff_direction,ablation_primary,2024,de,0.16924136882074073,0.03807904812412961,0.31395679095870366,-0.045464678888888894,-0.07956730238888887,-0.01893667212037038,0.046821600886342504,0.46596407375402354,-0.5793928413526751
stage11_ablation,dev,top_mean_diff_direction,ablation_primary,2024,en,0.036992114947407416,-0.00010616789714813741,0.11106324737690741,-0.03821649962962961,-0.06315436686111107,-0.013604140944444423,0.010910663447370144,0.19232831267593983,-0.5428579012960371
stage11_ablation,dev,top_mean_diff_direction,ablation_primary,2024,es,0.1484469120848148,0.001004165827648159,0.332389473517713,-0.034760629259259275,-0.06233551205555557,-0.00603152417592594,0.09316208030957922,0.3277488087142772,-0.4292713786861482
stage11_ablation,dev,top_mean_diff_direction,ablation_primary,2024,uk,0.11172278137148149,-0.03665690277037962,0.26184137264611035,-0.039880117777777786,-0.07027213005555558,-0.01576753225,0.03253667973748079,0.26435288606418184,-0.5345429865999896
stage11_ablation,dev,top_probe_direction,ablation_primary,42,am,0.3024935416907407,0.1438426434032408,0.4794769704694906,-0.17290653037037038,-0.228253160824074,-0.11196701514814816,0.018914743577835482,0.6833726796481638,-1.0737586045640681
stage11_ablation,dev,top_probe_direction,ablation_primary,42,ar,0.1864770685977778,0.07356737886468519,0.3337024149361111,-0.02644847333333334,-0.045458475537037045,-0.011854865250000004,0.12342039677861281,0.4788499463913689,-0.5866020651837821
stage11_ablation,dev,top_probe_direction,ablation_primary,42,de,0.18116714501333334,0.04310048116198148,0.3310613664395,-0.04245514074074075,-0.05933171722222221,-0.026365466425925927,0.06486874928088247,0.47367860825411967,-0.9672293407293125
stage11_ablation,dev,top_probe_direction,ablation_primary,42,en,0.11093792201777779,-0.037083261099861105,0.2589516965316945,-0.023347626666666663,-0.061634312379629616,0.014589005120370372,0.0653986813393596,0.2621470433559523,-0.22628299016004752
stage11_ablation,dev,top_probe_direction,ablation_primary,42,es,0.217766144667037,0.03785833736251853,0.3975383353996852,-0.07374756259259259,-0.11536388803703702,-0.03599562519444445,0.12350047005508208,0.4393413869411584,-0.6884788633558453
stage11_ablation,dev,top_probe_direction,ablation_primary,42,hi,0.03667966063370371,0.0006497924968981487,0.10496029753437035,-0.07736969370370372,-0.12493262759259255,-0.03813604312037039,0.01645533214564929,0.2171520903912106,-0.6302324781467653
stage11_ablation,dev,top_probe_direction,ablation_primary,42,uk,0.21091581589074074,0.028020935367370412,0.39368198785332403,-0.04972295370370371,-0.08522169691666667,-0.020077222898148173,0.10894176790569025,0.4305571156890589,-0.5664868842562442
stage11_ablation,dev,top_probe_direction,ablation_primary,1337,am,0.3314895702388889,0.17337341982046298,0.5096773275420371,-0.1550443018518519,-0.20480613657407407,-0.10673667807407407,0.027638643818068614,0.7215796769538497,-1.1870348721580413
stage11_ablation,dev,top_probe_direction,ablation_primary,1337,ar,0.08086232915629629,-0.051905541764166646,0.22734375661557404,-0.03005142555555555,-0.04974464537037037,-0.011683815361111106,0.04155515028331419,0.21361282280264474,-0.5412432504786785
stage11_ablation,dev,top_probe_direction,ablation_primary,1337,de,0.09155929046518517,-0.02065447197546295,0.22208881039792594,-0.02732068370370371,-0.04295095564814814,-0.013523016500000007,0.03125191898608793,0.2693507887052109,-0.691718884876786
stage11_ablation,dev,top_probe_direction,ablation_primary,1337,en,0.11107661135222224,0.00011500450178704815,0.2590058642085,-0.03727922222222223,-0.06628748777777776,-0.013037234981481481,0.054019436143784745,0.3472555350466097,-0.49958838111902826
stage11_ablation,dev,top_probe_direction,ablation_primary,1337,es,0.35910825425925935,0.19256431035532412,0.5457386594748519,-0.06664040037037035,-0.10553182144444442,-0.032000327231481475,0.17582049437949485,0.7538770026640833,-0.7054511388025078
stage11_ablation,dev,top_probe_direction,ablation_primary,1337,hi,0.03737465156962963,-0.0023636860067222164,0.11106034881541664,-0.043148145925925946,-0.06336116522222224,-0.02364892487037039,0.014625461232203455,0.20133098198137767,-0.7814863241244067
stage11_ablation,dev,top_probe_direction,ablation_primary,1337,uk,0.10382298226666664,-0.04421892157614814,0.26035667500331483,-0.059720660000000016,-0.09032000910185188,-0.03075276871296298,0.05226637856898792,0.24291489794036597,-0.7399322607516922
stage11_ablation,dev,top_probe_direction,ablation_primary,2024,am,0.16805235652444445,-0.009458885753333278,0.33366310839685187,-0.15333808962962964,-0.22036001362962968,-0.08757813810185186,-0.005423904877409038,0.34678723893206426,-0.8373227831250528
stage11_ablation,dev,top_probe_direction,ablation_primary,2024,ar,0.1502410092274074,-0.0010721167480370144,0.303896718347037,-0.04128316592592593,-0.0685032117037037,-0.017815205407407417,0.06832230440337145,0.3346809196901204,-0.5747611955666978
stage11_ablation,dev,top_probe_direction,ablation_primary,2024,de,0.1701538468540741,0.05976839201992594,0.30719585182227777,-0.05230168740740741,-0.0859621677222222,-0.025388387851851865,0.0454909325483528,0.4690065562844735,-0.6493407828258745
stage11_ablation,dev,top_probe_direction,ablation_primary,2024,en,0.11101437137074076,3.3185936250011175e-05,0.2589677909517223,-0.05020111444444444,-0.08539412270370371,-0.02143273179629629,0.03799087575859553,0.34697863292997777,-0.6008487745624707
stage11_ablation,dev,top_probe_direction,ablation_primary,2024,es,0.14289339930814812,0.027050999558481486,0.2954443765856852,-0.041128858148148165,-0.07027093325,-0.012062067092592626,0.07982555365278629,0.3923877806056303,-0.5137454305084475
stage11_ablation,dev,top_probe_direction,ablation_primary,2024,hi,0.019576495895555553,-0.09880001332100916,0.14468324926147222,-0.05075405962962964,-0.10303185508333332,0.016978883620370335,0.009310241556633226,0.05732160287257547,-0.29964970523827844
stage11_ablation,dev,top_probe_direction,ablation_primary,2024,uk,0.18460607436481485,0.001284480238351857,0.36839361511257407,-0.057100906666666666,-0.09226703946296297,-0.026670045268518523,0.06948976924408877,0.38439870465707066,-0.641882359055397
stage11_ablation,test,random_heads_matched,ablation_random_control,1337,am,0.01665589043230769,-0.00028540525630770246,0.04605531861199999,-0.020132970384615388,-0.054746207711538465,0.00910434958653846,-0.005439328202513449,0.2596363114514054,-0.23673902520255224
stage11_ablation,test,top_decoder_cross_heads,ablation_primary,42,am,0.17340698977076924,0.004533582929384606,0.34428774242692306,-0.16565245500000003,-0.24410798574038456,-0.09306815217307698,-0.030049397102768043,0.39049620383607747,-0.8055651900461664
stage11_ablation,test,top_decoder_cross_heads,ablation_primary,42,ar,0.09310332428269232,0.0003445764048076811,0.20837264630496152,-0.025121533846153846,-0.04115389063461538,-0.011455812461538463,0.04108794997681012,0.3463579351932301,-0.6209794931729833
stage11_ablation,test,top_decoder_cross_heads,ablation_primary,42,en,0.10408983424346155,-0.0423305395506634,0.25332069163073073,-0.031578645,-0.06698890124038459,0.0037238522596153914,0.030482030194226666,0.25831656164328365,-0.33791578525084887
stage11_ablation,test,top_decoder_cross_heads,ablation_primary,42,es,0.3212546452223078,0.17028467586726923,0.5021475141765769,-0.09866909538461541,-0.13744410258653847,-0.06404257436538464,0.12423740487406641,0.7071172083610392,-0.9851094093675197
stage11_ablation,test,top_decoder_cross_heads,ablation_primary,1337,am,0.07576012835923077,-0.0649490813396923,0.2394862111161538,-0.19680276576923078,-0.2646291449711538,-0.13088708018269232,-0.051049432403831856,0.1940781778739604,-1.0754051031497394
stage11_ablation,test,top_decoder_cross_heads,ablation_primary,1337,ar,0.0963231562803846,4.5116280461531576e-05,0.21915407611068252,-0.045475178461538465,-0.07113002584615385,-0.024486563240384614,0.04573534727186669,0.33955803234495746,-0.7165696743167944
stage11_ablation,test,top_decoder_cross_heads,ablation_primary,1337,en,0.03722455348576922,-0.1070398884030961,0.20922570837524024,-0.02461571307692307,-0.04463436583653847,-0.0034439148173076826,-0.00535470464998448,0.08611880342268269,-0.4367611134571702
stage11_ablation,test,top_decoder_cross_heads,ablation_primary,1337,es,0.18722807481769227,0.030391585082548182,0.3682827815255768,-0.07809052153846152,-0.12083616875961538,-0.03990155269230769,0.044712672938538395,0.3954737595238829,-0.7507044810214305
stage11_ablation,test,top_decoder_cross_heads,ablation_primary,1337,hi,0.04856779727038462,0.001084934499826923,0.12573709795508653,-0.05016284461538462,-0.0901954365,-0.011959191307692333,0.011908746843208223,0.24566452767961577,-0.47642488447490117
stage11_ablation,test,top_decoder_cross_heads,ablation_primary,2024,am,0.15478444768692307,0.004289510049057702,0.31431135745676925,-0.14806666153846154,-0.23463740558653845,-0.08038050553846157,0.0018816854118630954,0.37117367232727905,-0.7312444833445183
stage11_ablation,test,top_decoder_cross_heads,ablation_primary,2024,ar,0.11040224677307695,0.0018428840977884728,0.22917550914432694,-0.04632990923076923,-0.078307582125,-0.018130261605769256,0.053685867189014906,0.3584560976941439,-0.5895864811601925
stage11_ablation,test,top_decoder_cross_heads,ablation_primary,2024,de,0.171913626335,0.05306962515640389,0.3096909050831635,-0.06733785115384618,-0.11263849340384617,-0.03022571669230771,0.03791384569496946,0.47876914784633945,-0.6287599053568328
stage11_ablation,test,top_decoder_cross_heads,ablation_primary,2024,en,0.1964347657169231,0.05502464494689441,0.34582339660840383,-0.06497268230769229,-0.10191552644230768,-0.03436422869230767,0.0677614722993737,0.4911148616428842,-0.728983228953798
stage11_ablation,test,top_decoder_cross_heads,ablation_primary,2024,es,0.352138978828077,0.18329574913650964,0.5352004954299135,-0.0827270103846154,-0.12575194490384617,-0.04682919603846156,0.15610791267970356,0.752328893098675,-0.8130542875779835
stage11_ablation,test,top_decoder_cross_heads,ablation_primary,2024,uk,0.035847410372307695,-0.0002290233157980783,0.10773725178937499,-0.04236152807692309,-0.07139254404807692,-0.01918947164423077,0.0004961003865631464,0.19576834435298043,-0.6358259123086848
stage11_ablation,test,top_decoder_self_heads,ablation_primary,42,am,0.10422131207884615,0.0030794608029711397,0.22568480625697107,-0.02667481692307693,-0.06387809725,0.010668420163461525,0.0351285814514731,0.34930108599291765,-0.2611628374518401
stage11_ablation,test,top_decoder_self_heads,ablation_primary,42,es,0.09601115429538462,0.0004898340356923215,0.21094329840161538,-0.03620429192307691,-0.06437024518269231,-0.011460431769230763,0.037745905692055805,0.33978763192547445,-0.515926672811553
stage11_ablation,test,top_decoder_self_heads,ablation_primary,1337,am,0.10532151837269231,0.02009335519537502,0.21493663281748077,-0.06435733615384617,-0.09726280414423076,-0.03687426131730772,-0.004007686465006488,0.3927318498781515,-0.7640323613160164
stage11_ablation,test,top_decoder_self_heads,ablation_primary,2024,am,0.0713845284269231,0.008595001473653855,0.17554216085557695,-0.030074140000000006,-0.04969457354807692,-0.013633199865384612,0.031370810508547266,0.32716732082675437,-0.62013418899994
stage11_ablation,test,top_decoder_self_heads,ablation_primary,2024,en,0.13112553861692305,-0.006474979282836549,0.2858782172868937,-0.028191108461538453,-0.05733482452884614,-0.0025864412884615373,0.06389289206222432,0.3324701291351751,-0.40086185354241155
stage11_ablation,test,top_decoder_self_heads,ablation_primary,2024,uk,0.03868384682384615,1.836242019230625e-05,0.11563324717897112,-0.039823361153846146,-0.07493198075961538,-0.01039986435576924,-0.01610980453503368,0.19753481900267203,-0.4379016830944024
stage11_ablation,test,top_encoder_components,ablation_primary,42,es,0.04013654692423077,-0.07638341758638462,0.15767008370926927,-0.02152356846153846,-0.04521771245192307,-0.0001580485673076918,0.01715008021884409,0.11696586953809356,-0.37594626992428304
stage11_ablation,test,top_encoder_components,ablation_primary,2024,es,0.09447717122423077,-0.025879769833951898,0.24150815894455768,-0.02153607730769232,-0.052985303173076946,0.0019077826153845897,0.062163799593817744,0.2838674900075412,-0.27614906571770953
stage11_ablation,test,top_mean_diff_direction,ablation_primary,42,am,0.06335704487653845,-0.009460032133663464,0.16771679671239412,-0.09802728923076923,-0.16928755823076924,-0.038572648182692335,0.0054728029184977125,0.26047508489919846,-0.5498361145779826
stage11_ablation,test,top_mean_diff_direction,ablation_primary,42,es,0.21041822565961538,0.07542237708535579,0.3642109436170385,-0.063457225,-0.10515469019230769,-0.02887838027884616,0.06679694066333539,0.5217066617983886,-0.6527897730123547
stage11_ablation,test,top_mean_diff_direction,ablation_primary,1337,am,0.1433218608553846,0.03781983366613462,0.27172281814246146,-0.1389054480769231,-0.21336025730769229,-0.06843847644230769,-0.006604504624217398,0.46337902195583747,-0.7038697460019947
stage11_ablation,test,top_mean_diff_direction,ablation_primary,1337,ar,0.03785869190807692,-0.001014964293211543,0.11482817502977886,-0.027525936923076907,-0.057766450432692254,-0.005940147163461538,0.0335190456880394,0.1937067765962309,-0.41158739761869384
stage11_ablation,test,top_mean_diff_direction,ablation_primary,1337,es,0.20979300506,0.0659968129917404,0.36595473141833657,-0.05606880192307692,-0.0925542279903846,-0.024778245153846138,0.08682401291437017,0.5186556940849774,-0.6253678556160412
stage11_ablation,test,top_mean_diff_direction,ablation_primary,2024,am,0.09560107683230769,-0.03158256554546149,0.23570877370036533,-0.10646502653846154,-0.1655462302692308,-0.052862937009615384,0.005219669455936425,0.26247738101563234,-0.7367007222620442
stage11_ablation,test,top_mean_diff_direction,ablation_primary,2024,ar,0.07653158081153846,-0.000815924607269224,0.19118257030686536,-0.022924241538461544,-0.04495408059615384,-0.005049295817307693,0.04015565168327529,0.2851795875144461,-0.43041985966626994
stage11_ablation,test,top_mean_diff_direction,ablation_primary,2024,en,0.1538064356803846,0.03830202570888461,0.30755061279823076,-0.031160752692307683,-0.06403030183653845,-0.004487850096153845,0.06644051467417349,0.41848173097452934,-0.41926685472683695
stage11_ablation,test,top_mean_diff_direction,ablation_primary,2024,es,0.23430823430999997,0.03957775394307698,0.4334987505837211,-0.07498942692307695,-0.11025597830769232,-0.04274321998076925,0.08811622279397932,0.45405779478460206,-0.8412052903022055
stage11_ablation,test,top_mean_diff_direction,ablation_primary,2024,uk,0.07710550056730768,0.00014960281528845874,0.19234538855270192,-0.04721972653846154,-0.07641613792307694,-0.023080958644230768,0.011178841600989066,0.28406668324378564,-0.6315531953030408
stage11_ablation,test,top_probe_direction,ablation_primary,42,am,0.11741542877846153,-0.018007359383326926,0.275540024433423,-0.17863653153846154,-0.2572144710961538,-0.10934643030769232,-0.05954497229900001,0.29539776610763385,-0.8515973030667874
stage11_ablation,test,top_probe_direction,ablation_primary,42,ar,0.12001795556730768,0.0076895189585576935,0.26847745782196153,-0.0316809726923077,-0.04942984358653847,-0.015885507567307694,0.09264509358995297,0.37357163604556165,-0.689155113712994
stage11_ablation,test,top_probe_direction,ablation_primary,42,es,0.31844976575307693,0.15507435534850966,0.49093340691566345,-0.08505623038461539,-0.12338406365384615,-0.04881978638461539,0.1330663230564368,0.6981167628649939,-0.8578070525973353
stage11_ablation,test,top_probe_direction,ablation_primary,42,uk,0.03237279430653846,-0.11937501861898078,0.1840357131521538,-0.04058264384615386,-0.07750053836538462,-0.0028488631442308006,0.024411540532280965,0.0764469341799169,-0.3946477302128134
stage11_ablation,test,top_probe_direction,ablation_primary,1337,am,0.14120539158230766,0.015310150121096149,0.29862512234399996,-0.19163479807692305,-0.26731133351923075,-0.11779319306730772,-0.04315328744202737,0.36864422025151794,-0.9572900262831571
stage11_ablation,test,top_probe_direction,ablation_primary,1337,ar,0.04126189169807692,-0.003778258544923093,0.1259348373987115,-0.04646986192307692,-0.0766858170673077,-0.020660124355769218,0.022516518258988653,0.2098785117065059,-0.6137157484946986
stage11_ablation,test,top_probe_direction,ablation_primary,1337,es,0.18722617224846155,0.04590631641332695,0.3440158431414519,-0.06433116769230769,-0.10176311805769228,-0.029767402288461527,0.06941977086241957,0.4849873237868057,-0.6496876708956395
stage11_ablation,test,top_probe_direction,ablation_primary,1337,hi,0.012459104701153837,-2.1550274557703912e-05,0.036554983598182676,-0.05227631192307692,-0.09040337147115385,-0.013691433548076951,0.0032853386254052155,0.20664063921237205,-0.5155263848460805
stage11_ablation,test,top_probe_direction,ablation_primary,2024,am,0.20477267897692306,0.028156323763365437,0.3843145722087499,-0.21216751076923074,-0.27995935427884616,-0.1459517024038462,-0.028306767087774447,0.44312987793503916,-1.2185838791699968
stage11_ablation,test,top_probe_direction,ablation_primary,2024,ar,0.11351124469615385,0.00640501107776924,0.22740904174757695,-0.054057149230769236,-0.08611052467307692,-0.024006864913461535,0.062059240334419716,0.36978126334842437,-0.6336478109826209
stage11_ablation,test,top_probe_direction,ablation_primary,2024,de,0.04886628309653847,-0.0324939966538365,0.1501586991664903,-0.052536722692307705,-0.07651363404807691,-0.03137652833653848,-0.041286799051995914,0.1962477363614996,-0.8332195812183838
stage11_ablation,test,top_probe_direction,ablation_primary,2024,en,0.11563878632423075,-0.037934262380990395,0.2692684634490096,-0.038235560769230764,-0.0812937421730769,0.003698264480769227,0.02136307958822191,0.26872727811539343,-0.3240512615245436
stage11_ablation,test,top_probe_direction,ablation_primary,2024,es,0.35704990425769234,0.18408329067466347,0.5449208958011922,-0.086959375,-0.11820411441346153,-0.05767858318269232,0.14537787553813408,0.7493065237469049,-0.9985377546434103
stage11_ablation,test,top_probe_direction,ablation_primary,2024,uk,0.07715243200384615,0.00012048836849038017,0.19243683577263462,-0.049978543846153856,-0.07932226324999998,-0.02341470643269231,-0.0024469361882026005,0.2842185873489538,-0.664974718721854
stage13_steering,dev,decoder/sae/sae_features@-1.00,steering_sae_control,42,am,0.07026077402592593,-7.943244824074147e-05,0.17684785200787037,-0.021887101481481482,-0.05180763296296296,0.0,0.016368924147876027,0.277218499540899,-0.30955563740302466
stage13_steering,dev,encoder/mean_diff/per_language@+0.50,steering_primary,2024,en,0.11217068290851853,-0.03580524294234257,0.2624457164706111,-0.10153142333333331,-0.1466483387777778,-0.052783523972222225,-0.031931325074036725,0.26522955195916653,-0.7908386697412467
stage13_steering,dev,encoder/mean_diff/per_language@+1.00,steering_primary,42,en,0.4806056384355555,0.2955552072894908,0.6655983910803981,-0.8392868279851853,-0.8796016110411111,-0.7919710977759259,-0.36712535480330066,0.9449868942004647,-7.063522656747824
stage13_steering,dev,encoder/mean_diff/per_language@+1.00,steering_primary,1337,am,0.05433257699777777,-0.0768146035025,0.19317914598125918,-0.03624855592592593,-0.06924997577777778,-0.005681550398148148,-5.9250935599832576e-05,0.15868193085527116,-0.40130511316450673
stage13_steering,dev,encoder/mean_diff/per_language@+1.00,steering_primary,1337,en,0.4062531609692592,0.22128472717509254,0.5922976588489715,-0.8317700475444445,-0.8624256831826853,-0.8023947288839816,-0.4436818780980264,0.8124136616940268,-9.848767166398645
stage13_steering,dev,encoder/mean_diff/per_language@+1.00,steering_primary,1337,hi,0.03999861171740739,-0.07345580197337037,0.1627497017466107,-0.021291741851851852,-0.055552392425925926,0.006326400277777764,-0.00015280518065161666,0.12014553701151569,-0.25391646427886766
stage13_steering,dev,encoder/mean_diff/per_language@+1.00,steering_primary,2024,en,0.3842090394822222,0.1928479234242685,0.5701117307981203,-0.7919485525925926,-0.8261850268537037,-0.7614513720907408,-0.399129327031308,0.7026888006128396,-8.74032634386379
stage13_steering,dev,encoder/mean_diff/per_language@-1.00,steering_primary,42,es,0.10761637699925924,-0.039394675757944454,0.2579569963453889,-0.03587464407407409,-0.0798240525,0.006615971851851817,0.04384769685073651,0.2583098434477502,-0.29753744308004676
stage13_steering,dev,encoder/mean_diff/per_language@-1.00,steering_primary,42,hi,0.5104654112751853,0.250002356047426,0.761332144003463,-0.6762567821851853,-0.7487487573898148,-0.604257138389815,-0.09050456682189224,0.7404399787465916,-3.3744028613441523
stage13_steering,dev,encoder/mean_diff/per_language@-1.00,steering_primary,42,uk,0.6188041208022221,0.43718827871756477,0.8070334962703425,-0.7682278664814817,-0.8189947971240742,-0.7177625570814815,-0.29641488521412745,1.2788121107830392,-5.901922800525208
stage13_steering,dev,encoder/mean_diff/per_language@-1.00,steering_primary,1337,es,0.2317884843174074,0.05112962053257409,0.41346080904065735,-0.08894805370370372,-0.16920900147222223,-0.02165469402777781,0.07178141578151825,0.4661359956389698,-0.4491277439835139
stage13_steering,dev,encoder/mean_diff/per_language@-1.00,steering_primary,1337,hi,0.7297918693803704,0.5124824275687871,0.9070545524868056,-0.6388498312037038,-0.7053172209939814,-0.5678874290388889,-0.09867928941172399,1.4040181269750445,-3.451662499178816
stage13_steering,dev,encoder/mean_diff/per_language@-1.00,steering_primary,1337,uk,0.6202377516355555,0.40638122692497225,0.8132672179358149,-0.8778496734925925,-0.9116597486533333,-0.8407246693481483,-0.25782804965688244,1.1190864725522944,-8.92628690706475
stage13_steering,dev,encoder/mean_diff/per_language@-1.00,steering_primary,2024,es,0.06858756679222221,-0.07320753852977778,0.20556436039805542,-0.03226205592592593,-0.08537383948148143,0.016196681314814807,0.0044245026067971805,0.18512046226301185,-0.24428858278573026
stage13_steering,dev,encoder/mean_diff/per_language@-1.00,steering_primary,2024,hi,0.10990350196518521,-0.10349879472176847,0.3225617124607222,-0.19332497259259263,-0.2742600519722222,-0.10741098625000003,-0.00699880293293879,0.19369008527797743,-0.8674472654534633
stage13_steering,dev,encoder/mean_diff/per_language@-1.00,steering_primary,2024,uk,0.6076569075292592,0.42366605677677777,0.7781088569105279,-0.8127142681466667,-0.8600477398938704,-0.7610443662337592,-0.27443270233586375,1.2528519507004303,-6.17293010229822
stage13_steering,dev,encoder/mean_diff/pooled_african@-1.00,steering_primary,1337,am,0.03167603032962963,-0.07829303582879628,0.1524769939387963,-0.027308737777777786,-0.06313142737037035,0.002483791277777779,0.020288553455743593,0.10284989281341143,-0.29020089719885284
stage13_steering,dev,encoder/mean_diff/pooled_all_balanced@+0.50,steering_primary,1337,am,0.03138905375925926,-0.000504449257314816,0.08405205414907409,-0.020717108888888888,-0.057440522490740734,0.0062697380925926,0.027171547074309937,0.22778152160376708,-0.223319709573647
stage13_steering,dev,encoder/mean_diff/pooled_all_balanced@+1.00,steering_primary,42,am,0.08241888105925925,-0.10695991176486114,0.26476604576430557,-0.3153837318518519,-0.4001252953611111,-0.23886353734259264,-0.104972778336772,0.1553738562838534,-1.499821512743242
stage13_steering,dev,encoder/mean_diff/pooled_all_balanced@+1.00,steering_primary,42,en,0.1848994480662963,0.03711503562146297,0.33286215051662976,-0.24117960901481486,-0.33698365145851855,-0.1561698266537037,-0.08413018956603711,0.46798320637169244,-0.9474474910434261
stage13_steering,dev,encoder/mean_diff/pooled_all_balanced@+1.00,steering_primary,42,es,0.34463245590444447,0.14899872856931484,0.5432349152166943,-0.30996677440740744,-0.41780719781111114,-0.20806138388888887,0.03494802653992808,0.6352138643175607,-1.1632632109612353
stage13_steering,dev,encoder/mean_diff/pooled_all_balanced@+1.00,steering_primary,42,hi,0.050915156365555575,-0.13327844240429626,0.25875146384614817,-0.30686575074074074,-0.3889420631666667,-0.23075694687962967,-0.04174221700731225,0.09802545852429007,-1.4519508607893066
stage13_steering,dev,encoder/mean_diff/pooled_all_balanced@+1.00,steering_primary,42,uk,0.17687648826296296,-0.04921575468850926,0.4136073866389349,-0.3099580996296296,-0.4045786501296296,-0.2236671733425926,-0.1345683344949848,0.28447880324548286,-1.2809923160040868
stage13_steering,dev,encoder/mean_diff/pooled_all_balanced@+1.00,steering_primary,1337,am,0.1279392598348148,-0.025743692302740734,0.2839271242415001,-0.2216127270370371,-0.29174998805555563,-0.1520115216481482,-0.06940300936242182,0.3073369892416908,-1.1989795807033412
stage13_steering,dev,encoder/mean_diff/pooled_all_balanced@+1.00,steering_primary,1337,en,0.11104209415666665,0.00024322252062037252,0.22368356134766673,-0.253966470937037,-0.3301735411030555,-0.18714487594444446,-0.15624745931002343,0.3471638373517143,-1.2627198424743196
stage13_steering,dev,encoder/mean_diff/pooled_all_balanced@+1.00,steering_primary,1337,es,0.29314546758037036,0.03784527761981481,0.5153924484939907,-0.26669876211111115,-0.3750180996444445,-0.17240903156481482,-0.044590858365218415,0.4859431207895826,-0.9982157392422023
stage13_steering,dev,encoder/mean_diff/pooled_all_balanced@+1.00,steering_primary,1337,uk,0.24983435845333335,-0.000448247447111008,0.471337269381574,-0.33729624091851856,-0.4255466790451853,-0.2509810627055556,-0.10579973361302003,0.3799322784019794,-1.3814038941899898
stage13_steering,dev,encoder/mean_diff/pooled_all_balanced@+1.00,steering_primary,2024,am,0.4755421561033334,0.25806918997504635,0.6630703041423609,-0.7298317766296297,-0.8024525332592592,-0.656871145025926,-0.20425878879541684,0.864239992023317,-3.5800945648627156
stage13_steering,dev,encoder/mean_diff/pooled_all_balanced@+1.00,steering_primary,2024,ar,0.3226159167274074,0.11542451074075942,0.538819418817648,-0.7465506124444444,-0.8326118332296295,-0.6524325088592592,-0.3335921411027093,0.5419122563039471,-2.954194614338178
stage13_steering,dev,encoder/mean_diff/pooled_all_balanced@+1.00,steering_primary,2024,de,0.3019884138496296,0.11918386157440751,0.5063344399044074,-0.5857196562407407,-0.6597848503185185,-0.5096420970800926,-0.3380907375835445,0.5768955040925193,-2.859647453647091
stage13_steering,dev,encoder/mean_diff/pooled_all_balanced@+1.00,steering_primary,2024,en,0.40665632224703707,0.22165897791375003,0.5917153964872871,-0.6841496141037037,-0.7666909002366666,-0.6034064130212963,-0.3488886063981661,0.8126832149046892,-3.0642974998040713
stage13_steering,dev,encoder/mean_diff/pooled_all_balanced@+1.00,steering_primary,2024,es,0.4505969769222222,0.23588200872575926,0.6569131139493332,-0.6979655755185185,-0.7759259443398149,-0.6194531094120371,-0.23701144586000503,0.796110651454357,-3.4601224683388017
stage13_steering,dev,encoder/mean_diff/pooled_all_balanced@+1.00,steering_primary,2024,hi,0.7532311274703704,0.5506486408535833,0.9221240620310648,-0.7037172810925925,-0.7666483865467592,-0.6318867033939816,-0.1129066712813326,1.5026542987616456,-3.853984021845789
stage13_steering,dev,encoder/mean_diff/pooled_all_balanced@+1.00,steering_primary,2024,uk,0.5558202307966668,0.37225292133160187,0.7397376114566759,-0.7083735504740741,-0.7761182416651851,-0.6412871633055556,-0.24472208868331247,1.1064500798621748,-3.74641876204795
stage13_steering,dev,encoder/mean_diff/pooled_all_balanced@-0.50,steering_primary,42,am,0.036056147212962956,-1.4085534907407691e-05,0.10779561630634257,-0.026796532592592594,-0.052883321055555516,-0.007152237787037037,0.009068643873936882,0.19430971667219235,-0.41780334144498454
stage13_steering,dev,encoder/mean_diff/pooled_all_balanced@-1.00,steering_primary,42,am,0.09220337561666668,0.007244603142592605,0.20092027058416667,-0.029635717777777782,-0.06447108767592594,0.005137850731481462,0.034964011487611815,0.3491659447726077,-0.3347121377294205
stage13_steering,dev,encoder/mean_diff/pooled_all_balanced@-1.00,steering_primary,42,es,0.14335360998444444,0.03547472394515741,0.2824112732164259,-0.0233282551851852,-0.04967073725925927,0.0032062919907407113,0.09591610048762717,0.42047188259435775,-0.34711074101253475
stage13_steering,dev,encoder/mean_diff/pooled_all_balanced@-1.00,steering_primary,2024,am,0.05024916198925925,-0.07640744569537959,0.17380470133311102,-0.04145557777777777,-0.08909701842592593,0.003478797481481477,-0.015373609565319439,0.15023166134658966,-0.3461190306583163
stage13_steering,dev,encoder/mean_diff/pooled_non_african@+0.50,steering_primary,1337,am,0.03372586378518519,-0.07677066362638887,0.14397874095555555,-0.025365481481481492,-0.05546302087962963,-0.0012380450000000053,0.013235976645420897,0.10306677122544922,-0.34430520727423963
stage13_steering,dev,encoder/mean_diff/pooled_non_african@+1.00,steering_primary,42,am,0.37778426180444447,0.17562278215450003,0.586692019177963,-0.6189132557777778,-0.6828158762888887,-0.5561024548055556,-0.1935034696296119,0.6986961465069338,-3.439569953588979
stage13_steering,dev,encoder/mean_diff/pooled_non_african@+1.00,steering_primary,42,ar,0.23916247107444447,0.05057909672617596,0.4454127353701481,-0.4887647014814815,-0.5763006366203703,-0.38932979030555565,-0.2432774093100853,0.44982946464307044,-1.865711426883818
stage13_steering,dev,encoder/mean_diff/pooled_non_african@+1.00,steering_primary,42,de,0.3534804002862963,0.13558630576216674,0.5676466286649073,-0.4709000347037037,-0.5472486392861111,-0.3937191276175926,-0.26246597924099263,0.6217589371787237,-2.273316382163346
stage13_steering,dev,encoder/mean_diff/pooled_non_african@+1.00,steering_primary,42,en,0.33281061647814814,0.14797908872035181,0.5178495406532315,-0.48005897392592595,-0.5626224547962964,-0.3861953058259259,-0.22590943972089306,0.6935092029847227,-1.9668106039541766
stage13_steering,dev,encoder/mean_diff/pooled_non_african@+1.00,steering_primary,42,es,0.5859088210155554,0.3662144337922963,0.7730747440787222,-0.5507404427037038,-0.645063216237037,-0.4479869509601853,-0.0644568410619322,1.0386211204523168,-2.1187289295696266
stage13_steering,dev,encoder/mean_diff/pooled_non_african@+1.00,steering_primary,42,hi,0.4871697975885186,0.22418932230180555,0.7346521597172869,-0.5741570443333333,-0.6540773174740739,-0.49382561412592596,-0.04268822610694642,0.7071281828970177,-2.5093384993290564
stage13_steering,dev,encoder/mean_diff/pooled_non_african@+1.00,steering_primary,42,uk,0.44432920929111114,0.27647209109225923,0.6206693316752128,-0.5823801832888889,-0.6582811104025926,-0.5038875718888889,-0.21817646065844087,0.9116887373446472,-2.8364432427891733
stage13_steering,dev,encoder/mean_diff/pooled_non_african@+1.00,steering_primary,1337,am,0.5136024956570371,0.33947628166311106,0.6951644000024352,-0.7103003685925926,-0.7821862394851852,-0.6305755484287038,-0.18396350004401063,1.0516077415793281,-3.19984551423957
stage13_steering,dev,encoder/mean_diff/pooled_non_african@+1.00,steering_primary,1337,ar,0.3392100632296296,0.11093849785703713,0.535296947192037,-0.647459165137037,-0.7329322055296298,-0.5576019564555557,-0.26949921915965575,0.5789270043217274,-2.707924085749159
stage13_steering,dev,encoder/mean_diff/pooled_non_african@+1.00,steering_primary,1337,de,0.22363322969000002,-0.03179825533901853,0.47894928675413895,-0.6125196005925925,-0.6931040306370371,-0.5371058060870371,-0.3788745787043722,0.3239177158041664,-2.9476109153776955
stage13_steering,dev,encoder/mean_diff/pooled_non_african@+1.00,steering_primary,1337,en,0.2580174944003704,0.07315417221260186,0.44298352199287966,-0.5837802654777777,-0.6699018313460187,-0.5025567186825,-0.3584291030630214,0.4928259642605594,-2.757918196350529
stage13_steering,dev,encoder/mean_diff/pooled_non_african@+1.00,steering_primary,1337,es,0.5788500375062963,0.40275104733414824,0.7563287957186852,-0.6547496381851853,-0.7409525102074075,-0.5704695222101852,-0.13788661148903536,1.1735395030696354,-2.7480752701880857
stage13_steering,dev,encoder/mean_diff/pooled_non_african@+1.00,steering_primary,1337,hi,0.6260827341177778,0.36642862209517596,0.8479212376145371,-0.6739144657407408,-0.7443975070944444,-0.5947785124833332,-0.10961549634316696,0.9225441924544795,-3.3230993968676246
stage13_steering,dev,encoder/mean_diff/pooled_non_african@+1.00,steering_primary,1337,uk,0.5824022658155555,0.3977508646206019,0.7529765606028703,-0.7109528962962963,-0.7816017541333333,-0.6406297823194445,-0.22163829946174005,1.1814972776605424,-3.7453250135807936
stage13_steering,dev,encoder/mean_diff/pooled_non_african@+1.00,steering_primary,2024,am,0.5043533746218519,0.32797581133137965,0.683059026132611,-0.8857946475803705,-0.9225402434825278,-0.850094267769287,-0.2207422175549293,1.017865080509466,-8.626701572965738
stage13_steering,dev,encoder/mean_diff/pooled_non_african@+1.00,steering_primary,2024,ar,0.4685410122977778,0.267823336718426,0.6750439037189445,-0.8057309791222222,-0.8612251167272224,-0.752136744237037,-0.34158967077458285,0.837019994995499,-5.148995027243324
stage13_steering,dev,encoder/mean_diff/pooled_non_african@+1.00,steering_primary,2024,de,0.35167484086888884,0.1400201473466667,0.5622667683171482,-0.7710355207037038,-0.8371532195527778,-0.7042887833694447,-0.3994116870417297,0.6559781623452708,-4.347195591324546
stage13_steering,dev,encoder/mean_diff/pooled_non_african@+1.00,steering_primary,2024,en,0.33292168813592604,0.18482160176823145,0.5177324181595093,-0.7305224019951851,-0.7823772734398705,-0.6767265687971666,-0.3785785488142968,0.6940869278599303,-4.7284062627751755
stage13_steering,dev,encoder/mean_diff/pooled_non_african@+1.00,steering_primary,2024,es,0.5517194080555555,0.3664327797071298,0.7359565413658148,-0.7898943034814815,-0.8345109671712962,-0.7424647225185184,-0.26500562805758066,1.0989178892425573,-6.40521673757387
stage13_steering,dev,encoder/mean_diff/pooled_non_african@+1.00,steering_primary,2024,hi,0.7560200805777776,0.5577593100452501,0.9213544843208611,-0.7526299424444444,-0.8039463469537036,-0.684615519711111,-0.12987423787409574,1.5211948726876172,-4.747170331400793
stage13_steering,dev,encoder/mean_diff/pooled_non_african@+1.00,steering_primary,2024,uk,0.6282757396359259,0.4432239507159075,0.777005204715676,-0.799151871925926,-0.8622654258722224,-0.738320576225926,-0.2715659914155,1.2856236639023693,-4.716374428250127
stage13_steering,dev,encoder/mean_diff/pooled_non_african@-0.50,steering_primary,42,am,0.03710010361666666,-0.005114161857314816,0.11422637901675925,-0.027794921481481487,-0.05264940930555559,-0.007652159629629628,0.008580494695625704,0.19859259950386637,-0.4404209158002499
stage13_steering,dev,encoder/mean_diff/pooled_non_african@-1.00,steering_primary,42,am,0.09248354185000002,0.007935368195462967,0.20082171381898148,-0.05156706185185186,-0.08760124934259259,-0.014530159129629629,0.02774925993190117,0.35035792082862427,-0.5103009155759871
stage13_steering,dev,encoder/mean_diff/pooled_non_african@-1.00,steering_primary,42,es,0.14523305547333332,0.035848728011981475,0.28860754581946296,-0.02873049629629632,-0.050759882111111126,-0.010374771268518525,0.10126761107870072,0.4188244646967776,-0.5210001542308076
stage13_steering,dev,encoder/mean_diff/pooled_non_african@-1.00,steering_primary,1337,am,0.11115227612185186,0.004654773050620376,0.24802422588757408,-0.0230861725925926,-0.06435572087037036,0.016155643490740744,0.03035281995810793,0.36275832308518324,-0.20477001601506076
stage13_steering,dev,encoder/mean_diff/pooled_non_african@-1.00,steering_primary,2024,am,0.04963819654925925,-0.10160785477183329,0.21778644506015732,-0.05522327703703703,-0.09978002446296294,-0.008939982148148165,-0.027680567176843796,0.11696811877592432,-0.44085475566780086
stage13_steering,dev,encoder/mean_diff/pooled_non_african@-1.00,steering_primary,2024,hi,0.02002059051814815,-0.12098485182172215,0.16551106120938888,-0.022079734444444443,-0.05758863562037038,0.011099322574074063,-0.02247060096470638,0.050235173650920104,-0.2378309211418618
stage13_steering,dev,encoder/probe/per_language@+1.00,steering_primary,2024,hi,0.07501055897370369,-2.0190492222222232e-05,0.18432957786894444,-0.022547101481481483,-0.051655898814814805,-0.0004483547685185207,0.034486477821345236,0.2880505352505467,-0.3032734918544854
stage13_steering,dev,encoder/probe/pooled_all_balanced@+0.50,steering_primary,2024,hi,0.03958968908444445,-4.0273471990740754e-05,0.1161482411679537,-0.023509927037037043,-0.051947195611111094,-0.0023101555092592653,0.00789340445969401,0.2062372204227423,-0.3183052965205766
stage13_steering,dev,encoder/probe/pooled_all_balanced@+1.00,steering_primary,2024,hi,0.039589699455185194,-4.027348185185186e-05,0.11350742957348148,-0.023509947777777786,-0.0542220845462963,-0.0014112162685185256,0.007893417385320109,0.20623727033809827,-0.31830561387810186
stage13_steering,dev,encoder/probe/pooled_non_african@+0.50,steering_primary,2024,hi,0.03958969943592593,-2.0899533620369935e-05,0.11616844218592591,-0.023509935555555556,-0.052806466518518516,-0.0014111888888888899,0.007893404414955138,0.2062372702333383,-0.318305479573127
stage13_steering,dev,encoder/probe/pooled_non_african@+1.00,steering_primary,2024,hi,0.03958969943592593,-4.027350111111112e-05,0.11616833467740742,-0.023509935555555556,-0.05102414279629628,-0.002287717500000019,0.007893404414955138,0.2062372702333383,-0.318305479573127
stage13_steering,test,encoder/mean_diff/per_language@+0.50,steering_primary,42,en,0.1909453789103846,0.03837403990384616,0.34507583026792316,-0.056700029615384624,-0.10220009317307692,-0.016923626451923086,0.07652415799281755,0.4766511959189565,-0.4658130695954132
stage13_steering,test,encoder/mean_diff/per_language@+0.50,steering_primary,1337,en,0.12468039133230767,-0.01921770955957693,0.3062661885946635,-0.03187684384615384,-0.06463943672115385,0.007225742846153826,0.04053205694455397,0.30663007572013956,-0.34483134937891563
stage13_steering,test,encoder/mean_diff/per_language@+0.50,steering_primary,1337,hi,0.0382432898326923,-0.004260100566913465,0.11683918989193269,-0.03337488846153846,-0.0826890588076923,0.007198909586538457,0.010732547233410829,0.19515972785190994,-0.29815504092866363
stage13_steering,test,encoder/mean_diff/per_language@+0.50,steering_primary,2024,en,0.15369761908461535,-0.03840106400547117,0.3458488433360769,-0.054345817692307695,-0.10779116396153843,-0.014078318163461546,0.01256725795188864,0.2836664661197656,-0.41557713609100855
stage13_steering,test,encoder/mean_diff/pooled_african@+1.00,steering_primary,1337,hi,0.03626081399038461,-0.0065123723841634664,0.11506672538542308,-0.027142566153846154,-0.07042884648076918,0.008301485403846155,0.004377351639512582,0.18486720273570226,-0.25229812865452034
stage13_steering,test,encoder/mean_diff/pooled_non_african@-0.50,steering_primary,1337,hi,0.03826224070192307,-0.004124061198557696,0.11699004132459616,-0.030499386538461546,-0.07499706259615384,0.006917879528846141,0.010752666572660937,0.19526017160062223,-0.26986024895331995
stage13_steering,test,encoder/mean_diff/pooled_non_african@-0.50,steering_primary,2024,es,0.01643665805038462,-0.09826162506444228,0.13140332647725,-0.02120410038461538,-0.056659781403846136,0.003999272634615376,-0.005264863770405547,0.055856751958869966,-0.25597484676794563
stage13_steering,test,encoder/mean_diff/pooled_non_african@-1.00,steering_primary,42,en,0.03902048592884615,-0.11447014385017308,0.19237879348991346,-0.025313074230769242,-0.06595026511538461,0.010274101548076925,-0.005346710466393623,0.08794503782606179,-0.26556761256674905
stage13_steering,test,encoder/mean_diff/pooled_non_african@-1.00,steering_primary,1337,am,0.15120626623884614,0.038742340991125,0.30132406029644226,-0.0332486203846154,-0.07807627188461541,0.008730160394230753,0.05628317440765889,0.42753211136702163,-0.28165241120255174
stage13_steering,test,encoder/mean_diff/pooled_non_african@-1.00,steering_primary,1337,hi,0.03896710813884615,0.00020115586001923257,0.11535972461277884,-0.047356393461538464,-0.09000297021153846,-0.005457434567307702,0.016042732192625284,0.2007990436757703,-0.42328539224827927
stage13_steering,test,encoder/mean_diff/pooled_non_african@-1.00,steering_primary,2024,am,0.10487441409076924,-0.0002253925251922208,0.23389638549730773,-0.038816402307692316,-0.08756374532692307,-0.001287723221153856,0.04169533428635091,0.34209147344639046,-0.35598023475648916
stage13_steering,test,encoder/mean_diff/pooled_non_african@-1.00,steering_primary,2024,es,0.01722038924576924,-0.08559914143001922,0.12417511220607694,-0.020058106153846147,-0.05267637513461537,0.006840824490384612,-0.013452490336164366,0.058432524313965784,-0.25715573519541923
stage13_steering,test,encoder/probe/pooled_all_balanced@+1.00,steering_primary,42,es,0.02717249885769231,-0.0813523159259903,0.1438903579340384,-0.024538968076923073,-0.05190682638461535,-0.00013754923076923455,-0.004359894890079938,0.09107142306114625,-0.35921949415030585
stage14_transfer,dev,encoder/mean_diff/YO_XH@-1.00,transfer_primary,1337,am,0.03167602927592592,-0.07401596103712961,0.14165732621282406,-0.027308730000000007,-0.07037684406481481,9.071436111111257e-05,0.020288545808091203,0.10284988934533251,-0.2902008627971634
stage14_transfer,dev,encoder/mean_diff/within_language@+0.50,transfer_primary,2024,en,0.11217071178555556,-0.035809304101037026,0.2613329009367593,-0.10153142074074074,-0.1461202278703704,-0.05766093385185185,-0.03193130828649974,0.2652296240303966,-0.7908388636888378
stage14_transfer,dev,encoder/mean_diff/within_language@+1.00,transfer_primary,42,en,0.4806056383540741,0.2956341590001481,0.6655596034892962,-0.8392868502074075,-0.8803025817783333,-0.792219445601852,-0.36712536763926124,0.944986894200436,-7.06352154047681
stage14_transfer,dev,encoder/mean_diff/within_language@+1.00,transfer_primary,1337,am,0.05433257699777777,-0.07435450171644445,0.19496569993138887,-0.03624855592592593,-0.07016765305555553,-0.008895840564814817,-5.9250935599832576e-05,0.15868193085527116,-0.40130511316450673
stage14_transfer,dev,encoder/mean_diff/within_language@+1.00,transfer_primary,1337,en,0.4062531609692592,0.2213953162742778,0.5911642831845834,-0.8317700642111112,-0.8598463887321296,-0.7975584470014815,-0.4436818833092059,0.8124136616940268,-9.848765722356072
stage14_transfer,dev,encoder/mean_diff/within_language@+1.00,transfer_primary,1337,hi,0.03999861171740739,-0.07292498563471297,0.15496440653147223,-0.021291741851851852,-0.05480506649074073,0.008250065907407391,-0.00015280518065161666,0.12014553701151569,-0.25391646427886766
stage14_transfer,dev,encoder/mean_diff/within_language@+1.00,transfer_primary,2024,en,0.3842090432159259,0.17841322883182406,0.5839879328944444,-0.7919485692592593,-0.8288936534740738,-0.7577520767805553,-0.3991293288999754,0.7026888108557279,-8.740325505368611
stage14_transfer,dev,encoder/mean_diff/within_language@-1.00,transfer_primary,42,es,0.10761635992555554,-0.039442791445666675,0.2553706452984074,-0.03587465222222224,-0.08337752422222224,0.0038239898518518346,0.04384769317613652,0.2583097996177442,-0.29753753138458905
stage14_transfer,dev,encoder/mean_diff/within_language@-1.00,transfer_primary,42,hi,0.5104654107048149,0.2521212405534075,0.7332193655810928,-0.6762567650740741,-0.7465463264157406,-0.6070485048472223,-0.09050456462823152,0.7404399774498498,-3.37440244636031
stage14_transfer,dev,encoder/mean_diff/within_language@-1.00,transfer_primary,42,uk,0.6188041208022221,0.4430143458571297,0.7948247308881481,-0.7682279052592593,-0.8164920049851853,-0.7191570391944444,-0.2964148852853529,1.2788121107830392,-5.901923167883653
stage14_transfer,dev,encoder/mean_diff/within_language@-1.00,transfer_primary,1337,es,0.2317884843174074,0.06412515622981481,0.4166061826881203,-0.08894805370370372,-0.16364776281481475,-0.022334673851851884,0.07178141578151825,0.4661359956389698,-0.4491277439835139
stage14_transfer,dev,encoder/mean_diff/within_language@-1.00,transfer_primary,1337,hi,0.7297918693803704,0.5336456981514264,0.9106549054227407,-0.6388498312037038,-0.7006219836236109,-0.5588456538694445,-0.09867928941172399,1.4040181269750445,-3.451662499178816
stage14_transfer,dev,encoder/mean_diff/within_language@-1.00,transfer_primary,1337,uk,0.6202377516355555,0.4016550388512038,0.8063943357856573,-0.8778496734925925,-0.9146331870811112,-0.8434818762599074,-0.25782804965688244,1.1190864725522944,-8.92628690706475
stage14_transfer,dev,encoder/mean_diff/within_language@-1.00,transfer_primary,2024,es,0.06858759628592592,-0.042780289720703725,0.2105833401653333,-0.03226204555555557,-0.08629487957407408,0.012193176972222202,0.00442457358481398,0.185120647096052,-0.24428856804876603
stage14_transfer,dev,encoder/mean_diff/within_language@-1.00,transfer_primary,2024,hi,0.10990345832222224,-0.10275725525457403,0.326146580783463,-0.19332493740740744,-0.27974287086111105,-0.11312896128703705,-0.006998827529604563,0.19368995826068194,-0.8674471787550022
stage14_transfer,dev,encoder/mean_diff/within_language@-1.00,transfer_primary,2024,uk,0.6076569774137036,0.42490660380572226,0.7742908956908519,-0.8127142036166667,-0.8598678457453705,-0.7616514588503241,-0.2744326991550317,1.252852120826911,-6.1729295791937995
stage14_transfer,dev,encoder/probe/within_language@+1.00,transfer_primary,2024,hi,0.07501057451,-2.0082996296296302e-05,0.18437740552873147,-0.02254710444444444,-0.054675370018518514,-0.0004467620925925947,0.03448648773947941,0.28805059512249,-0.30327353551485686
stage14_transfer,dev,encoder/random/YO_XH@+0.50,transfer_random_control,2024,am,0.10758606981259261,0.0061738612493148085,0.2302346552387037,-0.06512080296296296,-0.11696154607407405,-0.014401415250000008,0.018226660003116815,0.3468086137962332,-0.4745305025682831
stage14_transfer,dev,encoder/random/YO_XH@+1.00,transfer_random_control,1337,am,0.042570911357037035,0.0003063803674999973,0.1265783603488889,-0.02002822962962963,-0.05890768423148148,0.014243097444444432,0.011713289681697499,0.22369679577032953,-0.1922354219494188
stage14_transfer,dev,encoder/random/YO_XH@+1.00,transfer_random_control,2024,am,0.24087351042,0.08582657045499999,0.4016666775287037,-0.24654968666666668,-0.32133756439814815,-0.17525943112037037,-0.05368420854676165,0.5349223189556346,-1.307269369996758
stage14_transfer,dev,encoder/random/YO_XH@+1.00,transfer_random_control,2024,de,0.11504918059148148,-0.025537043351296296,0.26501469782856474,-0.1262877914814815,-0.18909812630555559,-0.06882471260185187,-0.07778453043200831,0.3000330093530747,-0.7741335906068504
stage14_transfer,dev,encoder/random/YO_XH@+1.00,transfer_random_control,2024,en,0.10403268805629631,-0.036990383224712965,0.2520270034443148,-0.1360886959259259,-0.20748519542592594,-0.07065591962037036,-0.05284760918661519,0.2541994170771666,-0.7108503625603343
stage14_transfer,dev,encoder/random/YO_XH@+1.00,transfer_random_control,2024,hi,0.10979290209259261,-0.056180913504194435,0.2750970956007407,-0.13110887296296295,-0.1815619547222222,-0.08543195315740743,0.012139045243641185,0.22707537817162537,-1.0338619341783957
stage14_transfer,dev,encoder/random/YO_XH@+1.00,transfer_random_control,2024,uk,0.1467512807811111,-0.07652670057490742,0.3683810534541944,-0.1163579451851852,-0.19155749534259264,-0.05495796593518521,-0.007043068770112508,0.24443478427910342,-0.6605251268506436
stage14_transfer,dev,encoder/random/YO_XH@-1.00,transfer_random_control,42,am,0.08582751949629631,-0.09451035506212958,0.2616673872944445,-0.08088307851851854,-0.13419797598148148,-0.028668208675925934,-0.03106691490613083,0.1910272554966235,-0.568325443897971
stage14_transfer,dev,encoder/random/YO_XH@-1.00,transfer_random_control,42,en,0.1479789128688889,-1.3506508000004798e-05,0.29697524253173985,-0.03919007592592593,-0.0821274091111111,-0.001631250120370375,0.09343765085933867,0.32487631847710513,-0.3355022702738519
stage14_transfer,dev,encoder/random/YO_XH@-1.00,transfer_random_control,42,es,0.1448939683677778,0.03490953532703703,0.2909447794791667,-0.026874938888888904,-0.04894916735185186,-0.00697682317592594,0.10343043947582803,0.41036385926850333,-0.4876037798802176
stage14_transfer,dev,encoder/random/YO_XH@-1.00,transfer_random_control,42,uk,0.06520685819703703,-0.0735902491300185,0.1947701210206574,-0.0246463525925926,-0.05223285477777776,-0.001580750490740762,0.02734619159110256,0.1791438853573606,-0.3383822644075728
stage14_transfer,dev,encoder/random/YO_XH@-1.00,transfer_random_control,2024,am,0.14883904715333335,-0.030533510794037027,0.32777754991348146,-0.2508517059259259,-0.33260000253703703,-0.16741706975925927,-0.09224325065164941,0.30595371567607005,-1.1058237189883087
stage14_transfer,dev,encoder/random/YO_XH@-1.00,transfer_random_control,2024,de,0.10176672706518518,-0.047409802094999884,0.2565312501480926,-0.14629711407407409,-0.21051431857407407,-0.08919958986111115,-0.1113426573965605,0.24051343936842634,-0.9054821898956213
stage14_transfer,dev,encoder/random/YO_XH@-1.00,transfer_random_control,2024,en,0.11052192575925929,-0.07387893684796296,0.29501648413249076,-0.2714776088888889,-0.3577834898148147,-0.18630252990740742,-0.17447304548625103,0.2190048261620075,-1.1251151781576216
stage14_transfer,dev,encoder/random/YO_XH@-1.00,transfer_random_control,2024,es,0.1656249330562963,0.0001746195488148239,0.3327088837714075,-0.15800741592592596,-0.22410446537962966,-0.10120191790740743,-0.05359928416458356,0.361709950816534,-0.9739316303887694
stage14_transfer,dev,encoder/random/YO_XH@-1.00,transfer_random_control,2024,hi,0.0719436464522222,-0.09203917076919442,0.24541334745966667,-0.12541215148148147,-0.1947247726481482,-0.05930680819444447,-0.015662735789380593,0.16182990746897735,-0.7190540759506251
stage14_transfer,dev,encoder/random/YO_XH@-1.00,transfer_random_control,2024,uk,0.1596359019440741,-0.051720888170972215,0.37409988027534247,-0.14950054000000002,-0.20686729329629625,-0.09254720314814814,-0.061782275358541916,0.2744929081569196,-0.9956217704381278
stage14_transfer,dev,encoder/random/within_language@+0.50,transfer_random_control,1337,am,0.04209021315888889,-0.00022436527972222444,0.1270121594807499,-0.022055143703703716,-0.05507769089814816,-0.0016878424074074218,0.023852621118301894,0.21962157941652025,-0.27422169497806304
stage14_transfer,dev,encoder/random/within_language@+0.50,transfer_random_control,1337,de,0.29484130251592594,0.11021465473410184,0.48040455264675913,-0.735300568962963,-0.810878917137037,-0.6573985803564814,-0.42043608603603544,0.5470311077379981,-3.690131713614511
stage14_transfer,dev,encoder/random/within_language@+1.00,transfer_random_control,42,am,0.03844014058185184,-0.07471290693676853,0.16106805988278666,-0.021730962592592593,-0.04905324851851851,2.683481481484594e-06,0.0062868537057736654,0.1173053061042069,-0.3376799756533655
stage14_transfer,dev,encoder/random/within_language@+1.00,transfer_random_control,42,de,0.18155226921111112,-0.036108254070490745,0.40085495994345377,-0.39735017862962957,-0.4892173604074075,-0.31051425517592585,-0.26055815178364977,0.3286390608974044,-1.6319976996504981
stage14_transfer,dev,encoder/random/within_language@+1.00,transfer_random_control,1337,am,0.07783059838296297,-0.0002652088713888761,0.1860025023092963,-0.04826388333333335,-0.09675319299074074,-0.008259570101851875,0.022540491876343313,0.29685531489202194,-0.4010301076030687
stage14_transfer,dev,encoder/random/within_language@+1.00,transfer_random_control,1337,ar,0.3024313374748149,0.14484267751988894,0.4654395920280555,-0.5670591970259259,-0.6770969092792593,-0.454995642612963,-0.2586590019545273,0.6866700773334717,-1.9075486196071076
stage14_transfer,dev,encoder/random/within_language@+1.00,transfer_random_control,1337,de,0.40557721141962966,0.2219118763087407,0.5905168174593705,-0.8940447065666667,-0.9153580235546298,-0.8715992234388887,-0.46189384598454675,0.815291092604738,-15.069790271258771
stage14_transfer,dev,encoder/random/within_language@+1.00,transfer_random_control,1337,es,0.15191747883259257,0.0024935633264074027,0.3325299689988518,-0.0909561777777778,-0.1366172945185185,-0.050833135074074075,0.04264521690304575,0.33753046948768256,-0.7955450062055068
stage14_transfer,dev,encoder/random/within_language@+1.00,transfer_random_control,1337,hi,0.8092349944307408,0.6606155942832223,0.9232519117447594,-0.8007259703333333,-0.8490734744972224,-0.7347162586898149,-0.13391266944688063,2.0682318173912506,-5.4791845892213065
stage14_transfer,dev,encoder/random/within_language@+1.00,transfer_random_control,2024,ar,0.031542394445925936,-0.1542755330513888,0.22093324849281484,-0.27869502343333336,-0.39304789314203703,-0.17320858792842603,-0.22697475419087973,0.05878889973594104,-0.9299935334449096
stage14_transfer,dev,encoder/random/within_language@+1.00,transfer_random_control,2024,uk,0.44533799379518524,0.2617335712444259,0.6304485818572776,-0.6950853376296295,-0.7651506770444445,-0.6257639528351853,-0.2400803328341331,0.8836540161809661,-3.508729272002017
stage14_transfer,dev,encoder/random/within_language@-1.00,transfer_random_control,42,es,0.4744706692818519,0.22015112323773145,0.6979222237888055,-0.4370687287777779,-0.5456721392111111,-0.34086831330185186,-0.05115683560708409,0.7459407060145449,-1.615843294610463
stage14_transfer,dev,encoder/random/within_language@-1.00,transfer_random_control,42,uk,0.6181469678392593,0.44174752002432405,0.7963392722426388,-0.7067275747407407,-0.7526643348851851,-0.6593650308518518,-0.26837327635145963,1.278268601637415,-5.86003478772333
stage14_transfer,dev,encoder/random/within_language@-1.00,transfer_random_control,1337,en,0.037033221221481484,-0.07405614143114815,0.18499678326777777,-0.03250868925925927,-0.07382547130555557,-0.0012280012407407698,-0.03646773533397451,0.10984265358842364,-0.31584610425225135
stage14_transfer,dev,encoder/random/within_language@-1.00,transfer_random_control,2024,am,0.48428420136259254,0.3114833774823982,0.6537212585420461,-0.8632417073544444,-0.9141556397104535,-0.8097274500481482,-0.22169438782153655,1.0186130026802496,-6.11995941681567
stage14_transfer,dev,encoder/random/within_language@-1.00,transfer_random_control,2024,de,0.3437174849377777,0.17890257044468524,0.5180829684418704,-0.4954872703703703,-0.5920584959425925,-0.4033613218703704,-0.29093944395184623,0.7427267515781955,-2.0096398155188853
stage14_transfer,dev,encoder/random/within_language@-1.00,transfer_random_control,2024,en,0.03557234493518519,-0.1494608914531296,0.25616201695216667,-0.20095766592592595,-0.2811417762037036,-0.12786469520370372,-0.14663020633741816,0.06880494390013563,-0.9686869376168538
stage14_transfer,dev,encoder/random/within_language@-1.00,transfer_random_control,2024,hi,0.5889907700733333,0.3412665084546575,0.8062610541046203,-0.776748945074074,-0.8347199865027778,-0.707255666212037,-0.13339886559938355,0.9372804962354965,-4.649438297392082
