seed,side,layer,token_set,language,k,d_sae,expansion,n_train_tokens,tokens_per_latent,sampling,train_recon_mse,train_explained_variance,train_mean_l0,train_dead_feature_rate,train_n_alive_features,train_all_finite,dev_recon_mse,dev_explained_variance,dev_mean_l0,dev_dead_feature_rate,dev_n_alive_features,dev_all_finite,below_min_tokens,status
42,encoder,6,content,am,64,768,1,10283,13.389322916666666,per-language (am),0.009761389344930649,0.9864872187681445,64.0,0.02473958395421505,749,True,0.013752051629126072,0.9811189150810735,64.0,0.0481770858168602,731,True,False,exploratory (underdetermined)
42,encoder,6,content,ar,64,768,1,6170,8.033854166666666,per-language (ar),0.009363372810184956,0.9884370060367361,64.0,0.0260416679084301,748,True,0.019986020401120186,0.9716133780888191,64.0,0.0598958358168602,722,True,False,exploratory (underdetermined)
42,encoder,6,content,de,64,768,1,7342,9.559895833333334,per-language (de),0.010155715048313141,0.9854064087535869,64.0,0.014322916977107525,757,True,0.020183298736810684,0.9714756060899365,63.999996185302734,0.0377604179084301,739,True,False,exploratory (underdetermined)
42,encoder,6,content,en,64,768,1,4350,5.6640625,per-language (en),0.008871914818882942,0.990115044725653,64.0,0.0677083358168602,716,True,0.01845819316804409,0.9799360295295015,64.0,0.1119791716337204,682,True,False,exploratory (underdetermined)
42,encoder,6,content,es,64,768,1,5121,6.66796875,per-language (es),0.009106045588850975,0.9879443430603106,64.0,0.0182291679084301,754,True,0.02008974365890026,0.9730537207872902,64.0,0.0520833358168602,728,True,False,exploratory (underdetermined)
42,encoder,6,content,hi,64,768,1,5652,7.359375,per-language (hi),0.007832998409867287,0.9896572738209622,63.999996185302734,0.010416666977107525,760,True,0.016295691952109337,0.9767453422222916,63.999996185302734,0.0442708358168602,734,True,False,exploratory (underdetermined)
42,encoder,6,content,uk,64,768,1,5237,6.819010416666667,per-language (uk),0.008719518780708313,0.9890462462277132,64.0,0.0260416679084301,748,True,0.01986328884959221,0.9756906361233508,64.0,0.05859375,723,True,False,exploratory (underdetermined)
42,encoder,6,content,xh,64,768,1,3094,4.028645833333333,per-language (xh),0.00538970110937953,0.9914938941321063,63.99871063232422,0.10546875,687,True,0.013629179447889328,0.9803053438976025,63.999996185302734,0.14453125,657,True,False,exploratory (underdetermined)
42,encoder,6,content,yo,64,768,1,4721,6.147135416666667,per-language (yo),0.004726583603769541,0.9949640325072833,64.0,0.1796875,630,True,0.006849873345345259,0.9926560075224387,64.0,0.22265625,597,True,False,exploratory (underdetermined)
42,decoder,6,content,am,64,768,1,10039,13.071614583333334,per-language (am),0.0949711725115776,0.9000524255147413,64.0,0.0,768,True,0.2090628743171692,0.7816354970877807,64.0,0.0,768,True,False,exploratory (underdetermined)
42,decoder,6,content,ar,64,768,1,5926,7.716145833333333,per-language (ar),0.06968100368976593,0.918644617985451,64.0,0.0,768,True,0.3078337013721466,0.6494369584730717,64.0,0.0,768,True,False,exploratory (underdetermined)
42,decoder,6,content,de,64,768,1,7098,9.2421875,per-language (de),0.08775287121534348,0.9036830510642887,64.0,0.0,768,True,0.30910977721214294,0.6578169133585864,64.0,0.0,768,True,False,exploratory (underdetermined)
42,decoder,6,content,en,64,768,1,4106,5.346354166666667,per-language (en),0.05073462426662445,0.9433199953150808,64.0,0.0,768,True,0.2841300964355469,0.6756186346406932,64.0,0.0,768,True,False,exploratory (underdetermined)
42,decoder,6,content,es,64,768,1,4877,6.350260416666667,per-language (es),0.07385369390249252,0.9222226694933363,64.0,0.0,768,True,0.31931746006011963,0.6511429935421787,63.999996185302734,0.0,768,True,False,exploratory (underdetermined)
42,decoder,6,content,hi,64,768,1,5408,7.041666666666667,per-language (hi),0.06391700357198715,0.9352244700495546,64.0,0.0,768,True,0.2709294855594635,0.7235800105786687,64.0,0.0,768,True,False,exploratory (underdetermined)
42,decoder,6,content,uk,64,768,1,4993,6.501302083333333,per-language (uk),0.062169428914785385,0.9299770641872944,64.0,0.0,768,True,0.3408806025981903,0.609380867502864,64.0,0.0,768,True,False,exploratory (underdetermined)
42,decoder,6,content,xh,64,768,1,2850,3.7109375,per-language (xh),0.033902790397405624,0.9697374985719414,64.0,0.0013020833721384406,767,True,0.22016625106334686,0.793946366921251,63.999996185302734,0.0013020833721384406,767,True,False,exploratory (underdetermined)
42,decoder,6,content,yo,64,768,1,4477,5.829427083333333,per-language (yo),0.017054634168744087,0.9778445914170842,64.0,0.0013020833721384406,767,True,0.06388771533966064,0.9165622299623533,64.0,0.0013020833721384406,767,True,False,exploratory (underdetermined)
1337,encoder,6,content,am,64,768,1,10283,13.389322916666666,per-language (am),0.009655238129198551,0.9866337852706543,64.0,0.01171875,759,True,0.013745416887104511,0.9811268881423223,64.0,0.0390625,738,True,False,exploratory (underdetermined)
1337,encoder,6,content,ar,64,768,1,6170,8.033854166666666,per-language (ar),0.009309089742600918,0.9885478851179182,64.0,0.01171875,759,True,0.019990313798189163,0.9717908736696333,64.0,0.0442708358168602,734,True,False,exploratory (underdetermined)
1337,encoder,6,content,de,64,768,1,7342,9.559895833333334,per-language (de),0.00976757612079382,0.9857667242384823,64.0,0.014322916977107525,757,True,0.020017540082335472,0.9713298358908422,63.999996185302734,0.0390625,738,True,False,exploratory (underdetermined)
1337,encoder,6,content,en,64,768,1,4350,5.6640625,per-language (en),0.007369146682322025,0.9915149672582737,64.0,0.02734375,747,True,0.018887558951973915,0.9786930456463493,64.0,0.0833333358168602,704,True,False,exploratory (underdetermined)
1337,encoder,6,content,es,64,768,1,5121,6.66796875,per-language (es),0.008548920974135399,0.9882194221049433,64.0,0.01171875,759,True,0.019966406747698784,0.9719950088625031,64.0,0.0442708358168602,734,True,False,exploratory (underdetermined)
1337,encoder,6,content,hi,64,768,1,5652,7.359375,per-language (hi),0.007982522249221802,0.9893763365495092,63.999996185302734,0.0390625,738,True,0.01625833474099636,0.9765929192784015,63.999996185302734,0.0598958358168602,722,True,False,exploratory (underdetermined)
1337,encoder,6,content,uk,64,768,1,5237,6.819010416666667,per-language (uk),0.008657146245241165,0.9891174579377486,64.0,0.0221354179084301,751,True,0.020066335797309875,0.9755608013710919,64.0,0.0559895858168602,725,True,False,exploratory (underdetermined)
1337,encoder,6,content,xh,64,768,1,3094,4.028645833333333,per-language (xh),0.005383344832807779,0.9911104627268615,64.0,0.11328125,681,True,0.013381769880652428,0.9797029144025945,63.999996185302734,0.1484375,654,True,False,exploratory (underdetermined)
1337,encoder,6,content,yo,64,768,1,4721,6.147135416666667,per-language (yo),0.00479030329734087,0.9947135193779231,64.0,0.1705729216337204,637,True,0.0070372992195189,0.9921542842388942,64.0,0.2369791716337204,586,True,False,exploratory (underdetermined)
1337,decoder,6,content,am,64,768,1,10039,13.071614583333334,per-language (am),0.0953378677368164,0.9005638323858479,64.0,0.0,768,True,0.20682957768440247,0.7850702079206716,64.0,0.0,768,True,False,exploratory (underdetermined)
1337,decoder,6,content,ar,64,768,1,5926,7.716145833333333,per-language (ar),0.0673811212182045,0.9202591207566397,64.0,0.0,768,True,0.2991750240325928,0.6571757537398908,64.0,0.0,768,True,False,exploratory (underdetermined)
1337,decoder,6,content,de,64,768,1,7098,9.2421875,per-language (de),0.08472203463315964,0.902944597364931,64.0,0.0,768,True,0.298370897769928,0.6558841509617181,64.0,0.0,768,True,False,exploratory (underdetermined)
1337,decoder,6,content,en,64,768,1,4106,5.346354166666667,per-language (en),0.050301775336265564,0.9431814974306606,64.0,0.0,768,True,0.2813585698604584,0.674452436686453,64.0,0.0,768,True,False,exploratory (underdetermined)
1337,decoder,6,content,es,64,768,1,4877,6.350260416666667,per-language (es),0.07201630622148514,0.9223381434755419,64.0,0.0,768,True,0.3174596428871155,0.6462200000462945,63.999996185302734,0.0,768,True,False,exploratory (underdetermined)
1337,decoder,6,content,hi,64,768,1,5408,7.041666666666667,per-language (hi),0.06392467767000198,0.935236576204558,64.0,0.0,768,True,0.27108365297317505,0.7243157781825358,64.0,0.0,768,True,False,exploratory (underdetermined)
1337,decoder,6,content,uk,64,768,1,4993,6.501302083333333,per-language (uk),0.05989964306354523,0.930191445118015,64.0,0.0,768,True,0.332954466342926,0.6083457434771626,64.0,0.0,768,True,False,exploratory (underdetermined)
1337,decoder,6,content,xh,64,768,1,2850,3.7109375,per-language (xh),0.03703366219997406,0.9681272969668819,64.0,0.0013020833721384406,767,True,0.23347550630569458,0.7905028574823731,63.999996185302734,0.0013020833721384406,767,True,False,exploratory (underdetermined)
1337,decoder,6,content,yo,64,768,1,4477,5.829427083333333,per-language (yo),0.01925472915172577,0.9764627217644811,64.0,0.0013020833721384406,767,True,0.07219517230987549,0.9113427392698535,64.0,0.0026041667442768812,766,True,False,exploratory (underdetermined)
2024,encoder,6,content,am,64,768,1,10283,13.389322916666666,per-language (am),0.008982615545392036,0.9890539909144151,64.0,0.02734375,747,True,0.012112922966480255,0.9860141397601093,64.0,0.0598958358168602,722,True,False,exploratory (underdetermined)
2024,encoder,6,content,ar,64,768,1,6170,8.033854166666666,per-language (ar),0.008546977303922176,0.9899045601395741,64.0,0.0234375,750,True,0.016965456306934357,0.9770755543773167,64.0,0.07421875,711,True,False,exploratory (underdetermined)
2024,encoder,6,content,de,64,768,1,7342,9.559895833333334,per-language (de),0.009430214762687683,0.9871976152067359,64.0,0.03125,744,True,0.017477484419941902,0.97570052991012,63.999996185302734,0.0546875,726,True,False,exploratory (underdetermined)
2024,encoder,6,content,en,64,768,1,4350,5.6640625,per-language (en),0.0069273957051336765,0.9921886046050443,64.0,0.0325520858168602,743,True,0.015612391754984856,0.9822137729531777,64.0,0.0703125,714,True,False,exploratory (underdetermined)
2024,encoder,6,content,es,64,768,1,5121,6.66796875,per-language (es),0.009481634944677353,0.9869024990176728,64.0,0.0611979179084301,721,True,0.018063010647892952,0.97538751611552,64.0,0.09765625,693,True,False,exploratory (underdetermined)
2024,encoder,6,content,hi,64,768,1,5652,7.359375,per-language (hi),0.008475439622998238,0.9900297447599222,63.999996185302734,0.08203125,705,True,0.014471786096692085,0.9822012809808673,63.999183654785156,0.1197916716337204,676,True,False,exploratory (underdetermined)
2024,encoder,6,content,uk,64,768,1,5237,6.819010416666667,per-language (uk),0.008512617088854313,0.9897360803990563,64.0,0.02473958395421505,749,True,0.018074560910463333,0.9775460654119906,64.0,0.0677083358168602,716,True,False,exploratory (underdetermined)
2024,encoder,6,content,xh,64,768,1,3094,4.028645833333333,per-language (xh),0.005063568241894245,0.9916775351170498,64.0,0.12890625,669,True,0.011946724727749825,0.9812312769336716,63.999996185302734,0.171875,636,True,False,exploratory (underdetermined)
2024,encoder,6,content,yo,64,768,1,4721,6.147135416666667,per-language (yo),0.00482906261458993,0.9946750925232594,64.0,0.1653645932674408,641,True,0.006723254453390837,0.9924368594970446,64.0,0.2317708432674408,590,True,False,exploratory (underdetermined)
2024,decoder,6,content,am,64,768,1,10039,13.071614583333334,per-language (am),0.09673511981964111,0.8987975444384032,64.0,0.0,768,True,0.21081894636154175,0.7799273935603631,64.0,0.0,768,True,False,exploratory (underdetermined)
2024,decoder,6,content,ar,64,768,1,5926,7.716145833333333,per-language (ar),0.06865648180246353,0.9197661361156607,64.0,0.0,768,True,0.30636346340179443,0.6527257633607154,64.0,0.0,768,True,False,exploratory (underdetermined)
2024,decoder,6,content,de,64,768,1,7098,9.2421875,per-language (de),0.08560880273580551,0.9017145981626357,64.0,0.0,768,True,0.3026876747608185,0.6502960632072897,64.0,0.0,768,True,False,exploratory (underdetermined)
2024,decoder,6,content,en,64,768,1,4106,5.346354166666667,per-language (en),0.04952925816178322,0.942587354520989,64.0,0.0,768,True,0.277568519115448,0.6727531096361756,64.0,0.0,768,True,False,exploratory (underdetermined)
2024,decoder,6,content,es,64,768,1,4877,6.350260416666667,per-language (es),0.07196099311113358,0.9222233137797505,64.0,0.0,768,True,0.3108980357646942,0.649588371475055,63.999996185302734,0.0,768,True,False,exploratory (underdetermined)
2024,decoder,6,content,hi,64,768,1,5408,7.041666666666667,per-language (hi),0.06421264261007309,0.9345141647756062,64.0,0.0,768,True,0.2684784233570099,0.7262738542632632,64.0,0.0,768,True,False,exploratory (underdetermined)
2024,decoder,6,content,uk,64,768,1,4993,6.501302083333333,per-language (uk),0.06152523308992386,0.9290287495195743,64.0,0.0,768,True,0.3454497754573822,0.5979718376336588,64.0,0.0,768,True,False,exploratory (underdetermined)
2024,decoder,6,content,xh,64,768,1,2850,3.7109375,per-language (xh),0.03927025943994522,0.9683378303567131,64.0,0.0,768,True,0.24858997762203217,0.7878110065303804,63.999996185302734,0.0,768,True,False,exploratory (underdetermined)
2024,decoder,6,content,yo,64,768,1,4477,5.829427083333333,per-language (yo),0.020568815991282463,0.9753873444056723,64.0,0.0,768,True,0.07607685774564743,0.9079068551871793,64.0,0.0,768,True,False,exploratory (underdetermined)
