component,kind,side,sublayer,layer,train_d,dev_d_tox_ref,dev_d_tox_gen,dev_d_copy,dev_d_template,lang_auc,len_corr,n_seeds,direction,contrast,rank
dec.cross.L5.head7,head,decoder,cross,5,-1.5910724,-1.5717143,-0.86523277,0.22842042,-1.8642993,0.702103337905807,-0.06037385164593443,3,probe,toxic_vs_reference,1
dec.self.L6.head5,head,decoder,self,6,-1.4863881,-1.5449492,-0.78349537,0.050590605,-0.54252714,0.6986803332825281,-0.31219229413698235,3,probe,toxic_vs_reference,2
dec.self.L6.head0,head,decoder,self,6,-1.41259,-1.5234632,-0.7946152,0.2590236,-0.63674146,0.6714741147182849,-0.2094335272225707,3,probe,toxic_vs_reference,3
dec.cross.L2.head1,head,decoder,cross,2,-1.4489311,-1.4808716,-0.853483,0.16298324,-1.8419542,0.6734364680180868,-0.006303937210107548,3,probe,toxic_vs_reference,4
dec.cross.L3.head3,head,decoder,cross,3,-1.3901783,-1.4300929,-0.7137394,-0.15601104,-0.2091748,0.7930511100950058,-0.15365415694228327,3,probe,toxic_vs_reference,5
dec.cross.L0.head9,head,decoder,cross,0,-1.3478031,-1.3862691,-0.77257603,0.10843589,-1.5167427,0.6847533404460702,-0.09921296222861364,3,probe,toxic_vs_reference,6
dec.self.L4.head2,head,decoder,self,4,-1.3107586,-1.34754,-0.7411292,0.06441416,-0.11910909,0.7400104150790021,-0.1142234502903584,3,probe,toxic_vs_reference,7
dec.cross.L6.head9,head,decoder,cross,6,-1.314545,-1.2809439,-0.65568894,-0.18150832,-0.7618582,0.6993979576284103,0.03895793995266226,3,probe,toxic_vs_reference,8
dec.cross.L6.head3,head,decoder,cross,6,-1.0932392,-1.1888336,-0.51239014,-0.60180867,0.76942474,0.8497942386831276,-0.23649550269954578,3,probe,toxic_vs_reference,9
dec.cross.L4.head4,head,decoder,cross,4,-1.0258541,-1.1349076,-0.4567908,-0.40948772,0.5123817,0.9046512218665853,-0.14753502350286882,3,probe,toxic_vs_reference,10
dec.self.L4.head0,head,decoder,self,4,-1.0114628,-1.1336432,-0.59352314,-0.105271004,0.9803221,0.8573705735914241,-0.45412232850277406,3,probe,toxic_vs_reference,11
dec.cross.L5.head4,head,decoder,cross,5,-1.162506,-1.1085218,-0.6244795,0.14575179,-0.5418621,0.7377495808565767,-0.09359022728104278,3,probe,toxic_vs_reference,12
dec.self.L6.head6,head,decoder,self,6,1.0417324,1.0746332,0.51461005,0.24302661,-0.479807,0.8685731341767008,0.10201341593295861,3,probe,toxic_vs_reference,13
dec.self.L4.head5,head,decoder,self,4,-0.90016025,-0.9154901,-0.3747201,0.2805579,0.34213507,0.7805339633185998,-0.15882728327906662,3,probe,toxic_vs_reference,14
dec.self.L3.head9,head,decoder,self,3,-0.8556099,-0.90542084,-0.63293236,0.12508018,0.21840435,0.820092211553117,-0.21956734003104747,3,probe,toxic_vs_reference,15
dec.self.L6.head8,head,decoder,self,6,0.86573035,0.89798856,0.4401933,0.022965863,-1.1894222,0.8605967078189299,0.05671481242561615,3,probe,toxic_vs_reference,16
dec.cross.L6.head5,head,decoder,cross,6,-0.8874662,-0.89064735,-0.3424368,-0.30317572,0.54906654,0.8822143474063914,-0.24258102958583824,3,probe,toxic_vs_reference,17
dec.cross.L2.head4,head,decoder,cross,2,-0.8075786,-0.872556,-0.43632087,0.18316655,-0.4904138,0.774208708022151,-0.1488577560955373,3,probe,toxic_vs_reference,18
dec.cross.L3.head5,head,decoder,cross,3,-0.92710525,-0.8583701,-0.59370285,0.04331464,-0.13374299,0.7691345323375502,-0.22683778764426865,3,probe,toxic_vs_reference,19
enc.self.L11.head2,head,encoder,self,11,-0.79067993,-0.8439711,-0.39012516,-0.19397916,-0.40872312,0.8271858964588731,-0.10760014612946904,3,probe,toxic_vs_reference,20
enc.self.L11.head1,head,encoder,self,11,-0.8626488,-0.8421776,-0.48634425,0.12371892,-1.3943609,0.6725473759081441,0.12045787181697527,3,probe,toxic_vs_reference,21
dec.cross.L3.head0,head,decoder,cross,3,0.8579543,0.8363118,0.535285,-0.1668526,0.5073111,0.7259754610577657,0.19114866831774666,3,probe,toxic_vs_reference,22
dec.self.L6.head7,head,decoder,self,6,-0.7267263,-0.82995224,-0.25045946,-0.2512277,0.7393308,0.8545953360768176,-0.2984811339043692,3,probe,toxic_vs_reference,23
dec.self.L3.head1,head,decoder,self,3,0.74200565,0.8279597,0.44632092,-0.20919763,0.015346125,0.8368007925621095,-0.14183367705072644,3,probe,toxic_vs_reference,24
dec.self.L3.head5,head,decoder,self,3,-0.75796914,-0.8229634,-0.47789004,-0.15978369,-0.010684299,0.8371945333536553,-0.32789858961654444,3,probe,toxic_vs_reference,25
dec.mlp.L6.n154,neuron,decoder,mlp,6,-1.0271105,-1.1925131,-0.45949838,-0.36325645,-0.10280755,0.8038345272570239,-0.42308058460665926,3,probe,toxic_vs_reference,1
dec.mlp.L6.n1663,neuron,decoder,mlp,6,1.1407365,1.128695,0.36572686,-0.14583011,0.4715865,0.6513615810597978,0.154750580929674,3,probe,toxic_vs_reference,2
dec.mlp.L6.n437,neuron,decoder,mlp,6,-1.0899905,-1.0915262,-0.58153176,0.05895714,-0.21914534,0.7741579027587259,-0.2758560426660099,3,probe,toxic_vs_reference,3
dec.mlp.L6.n1006,neuron,decoder,mlp,6,-1.0280261,-1.090753,-0.44785726,-0.03785714,-0.12588458,0.812064979931921,-0.3055946358536994,3,probe,toxic_vs_reference,4
enc.mlp.L8.n1167,neuron,encoder,mlp,8,1.0256714,1.0827924,0.55229765,-0.45204452,0.5024927,0.7025478839607784,0.06429526765253481,3,probe,toxic_vs_reference,5
dec.mlp.L4.n1181,neuron,decoder,mlp,4,-0.9497573,-1.0593168,-0.37747097,-0.40015194,1.7370099,0.9179431489102271,-0.2477207359079129,3,probe,toxic_vs_reference,6
dec.mlp.L6.n76,neuron,decoder,mlp,6,-0.9506286,-1.0277897,-0.41139683,0.2210641,-0.07783926,0.7589544276787074,-0.15139409765445477,3,probe,toxic_vs_reference,7
dec.mlp.L6.n225,neuron,decoder,mlp,6,-0.8735489,-0.9888768,-0.3786341,-0.10231393,0.7778652,0.8932390895696795,-0.172627067554051,3,probe,toxic_vs_reference,8
enc.mlp.L8.n2009,neuron,encoder,mlp,8,0.77762276,0.9884513,0.4956086,0.09917468,0.9701216,0.7048849260783417,-0.008577112914354458,3,probe,toxic_vs_reference,9
dec.mlp.L6.n401,neuron,decoder,mlp,6,0.8542257,0.95231867,0.35402486,-0.18546931,0.053307205,0.7080539043844943,0.23522812502458068,3,probe,toxic_vs_reference,10
dec.mlp.L6.n44,neuron,decoder,mlp,6,0.9721978,0.9389898,0.46616873,-0.116904356,0.22792292,0.7759106843468984,0.3271859326663884,3,probe,toxic_vs_reference,11
enc.mlp.L6.n1688,neuron,encoder,mlp,6,1.0023764,0.93774384,0.52619475,-0.16235776,1.0632188,0.679113956205863,0.15342485808597908,3,probe,toxic_vs_reference,12
enc.mlp.L8.n10,neuron,encoder,mlp,8,-0.94787097,-0.9376745,-0.55015135,0.092474334,-0.33035105,0.7741960067062948,-0.23933860288685416,3,probe,toxic_vs_reference,13
dec.mlp.L6.n164,neuron,decoder,mlp,6,0.766671,0.8720879,0.3474097,0.118920706,-0.027903989,0.7813849514809735,0.2491518883929252,3,probe,toxic_vs_reference,14
dec.mlp.L6.n1960,neuron,decoder,mlp,6,-0.8240326,-0.863271,-0.4885312,0.13549885,-1.4943453,0.7338312249149012,0.010094156566909198,3,probe,toxic_vs_reference,15
enc.mlp.L6.n1962,neuron,encoder,mlp,6,-0.8023079,-0.8567682,-0.55372,0.20236294,-0.9427106,0.701906467510034,-0.11568033206599372,3,probe,toxic_vs_reference,16
dec.mlp.L6.n1854,neuron,decoder,mlp,6,-0.82533735,-0.85386276,-0.39392185,-0.06927633,-0.023428475,0.870471980897221,-0.3170221123552436,3,probe,toxic_vs_reference,17
dec.mlp.L6.n1743,neuron,decoder,mlp,6,0.8480112,0.8157992,0.40802154,-0.1332594,0.3316938,0.7692424935223289,0.44927400652736504,3,probe,toxic_vs_reference,18
dec.mlp.L4.n1128,neuron,decoder,mlp,4,-0.7368733,-0.81189203,-0.531076,-0.06289768,0.1846363,0.7465452420870803,-0.27113359718153784,3,probe,toxic_vs_reference,19
enc.mlp.L8.n836,neuron,encoder,mlp,8,0.7401977,0.8042836,0.31028935,-0.08233487,-0.16146629,0.8187649240461313,0.08050766967543456,3,probe,toxic_vs_reference,20
enc.mlp.L8.n1958,neuron,encoder,mlp,8,-0.7765848,-0.7998047,-0.60080385,0.24329019,-1.448884,0.6241934664431236,0.05695888898466006,3,probe,toxic_vs_reference,21
dec.mlp.L4.n649,neuron,decoder,mlp,4,0.72022504,0.7995446,0.30348322,0.116673976,-0.5566864,0.7871449982218158,0.03208257601953713,3,probe,toxic_vs_reference,22
enc.mlp.L4.n1303,neuron,encoder,mlp,4,-0.7384682,-0.7879495,-0.5788854,0.069354296,-1.3378414,0.7942323324696439,-0.14216049177184925,3,probe,toxic_vs_reference,23
enc.mlp.L8.n637,neuron,encoder,mlp,8,-0.75945204,-0.78590804,-0.47942257,0.08674532,-1.117792,0.6713344002438651,0.17530188232545318,3,probe,toxic_vs_reference,24
enc.mlp.L6.n1119,neuron,encoder,mlp,6,-0.73285896,-0.7841196,-0.38485205,0.039762083,-0.54926187,0.6776660061982422,-0.12160000587340179,3,probe,toxic_vs_reference,25
dec.cross.L5.head7,head,decoder,cross,5,-1.5910724,-1.5717143,-0.86523277,0.22842042,-1.8642993,0.702103337905807,-0.06037385164593443,3,probe,toxic_vs_generated,1
dec.cross.L2.head1,head,decoder,cross,2,-1.4489311,-1.4808716,-0.853483,0.16298324,-1.8419542,0.6734364680180868,-0.006303937210107548,3,probe,toxic_vs_generated,2
dec.self.L6.head0,head,decoder,self,6,-1.41259,-1.5234632,-0.7946152,0.2590236,-0.63674146,0.6714741147182849,-0.2094335272225707,3,probe,toxic_vs_generated,3
dec.self.L6.head5,head,decoder,self,6,-1.4863881,-1.5449492,-0.78349537,0.050590605,-0.54252714,0.6986803332825281,-0.31219229413698235,3,probe,toxic_vs_generated,4
dec.cross.L0.head9,head,decoder,cross,0,-1.3478031,-1.3862691,-0.77257603,0.10843589,-1.5167427,0.6847533404460702,-0.09921296222861364,3,probe,toxic_vs_generated,5
dec.self.L4.head2,head,decoder,self,4,-1.3107586,-1.34754,-0.7411292,0.06441416,-0.11910909,0.7400104150790021,-0.1142234502903584,3,probe,toxic_vs_generated,6
dec.cross.L3.head3,head,decoder,cross,3,-1.3901783,-1.4300929,-0.7137394,-0.15601104,-0.2091748,0.7930511100950058,-0.15365415694228327,3,probe,toxic_vs_generated,7
dec.cross.L6.head9,head,decoder,cross,6,-1.314545,-1.2809439,-0.65568894,-0.18150832,-0.7618582,0.6993979576284103,0.03895793995266226,3,probe,toxic_vs_generated,8
dec.self.L3.head9,head,decoder,self,3,-0.8556099,-0.90542084,-0.63293236,0.12508018,0.21840435,0.820092211553117,-0.21956734003104747,3,probe,toxic_vs_generated,9
dec.cross.L5.head4,head,decoder,cross,5,-1.162506,-1.1085218,-0.6244795,0.14575179,-0.5418621,0.7377495808565767,-0.09359022728104278,3,probe,toxic_vs_generated,10
dec.self.L2.head4,head,decoder,self,2,-0.5470853,-0.42552432,-0.60768664,0.26145598,-0.62194884,0.7044403800233704,-0.20039610716685408,3,probe,toxic_vs_generated,11
dec.cross.L3.head5,head,decoder,cross,3,-0.92710525,-0.8583701,-0.59370285,0.04331464,-0.13374299,0.7691345323375502,-0.22683778764426865,3,probe,toxic_vs_generated,12
dec.self.L4.head0,head,decoder,self,4,-1.0114628,-1.1336432,-0.59352314,-0.105271004,0.9803221,0.8573705735914241,-0.45412232850277406,3,probe,toxic_vs_generated,13
dec.self.L5.head3,head,decoder,self,5,0.6310113,0.7353897,0.54154354,0.03153793,0.193762,0.7518924960625921,-0.04345587079854329,3,probe,toxic_vs_generated,14
dec.cross.L3.head0,head,decoder,cross,3,0.8579543,0.8363118,0.535285,-0.1668526,0.5073111,0.7259754610577657,0.19114866831774666,3,probe,toxic_vs_generated,15
dec.cross.L2.head3,head,decoder,cross,2,-0.46752802,-0.3783835,-0.5179789,0.45895216,-1.5290589,0.7885929482294366,0.05136447850626774,3,probe,toxic_vs_generated,16
dec.self.L6.head6,head,decoder,self,6,1.0417324,1.0746332,0.51461005,0.24302661,-0.479807,0.8685731341767008,0.10201341593295861,3,probe,toxic_vs_generated,17
dec.cross.L6.head3,head,decoder,cross,6,-1.0932392,-1.1888336,-0.51239014,-0.60180867,0.76942474,0.8497942386831276,-0.23649550269954578,3,probe,toxic_vs_generated,18
dec.cross.L5.head11,head,decoder,cross,5,0.79244757,0.7811287,0.49431828,0.19837202,0.16120027,0.7908537824518621,-0.007037121552303284,3,probe,toxic_vs_generated,19
dec.cross.L3.head1,head,decoder,cross,3,-0.7881508,-0.781655,-0.4906784,0.0051952004,-0.6815861,0.7796575725245135,0.22734798622030983,3,probe,toxic_vs_generated,20
enc.self.L11.head1,head,encoder,self,11,-0.8626488,-0.8421776,-0.48634425,0.12371892,-1.3943609,0.6725473759081441,0.12045787181697527,3,probe,toxic_vs_generated,21
dec.self.L5.head8,head,decoder,self,5,0.6702795,0.61274344,0.48244083,-0.12677239,1.2313765,0.805453945028705,-0.3138213639644047,3,probe,toxic_vs_generated,22
dec.self.L1.head3,head,decoder,self,1,0.4970491,0.4791555,0.47838393,-0.40553454,1.4146987,0.6870713305898491,0.2057585392978077,3,probe,toxic_vs_generated,23
dec.self.L3.head5,head,decoder,self,3,-0.75796914,-0.8229634,-0.47789004,-0.15978369,-0.010684299,0.8371945333536553,-0.32789858961654444,3,probe,toxic_vs_generated,24
dec.self.L1.head7,head,decoder,self,1,0.49241257,0.4208986,0.47568408,-0.3158284,1.5259811,0.6291279276533049,0.07123364534460001,3,probe,toxic_vs_generated,25
enc.mlp.L8.n1958,neuron,encoder,mlp,8,-0.7765848,-0.7998047,-0.60080385,0.24329019,-1.448884,0.6241934664431236,0.05695888898466006,3,probe,toxic_vs_generated,1
enc.mlp.L6.n1944,neuron,encoder,mlp,6,-0.64738417,-0.6604461,-0.5846316,0.33715943,-1.979207,0.718475334044607,0.12809369377234237,3,probe,toxic_vs_generated,2
dec.mlp.L6.n437,neuron,decoder,mlp,6,-1.0899905,-1.0915262,-0.58153176,0.05895714,-0.21914534,0.7741579027587259,-0.2758560426660099,3,probe,toxic_vs_generated,3
enc.mlp.L4.n1303,neuron,encoder,mlp,4,-0.7384682,-0.7879495,-0.5788854,0.069354296,-1.3378414,0.7942323324696439,-0.14216049177184925,3,probe,toxic_vs_generated,4
dec.mlp.L6.n1018,neuron,decoder,mlp,6,0.6848383,0.5902419,0.57337594,-0.47867298,1.3854237,0.7737768632830361,0.0020872730656685684,3,probe,toxic_vs_generated,5
enc.mlp.L6.n785,neuron,encoder,mlp,6,-0.64854985,-0.69039243,-0.5667684,0.24403708,-1.277585,0.6537748310724991,-0.04888809992771753,3,probe,toxic_vs_generated,6
enc.mlp.L4.n609,neuron,encoder,mlp,4,0.6693532,0.73113877,0.5659584,-0.14409259,1.2429479,0.6745033785500177,-0.17762857750870387,3,probe,toxic_vs_generated,7
enc.mlp.L6.n607,neuron,encoder,mlp,6,-0.7163581,-0.7134052,-0.5627973,0.31701314,-1.4727482,0.681717725956409,0.07878524414262622,3,probe,toxic_vs_generated,8
enc.mlp.L6.n1962,neuron,encoder,mlp,6,-0.8023079,-0.8567682,-0.55372,0.20236294,-0.9427106,0.701906467510034,-0.11568033206599372,3,probe,toxic_vs_generated,9
enc.mlp.L8.n1167,neuron,encoder,mlp,8,1.0256714,1.0827924,0.55229765,-0.45204452,0.5024927,0.7025478839607784,0.06429526765253481,3,probe,toxic_vs_generated,10
enc.mlp.L8.n10,neuron,encoder,mlp,8,-0.94787097,-0.9376745,-0.55015135,0.092474334,-0.33035105,0.7741960067062948,-0.23933860288685416,3,probe,toxic_vs_generated,11
enc.mlp.L6.n800,neuron,encoder,mlp,6,-0.54366636,-0.58879167,-0.54599947,0.3037897,-1.4229541,0.665771223898796,0.03761717181951891,3,probe,toxic_vs_generated,12
enc.mlp.L6.n525,neuron,encoder,mlp,6,0.682782,0.6367837,0.5399508,-0.3495443,1.3366653,0.8736155565716608,-0.06991336011118819,3,probe,toxic_vs_generated,13
enc.mlp.L8.n1700,neuron,encoder,mlp,8,-0.5782626,-0.6491691,-0.5388697,0.10650697,-1.3691944,0.8401983945536758,-0.04768477103179435,3,probe,toxic_vs_generated,14
enc.mlp.L4.n1243,neuron,encoder,mlp,4,-0.6967831,-0.72730947,-0.53359634,0.2394258,-0.9905407,0.595837778793883,0.03195207311957465,3,probe,toxic_vs_generated,15
dec.mlp.L4.n1128,neuron,decoder,mlp,4,-0.7368733,-0.81189203,-0.531076,-0.06289768,0.1846363,0.7465452420870803,-0.27113359718153784,3,probe,toxic_vs_generated,16
enc.mlp.L4.n261,neuron,encoder,mlp,4,0.62627053,0.605711,0.52971303,-0.22001636,1.6401505,0.734415485444292,-0.2497096210475622,3,probe,toxic_vs_generated,17
enc.mlp.L6.n1688,neuron,encoder,mlp,6,1.0023764,0.93774384,0.52619475,-0.16235776,1.0632188,0.679113956205863,0.15342485808597908,3,probe,toxic_vs_generated,18
enc.mlp.L6.n536,neuron,encoder,mlp,6,-0.70480466,-0.6754119,-0.52046067,0.17174499,-1.1934929,0.7620408474317939,0.0407399794490706,3,probe,toxic_vs_generated,19
dec.mlp.L4.n162,neuron,decoder,mlp,4,0.23524122,0.20645235,0.5197255,0.02284219,0.026779696,0.6834578062287253,0.12049137056791959,3,probe,toxic_vs_generated,20
enc.mlp.L8.n16,neuron,encoder,mlp,8,0.5842285,0.59456164,0.5187291,-0.26601312,1.2755526,0.7611136513742824,-0.02537296582150481,3,probe,toxic_vs_generated,21
enc.mlp.L8.n1874,neuron,encoder,mlp,8,-0.6491385,-0.7126303,-0.5093077,0.0024677452,-1.3528486,0.7026431438297007,-0.0006745029806561748,3,probe,toxic_vs_generated,22
enc.mlp.L6.n1826,neuron,encoder,mlp,6,-0.6337506,-0.6777387,-0.50127655,0.10601852,-0.8888386,0.7844205659706346,-0.21517390634251177,3,probe,toxic_vs_generated,23
dec.mlp.L6.n1531,neuron,decoder,mlp,6,0.25747716,0.3141549,0.5009447,-0.3042327,1.4356513,0.7423538078544937,-0.22984270750167105,3,probe,toxic_vs_generated,24
enc.mlp.L4.n281,neuron,encoder,mlp,4,0.6327313,0.5975749,0.4959239,-0.21292718,0.7406444,0.7182022557536961,-0.02835877419748091,3,probe,toxic_vs_generated,25
dec.cross.L6.head3,head,decoder,cross,6,-1.0932392,-1.1888336,-0.51239014,-0.60180867,0.76942474,0.8497942386831276,-0.23649550269954578,3,probe,copy_vs_ordinary,1
dec.self.L1.head2,head,decoder,self,1,0.20692837,0.13906454,0.34152326,-0.511811,1.6206135,0.7262866432962455,0.12084893028651957,3,probe,copy_vs_ordinary,2
dec.self.L1.head6,head,decoder,self,1,0.4167591,0.4083233,0.33585715,-0.50956875,1.5668707,0.7683851547020272,0.009330317811308997,3,probe,copy_vs_ordinary,3
dec.self.L2.head3,head,decoder,self,2,0.1381677,0.21691728,0.08844706,0.49341774,-0.9666262,0.8819095158258395,0.2866898810604505,3,probe,copy_vs_ordinary,4
dec.cross.L2.head5,head,decoder,cross,2,0.13945705,0.15450647,0.13615759,0.48821077,-2.0552394,0.998660011177158,0.2909284465846403,3,probe,copy_vs_ordinary,5
dec.self.L2.head8,head,decoder,self,2,0.17870001,0.068870574,0.19145663,-0.48604333,0.8343835,0.7343392775491541,-0.21972890982007462,3,probe,copy_vs_ordinary,6
dec.self.L2.head6,head,decoder,self,2,0.33773288,0.29421875,0.43329322,-0.48299873,1.076368,0.6651171061321952,-0.021915205694531512,3,probe,copy_vs_ordinary,7
enc.self.L9.head6,head,encoder,self,9,0.06476745,0.15501134,-0.021581305,0.48129305,-1.3867726,0.9655349794238682,0.3163337065825785,3,probe,copy_vs_ordinary,8
dec.self.L1.head0,head,decoder,self,1,0.4289426,0.3417466,0.36610913,-0.47142312,1.3129355,0.706631357008586,-5.897488955446537e-05,3,probe,copy_vs_ordinary,9
dec.self.L2.head11,head,decoder,self,2,-0.084873706,0.050801914,-0.022751091,0.4636188,-1.0046617,0.8761177157953565,2.2307632876056305e-05,3,probe,copy_vs_ordinary,10
dec.cross.L2.head3,head,decoder,cross,2,-0.46752802,-0.3783835,-0.5179789,0.45895216,-1.5290589,0.7885929482294366,0.05136447850626774,3,probe,copy_vs_ordinary,11
dec.self.L1.head10,head,decoder,self,1,0.17430605,0.11677328,0.23857208,-0.45587286,1.4970659,0.7972425443275922,0.048926741423643345,3,probe,copy_vs_ordinary,12
dec.self.L1.head1,head,decoder,self,1,0.2361428,0.1943295,0.32022044,-0.45426735,1.5964814,0.8013641213229691,-0.04208015956206098,3,probe,copy_vs_ordinary,13
dec.self.L1.head5,head,decoder,self,1,0.30849245,0.2689881,0.31107935,-0.4414021,1.5129786,0.722412741960067,0.12942080559191863,3,probe,copy_vs_ordinary,14
dec.self.L5.head5,head,decoder,self,5,0.28854814,0.30438665,0.33886966,0.4409562,-1.3154321,0.9453589391860997,0.09687977459240914,3,probe,copy_vs_ordinary,15
enc.self.L7.head6,head,encoder,self,7,-0.30527714,-0.2731181,-0.32746577,0.43082762,-1.1748585,0.6731125844637504,0.032163085088914835,3,probe,copy_vs_ordinary,16
dec.cross.L4.head4,head,decoder,cross,4,-1.0258541,-1.1349076,-0.4567908,-0.40948772,0.5123817,0.9046512218665853,-0.14753502350286882,3,probe,copy_vs_ordinary,17
dec.self.L1.head3,head,decoder,self,1,0.4970491,0.4791555,0.47838393,-0.40553454,1.4146987,0.6870713305898491,0.2057585392978077,3,probe,copy_vs_ordinary,18
dec.cross.L0.head10,head,decoder,cross,0,0.42886785,0.42194876,0.35580406,-0.39453682,0.8995762,0.7519687039577301,-0.06944878277995066,3,probe,copy_vs_ordinary,19
dec.self.L1.head11,head,decoder,self,1,0.40520474,0.34876394,0.44536653,-0.39293286,1.8331213,0.699937763552304,-0.09940662050408448,3,probe,copy_vs_ordinary,20
dec.cross.L1.head11,head,decoder,cross,1,-0.069179446,-0.09865379,-0.116068445,0.38135418,-0.89804363,0.918724279835391,0.4132868561643261,3,probe,copy_vs_ordinary,21
dec.cross.L1.head1,head,decoder,cross,1,0.011559188,-0.10113483,0.13195384,-0.37585044,1.4597893,0.8849514809734288,-0.10730454842823749,3,probe,copy_vs_ordinary,22
dec.self.L3.head0,head,decoder,self,3,0.5925975,0.53546715,0.21636945,0.3718662,-0.099997155,0.7532134329116497,-0.1051143804837314,3,probe,copy_vs_ordinary,23
enc.self.L8.head0,head,encoder,self,8,0.027778896,-0.037616074,0.16040945,-0.37116456,1.4875017,0.8265063760605599,-0.09486797803802684,3,probe,copy_vs_ordinary,24
dec.self.L0.head7,head,decoder,self,0,-0.08970464,-0.17210586,0.032730345,-0.36782312,1.1699122,0.8084387542549408,0.017098396675694558,3,probe,copy_vs_ordinary,25
dec.mlp.L6.n230,neuron,decoder,mlp,6,-0.09708628,0.01079552,0.021952758,0.5745421,-0.44562054,0.7330945485952345,0.28601895743328126,3,probe,copy_vs_ordinary,1
dec.mlp.L6.n404,neuron,decoder,mlp,6,0.1579646,0.12751265,0.15188883,-0.5713821,1.0446482,0.8652263374485596,-0.387478889495976,3,probe,copy_vs_ordinary,2
dec.mlp.L6.n1026,neuron,decoder,mlp,6,0.5393923,0.5514412,0.22712328,0.56418055,-1.2456759,0.8890413046791648,0.15809178925996056,3,probe,copy_vs_ordinary,3
dec.mlp.L6.n1597,neuron,decoder,mlp,6,-0.09962106,-0.116076685,-0.06915896,-0.5540521,-0.05264634,0.9532655083066605,-0.2345314588393891,3,probe,copy_vs_ordinary,4
enc.mlp.L6.n771,neuron,encoder,mlp,6,-0.28654972,-0.3235838,-0.041018423,-0.5378289,0.57237065,0.814230554285424,0.06597802671086263,3,probe,copy_vs_ordinary,5
dec.mlp.L4.n327,neuron,decoder,mlp,4,-0.046899274,-0.0690509,-0.20414382,-0.51171374,-0.37114456,0.8232929431489101,-0.10957394635532373,3,probe,copy_vs_ordinary,6
dec.mlp.L4.n815,neuron,decoder,mlp,4,-0.009595439,-0.13571583,0.094212584,-0.49969038,1.1308075,0.9566631102982269,-0.3186908743555361,3,probe,copy_vs_ordinary,7
dec.mlp.L4.n31,neuron,decoder,mlp,4,-0.24697459,-0.31124887,-0.0507739,-0.49277607,0.8729379,0.8296944063404968,-0.25030354727985216,3,probe,copy_vs_ordinary,8
dec.mlp.L6.n788,neuron,decoder,mlp,6,-0.08629187,-0.10412034,-0.10834563,0.48985562,-1.7111336,0.9539259767311893,0.4121777653763665,3,probe,copy_vs_ordinary,9
dec.mlp.L6.n806,neuron,decoder,mlp,6,0.38963687,0.46342564,0.1901233,0.4873828,-1.1611462,0.8851547020271301,0.18967243517541132,3,probe,copy_vs_ordinary,10
dec.mlp.L6.n1398,neuron,decoder,mlp,6,-0.062185932,-0.105045505,0.0003629718,0.47888073,-0.51313156,0.8725168927500889,0.2301324168278662,3,probe,copy_vs_ordinary,11
dec.mlp.L6.n1018,neuron,decoder,mlp,6,0.6848383,0.5902419,0.57337594,-0.47867298,1.3854237,0.7737768632830361,0.0020872730656685684,3,probe,copy_vs_ordinary,12
enc.mlp.L8.n592,neuron,encoder,mlp,8,-0.02145644,-0.02372601,-0.014301875,-0.47622868,0.6667463,0.8044949956815527,-0.12709452885207326,3,probe,copy_vs_ordinary,13
dec.mlp.L4.n622,neuron,decoder,mlp,4,-0.051332712,-0.06532813,0.15185963,-0.47258055,-0.09007162,0.7658829954783316,0.06531887778197894,3,probe,copy_vs_ordinary,14
dec.mlp.L6.n622,neuron,decoder,mlp,6,-0.072157405,-0.089860655,0.014810483,0.47183552,-0.9235266,0.9149773916577758,0.25816019237568216,3,probe,copy_vs_ordinary,15
dec.mlp.L6.n1545,neuron,decoder,mlp,6,0.2619616,0.26364192,-0.038047243,-0.468443,1.3683206,0.8769814052735864,-0.19816577449383113,3,probe,copy_vs_ordinary,16
enc.mlp.L6.n1990,neuron,encoder,mlp,6,0.19730057,0.23692703,0.23132168,-0.46324673,1.1586002,0.8031232535690697,-0.29867439247101696,3,probe,copy_vs_ordinary,17
dec.mlp.L6.n1104,neuron,decoder,mlp,6,0.060176715,0.0136794215,0.1252134,0.46274188,0.28947455,0.6282356602143983,0.10378844431398249,3,probe,copy_vs_ordinary,18
dec.mlp.L6.n1729,neuron,decoder,mlp,6,0.6360902,0.7304776,0.17101638,0.46090737,-1.6597052,0.9606957780826093,0.3718719603099083,3,probe,copy_vs_ordinary,19
enc.mlp.L6.n1840,neuron,encoder,mlp,6,0.2659704,0.29192305,0.057160202,0.45640242,-1.0618768,0.8216163694558757,0.09099072903660732,3,probe,copy_vs_ordinary,20
dec.mlp.L4.n1054,neuron,decoder,mlp,4,0.010169304,-0.055251535,-0.11931232,0.45330477,0.18407893,0.9787189452827313,0.05277893447289183,3,probe,copy_vs_ordinary,21
dec.mlp.L6.n1193,neuron,decoder,mlp,6,-0.0077569857,-0.066017225,-0.06512698,0.45299825,-0.009805256,0.729417517654829,0.018949091579136285,3,probe,copy_vs_ordinary,22
dec.mlp.L6.n637,neuron,decoder,mlp,6,-0.07013223,-0.0535204,-0.06916036,0.45209685,0.34402636,0.7550995783163136,0.15459994942242697,3,probe,copy_vs_ordinary,23
enc.mlp.L8.n1167,neuron,encoder,mlp,8,1.0256714,1.0827924,0.55229765,-0.45204452,0.5024927,0.7025478839607784,0.06429526765253481,3,probe,copy_vs_ordinary,24
dec.mlp.L6.n1629,neuron,decoder,mlp,6,0.12736207,0.11346609,-0.035124794,0.45041832,0.084269874,0.880588578976782,-0.23537806717509105,3,probe,copy_vs_ordinary,25
dec.cross.L2.head5,head,decoder,cross,2,0.13945705,0.15450647,0.13615759,0.48821077,-2.0552394,0.998660011177158,0.2909284465846403,3,probe,template_vs_ordinary,1
dec.cross.L5.head7,head,decoder,cross,5,-1.5910724,-1.5717143,-0.86523277,0.22842042,-1.8642993,0.702103337905807,-0.06037385164593443,3,probe,template_vs_ordinary,2
dec.cross.L2.head1,head,decoder,cross,2,-1.4489311,-1.4808716,-0.853483,0.16298324,-1.8419542,0.6734364680180868,-0.006303937210107548,3,probe,template_vs_ordinary,3
dec.self.L1.head11,head,decoder,self,1,0.40520474,0.34876394,0.44536653,-0.39293286,1.8331213,0.699937763552304,-0.09940662050408448,3,probe,template_vs_ordinary,4
dec.cross.L6.head0,head,decoder,cross,6,0.28061172,0.31799567,0.20075119,0.2203669,-1.822711,0.9834057308337144,0.13219455450289455,3,probe,template_vs_ordinary,5
dec.cross.L1.head7,head,decoder,cross,1,0.15618448,0.13112159,0.1335282,-0.21598049,1.798263,0.9221663364324545,-0.48515609160260165,3,probe,template_vs_ordinary,6
enc.self.L11.head11,head,encoder,self,11,-0.19732393,-0.2405173,-0.07761867,-0.11904806,1.6637092,0.9551516537113245,-0.014732601650839396,3,probe,template_vs_ordinary,7
dec.self.L1.head2,head,decoder,self,1,0.20692837,0.13906454,0.34152326,-0.511811,1.6206135,0.7262866432962455,0.12084893028651957,3,probe,template_vs_ordinary,8
dec.self.L4.head6,head,decoder,self,4,-0.31695932,-0.32718426,-0.060305078,-0.12418926,1.6137582,0.9223568561702993,-0.39133665453626115,3,probe,template_vs_ordinary,9
dec.self.L3.head11,head,decoder,self,3,-0.27644747,-0.28396332,-0.1483896,0.31053692,-1.6135715,0.8365277142711985,0.003983907050186313,3,probe,template_vs_ordinary,10
dec.self.L1.head1,head,decoder,self,1,0.2361428,0.1943295,0.32022044,-0.45426735,1.5964814,0.8013641213229691,-0.04208015956206098,3,probe,template_vs_ordinary,11
dec.cross.L6.head7,head,decoder,cross,6,-0.1512828,-0.19429393,-0.10024256,-0.046388503,1.57332,0.9432378194380938,-0.27478367809023574,3,probe,template_vs_ordinary,12
dec.cross.L1.head10,head,decoder,cross,1,0.13375166,0.16025162,0.12644471,0.20463479,-1.572103,0.9080424732002236,0.3751582149540323,3,probe,template_vs_ordinary,13
dec.self.L4.head11,head,decoder,self,4,-0.37797046,-0.36997247,-0.07814322,0.28928146,-1.5686646,0.8947568968145099,0.13920069099226742,3,probe,template_vs_ordinary,14
dec.self.L1.head6,head,decoder,self,1,0.4167591,0.4083233,0.33585715,-0.50956875,1.5668707,0.7683851547020272,0.009330317811308997,3,probe,template_vs_ordinary,15
dec.self.L2.head2,head,decoder,self,2,-0.055923175,-0.12331963,0.115576744,-0.3567028,1.5665512,0.8180155464106081,-0.37345570795756916,3,probe,template_vs_ordinary,16
dec.cross.L3.head9,head,decoder,cross,3,-0.38172272,-0.37925243,-0.29391116,0.28655946,-1.5454363,0.8789945638368136,0.0920864415650136,3,probe,template_vs_ordinary,17
dec.cross.L2.head3,head,decoder,cross,2,-0.46752802,-0.3783835,-0.5179789,0.45895216,-1.5290589,0.7885929482294366,0.05136447850626774,3,probe,template_vs_ordinary,18
dec.self.L1.head7,head,decoder,self,1,0.49241257,0.4208986,0.47568408,-0.3158284,1.5259811,0.6291279276533049,0.07123364534460001,3,probe,template_vs_ordinary,19
enc.self.L8.head8,head,encoder,self,8,-0.06747573,-0.122689426,-0.0006321675,-0.3182017,1.5213374,0.9313811410862165,-0.2121527407821421,3,probe,template_vs_ordinary,20
dec.cross.L0.head9,head,decoder,cross,0,-1.3478031,-1.3862691,-0.77257603,0.10843589,-1.5167427,0.6847533404460702,-0.09921296222861364,3,probe,template_vs_ordinary,21
dec.self.L1.head5,head,decoder,self,1,0.30849245,0.2689881,0.31107935,-0.4414021,1.5129786,0.722412741960067,0.12942080559191863,3,probe,template_vs_ordinary,22
dec.self.L3.head10,head,decoder,self,3,0.22276746,0.24804194,0.3101507,-0.287766,1.5038558,0.727366255144033,-0.14417859508252812,3,probe,template_vs_ordinary,23
dec.cross.L1.head3,head,decoder,cross,1,0.13591214,0.092865795,0.114482224,0.13426371,-1.5030847,0.9524272214601432,0.2583728830509937,3,probe,template_vs_ordinary,24
dec.self.L1.head10,head,decoder,self,1,0.17430605,0.11677328,0.23857208,-0.45587286,1.4970659,0.7972425443275922,0.048926741423643345,3,probe,template_vs_ordinary,25
dec.mlp.L6.n234,neuron,decoder,mlp,6,0.22794676,0.25832117,0.070193894,0.30137464,-2.2377613,0.9661192399532591,0.2607908784943971,3,probe,template_vs_ordinary,1
enc.mlp.L8.n237,neuron,encoder,mlp,8,-0.5929572,-0.5820823,-0.48814216,0.23789807,-2.1821873,0.7640857592846618,0.22946510953008228,3,probe,template_vs_ordinary,2
dec.mlp.L6.n1522,neuron,decoder,mlp,6,0.04876107,0.042846788,0.073540054,-0.3273957,2.1791816,0.9400751917898695,-0.33076573031649165,3,probe,template_vs_ordinary,3
dec.mlp.L6.n1731,neuron,decoder,mlp,6,-0.03570603,-0.027153352,0.014506807,-0.320822,2.1769528,0.9890006604684246,-0.2991560245306886,3,probe,template_vs_ordinary,4
enc.mlp.L8.n274,neuron,encoder,mlp,8,-0.293241,-0.27209267,-0.41660056,0.35448483,-2.172222,0.8551097393689986,0.15094280597975132,3,probe,template_vs_ordinary,5
enc.mlp.L8.n1069,neuron,encoder,mlp,8,0.33153397,0.36654055,0.34574556,-0.3103035,2.0707347,0.9198419956307472,-0.3202066298749824,3,probe,template_vs_ordinary,6
dec.mlp.L4.n311,neuron,decoder,mlp,4,-0.11537177,-0.09769887,-0.12941821,0.123770595,-2.0636282,0.9296474114718284,0.16563983032633098,3,probe,template_vs_ordinary,7
dec.mlp.L6.n717,neuron,decoder,mlp,6,0.05804482,0.06408659,0.045393262,0.30852547,-2.0104177,0.9816084946400446,0.2791360495582439,3,probe,template_vs_ordinary,8
enc.mlp.L6.n1944,neuron,encoder,mlp,6,-0.64738417,-0.6604461,-0.5846316,0.33715943,-1.979207,0.718475334044607,0.12809369377234237,3,probe,template_vs_ordinary,9
dec.mlp.L6.n1596,neuron,decoder,mlp,6,0.0393376,-0.004452227,-0.09544609,-0.35490882,1.9606277,0.9932111466747955,-0.2007202585456369,3,probe,template_vs_ordinary,10
dec.mlp.L6.n1346,neuron,decoder,mlp,6,0.020943081,-0.030085407,0.021824205,0.29766348,-1.9570813,0.9544403800233704,0.25765024503298645,3,probe,template_vs_ordinary,11
dec.mlp.L4.n1511,neuron,decoder,mlp,4,0.0094085345,-0.0044690277,-0.15451498,0.043394268,-1.9447886,0.9659477721891987,0.18087943264332007,3,probe,template_vs_ordinary,12
dec.mlp.L6.n127,neuron,decoder,mlp,6,-0.06603488,-0.08382332,0.049943704,-0.16236533,1.9168609,0.9445778082609358,-0.003078068487691845,3,probe,template_vs_ordinary,13
enc.mlp.L8.n201,neuron,encoder,mlp,8,-0.49850166,-0.50022477,-0.39911702,0.2940916,-1.8760719,0.7295445308133922,-0.05337677570175628,3,probe,template_vs_ordinary,14
dec.mlp.L4.n1674,neuron,decoder,mlp,4,0.08305409,0.09984123,-0.14794369,0.12650885,-1.8396525,0.8868312757201645,0.16361480700718703,3,probe,template_vs_ordinary,15
dec.mlp.L6.n1568,neuron,decoder,mlp,6,-0.043768514,-0.012368965,0.17521985,-0.2958709,1.8214415,0.9007265152669817,-0.13771043517373197,3,probe,template_vs_ordinary,16
dec.mlp.L6.n1630,neuron,decoder,mlp,6,-0.27627,-0.2871399,-0.02786463,-0.4334332,1.8192139,0.9797414012091652,-0.3514335074752017,3,probe,template_vs_ordinary,17
dec.mlp.L4.n1836,neuron,decoder,mlp,4,-0.67314166,-0.766377,-0.18096943,-0.33409497,1.7904459,0.9405197378448408,-0.2565433384304254,3,probe,template_vs_ordinary,18
enc.mlp.L8.n55,neuron,encoder,mlp,8,-0.04611975,-0.09273327,-0.22135739,0.23196965,-1.7780933,0.923646039729716,0.24804016577401325,3,probe,template_vs_ordinary,19
enc.mlp.L8.n2037,neuron,encoder,mlp,8,0.5242984,0.54033643,0.45344076,-0.22637296,1.7729999,0.7619328862470152,-0.22954349677611022,3,probe,template_vs_ordinary,20
enc.mlp.L8.n1890,neuron,encoder,mlp,8,-0.17089526,-0.15252705,0.14309068,-0.23194903,1.7644454,0.8612508255855307,-0.050174002034895394,3,probe,template_vs_ordinary,21
dec.mlp.L6.n465,neuron,decoder,mlp,6,-0.26842663,-0.31718203,0.024348447,-0.37159264,1.7571331,0.9273040186963369,-0.3419559689666734,3,probe,template_vs_ordinary,22
enc.mlp.L6.n1934,neuron,encoder,mlp,6,-0.51635784,-0.5211893,-0.47645363,0.35776547,-1.7514673,0.770423715896967,0.1541766842060622,3,probe,template_vs_ordinary,23
enc.mlp.L6.n1398,neuron,encoder,mlp,6,-0.3999656,-0.38029575,-0.36442247,0.29638857,-1.7407738,0.7795496113397348,0.15088052723863574,3,probe,template_vs_ordinary,24
dec.mlp.L4.n1181,neuron,decoder,mlp,4,-0.9497573,-1.0593168,-0.37747097,-0.40015194,1.7370099,0.9179431489102271,-0.2477207359079129,3,probe,template_vs_ordinary,25
dec.self.L6.head5,head,decoder,self,6,1.3732446,1.4592825,0.7435681,-0.13406931,0.6086513,0.7541025250215921,0.3002559773087548,3,mean_diff,toxic_vs_reference,1
dec.cross.L6.head3,head,decoder,cross,6,1.2918371,1.4337889,0.63816875,0.50903314,0.50803393,0.7313227150332775,0.21089625270394877,3,mean_diff,toxic_vs_reference,2
dec.self.L6.head0,head,decoder,self,6,1.2427782,1.4188243,0.631612,0.008220748,0.22073756,0.7617042625616014,0.4433469800796266,3,mean_diff,toxic_vs_reference,3
dec.cross.L3.head3,head,decoder,cross,3,1.3066428,1.4009224,0.67672366,0.025337957,0.52969027,0.7706840928720217,0.34015587444559675,3,mean_diff,toxic_vs_reference,4
dec.self.L4.head2,head,decoder,self,4,1.2461663,1.3803054,0.6659439,0.075506136,0.12202064,0.7677246862774983,0.45606965047956877,3,mean_diff,toxic_vs_reference,5
dec.cross.L4.head4,head,decoder,cross,4,1.2243843,1.319507,0.6244356,0.027485585,0.7158533,0.811709343087944,0.2637264873189034,3,mean_diff,toxic_vs_reference,6
dec.cross.L5.head7,head,decoder,cross,5,1.284195,1.2780514,0.7479586,-0.28518763,2.2319078,0.6562960422699792,0.0579637182264802,3,mean_diff,toxic_vs_reference,7
dec.self.L6.head6,head,decoder,self,6,-1.1555899,-1.2657152,-0.5430251,-0.21519685,0.14252931,0.8377978458568308,-0.30965585372360394,3,mean_diff,toxic_vs_reference,8
dec.cross.L2.head1,head,decoder,cross,2,1.2573175,1.2611299,0.7729055,-0.2912322,2.2531264,0.6595475791291977,0.10701430643761138,3,mean_diff,toxic_vs_reference,9
dec.self.L3.head1,head,decoder,self,3,-1.0081886,-1.230426,-0.54470354,-0.09925756,0.36294654,0.7858875679520398,-0.35686988166985234,3,mean_diff,toxic_vs_reference,10
dec.cross.L3.head0,head,decoder,cross,3,-1.0633496,-1.2283778,-0.53681517,-0.023229614,-0.44205824,0.7457641111619164,-0.5200577430517005,3,mean_diff,toxic_vs_reference,11
dec.cross.L0.head9,head,decoder,cross,0,1.2095184,1.2237622,0.75601536,-0.26168668,2.1045287,0.6912754661382919,0.15186295648736944,3,mean_diff,toxic_vs_reference,12
dec.self.L5.head3,head,decoder,self,5,-1.0646304,-1.2212609,-0.58864284,0.030406728,-0.3604106,0.7209203373469492,-0.18784260832855593,3,mean_diff,toxic_vs_reference,13
dec.self.L3.head6,head,decoder,self,3,-1.0277653,-1.2090436,-0.48592386,-0.073339954,0.06568973,0.7988683127572016,-0.4028891782192572,3,mean_diff,toxic_vs_reference,14
dec.self.L4.head0,head,decoder,self,4,1.0554816,1.2043716,0.5353317,0.10419002,-0.48036996,0.8124650713813951,0.44686141769212445,3,mean_diff,toxic_vs_reference,15
dec.cross.L3.head1,head,decoder,cross,3,1.0607444,1.1498481,0.5823338,0.2181046,0.7136523,0.7404994157394706,-0.012458114181023603,3,mean_diff,toxic_vs_reference,16
dec.cross.L3.head5,head,decoder,cross,3,1.0665544,1.1282501,0.58124906,0.030359834,0.06453929,0.7995097292079459,0.24579593024301846,3,mean_diff,toxic_vs_reference,17
enc.self.L11.head2,head,encoder,self,11,0.99336344,1.1226156,0.48504105,0.2978802,-0.3580328,0.8291355484428187,0.21512147826542016,3,mean_diff,toxic_vs_reference,18
dec.self.L5.head6,head,decoder,self,5,-1.0404376,-1.0967745,-0.5435125,0.05692242,-0.55998546,0.7074886958288878,-0.22599119800204212,3,mean_diff,toxic_vs_reference,19
dec.self.L6.head7,head,decoder,self,6,1.0178026,1.0794235,0.39567766,0.07678866,-0.6349532,0.9069501600365797,0.14914650752019007,3,mean_diff,toxic_vs_reference,20
dec.cross.L6.head9,head,decoder,cross,6,1.0174879,1.0439534,0.63091326,-0.16754265,1.981958,0.6498945790783925,-0.19928911838220364,3,mean_diff,toxic_vs_reference,21
dec.self.L5.head0,head,decoder,self,5,0.86792904,1.0158281,0.49263063,0.1311,-0.64383435,0.8087562871513488,0.4331563811771651,3,mean_diff,toxic_vs_reference,22
dec.self.L4.head7,head,decoder,self,4,0.85478425,1.0129725,0.43859616,0.18270965,-0.9227736,0.8584374841233552,0.374403106182218,3,mean_diff,toxic_vs_reference,23
dec.self.L6.head8,head,decoder,self,6,-0.88996696,-0.96746206,-0.42027596,-0.32621932,1.6561232,0.9127546613829193,-0.34185992025967266,3,mean_diff,toxic_vs_reference,24
dec.self.L3.head9,head,decoder,self,3,0.8894623,0.9619978,0.6004276,0.14104198,-0.12510973,0.7912030686379108,0.23611893947028997,3,mean_diff,toxic_vs_reference,25
dec.mlp.L4.n1181,neuron,decoder,mlp,4,1.1198004,1.2482845,0.48158705,0.26086852,-1.1009899,0.8918101915358432,0.3494854430114252,3,mean_diff,toxic_vs_reference,1
dec.mlp.L6.n154,neuron,decoder,mlp,6,1.0271093,1.1925129,0.45949873,0.3632567,0.10280755,0.8038345272570239,0.42308056608915595,3,mean_diff,toxic_vs_reference,2
enc.mlp.L8.n10,neuron,encoder,mlp,8,1.1517383,1.1826849,0.6472381,-0.24305058,1.0379313,0.7009157648732408,0.15477649020145787,3,mean_diff,toxic_vs_reference,3
enc.mlp.L6.n1688,neuron,encoder,mlp,6,-1.1356277,-1.1822836,-0.5198805,0.040399432,-0.80020404,0.6845564700502971,-0.17748069041959721,3,mean_diff,toxic_vs_reference,4
dec.mlp.L6.n1663,neuron,decoder,mlp,6,1.140738,1.128695,0.3657271,-0.14583005,0.47158715,0.6513615810597978,0.1547507031543269,3,mean_diff,toxic_vs_reference,5
dec.mlp.L4.n649,neuron,decoder,mlp,4,-1.0472107,-1.1186581,-0.45624658,-0.21861301,0.11222724,0.7683279987806738,0.019824274204231298,3,mean_diff,toxic_vs_reference,6
dec.mlp.L6.n437,neuron,decoder,mlp,6,1.0899912,1.0915271,0.5815325,-0.058957893,0.2191451,0.7741579027587259,0.27585603798252506,3,mean_diff,toxic_vs_reference,7
dec.mlp.L6.n1006,neuron,decoder,mlp,6,1.0280261,1.0907531,0.44785687,0.037856963,0.12588416,0.812064979931921,0.3055946386751589,3,mean_diff,toxic_vs_reference,8
dec.mlp.L4.n271,neuron,decoder,mlp,4,-0.8634872,-1.0903502,-0.5126702,0.07833011,-0.7978895,0.7140108215211095,-0.3805865034716918,3,mean_diff,toxic_vs_reference,9
enc.mlp.L4.n361,neuron,encoder,mlp,4,0.93364125,1.088682,0.4272096,0.07374622,-0.19502378,0.771376314586191,0.22572027371102946,3,mean_diff,toxic_vs_reference,10
dec.mlp.L4.n1030,neuron,decoder,mlp,4,0.95703524,1.0873108,0.41227388,0.3348311,-1.2861624,0.8814776710867246,0.15305563359097268,3,mean_diff,toxic_vs_reference,11
dec.mlp.L4.n1653,neuron,decoder,mlp,4,-1.0372123,-1.08003,-0.55045533,-0.19340746,0.33215526,0.8173995325915765,-0.0689666234473826,3,mean_diff,toxic_vs_reference,12
enc.mlp.L8.n1328,neuron,encoder,mlp,8,0.9019607,1.0352222,0.42857173,0.20930533,-0.51282054,0.8490131077579637,0.3306761984425925,3,mean_diff,toxic_vs_reference,13
enc.mlp.L6.n1465,neuron,encoder,mlp,6,-0.9398508,-1.0293654,-0.50616145,0.2122894,-1.1591061,0.7235177564395672,0.04305931706284449,3,mean_diff,toxic_vs_reference,14
dec.mlp.L6.n76,neuron,decoder,mlp,6,0.9506283,1.0277891,0.41139627,-0.22106366,0.07783916,0.7589544276787076,0.15139408015422448,3,mean_diff,toxic_vs_reference,15
dec.mlp.L6.n225,neuron,decoder,mlp,6,-0.8735487,-0.9888768,-0.37863454,-0.1023146,0.7778656,0.8932390895696795,-0.1726270798704351,3,mean_diff,toxic_vs_reference,16
enc.mlp.L8.n502,neuron,encoder,mlp,8,-0.9238551,-0.9529276,-0.42267457,0.06563216,-0.07227368,0.7116420261139055,0.010112657116614037,3,mean_diff,toxic_vs_reference,17
dec.mlp.L6.n401,neuron,decoder,mlp,6,0.85422564,0.95231897,0.354026,-0.18547036,0.05330584,0.7080539043844943,0.2352281329187296,3,mean_diff,toxic_vs_reference,18
dec.mlp.L4.n1128,neuron,decoder,mlp,4,0.84600514,0.9419995,0.38797817,0.29857075,-0.9771829,0.872758217751359,0.26245461563504063,3,mean_diff,toxic_vs_reference,19
enc.mlp.L8.n1180,neuron,encoder,mlp,8,0.90191895,0.9406398,0.5065047,-0.21055508,1.1514012,0.6778438246202306,-0.33314765950162517,3,mean_diff,toxic_vs_reference,20
dec.mlp.L6.n44,neuron,decoder,mlp,6,-0.9721977,-0.93898994,-0.4661689,0.11690441,-0.2279227,0.7759106843468984,-0.32718595922109356,3,mean_diff,toxic_vs_reference,21
enc.mlp.L8.n2039,neuron,encoder,mlp,8,-0.81625324,-0.9372743,-0.43364406,-0.19475235,-0.2995561,0.7510923131636438,-0.2426802708514976,3,mean_diff,toxic_vs_reference,22
enc.mlp.L8.n1684,neuron,encoder,mlp,8,-0.9094774,-0.9212505,-0.5197376,0.3824149,-1.1025058,0.6278514454097445,0.03689777738525533,3,mean_diff,toxic_vs_reference,23
dec.mlp.L4.n813,neuron,decoder,mlp,4,0.87739325,0.88961893,0.46081302,0.06180717,0.31672555,0.7546931362089113,0.21470297033435615,3,mean_diff,toxic_vs_reference,24
dec.mlp.L4.n318,neuron,decoder,mlp,4,-0.76074535,-0.8873756,-0.36997926,0.036901165,-0.08979961,0.7056470050297211,-0.0639149726224467,3,mean_diff,toxic_vs_reference,25
dec.cross.L2.head1,head,decoder,cross,2,1.2573175,1.2611299,0.7729055,-0.2912322,2.2531264,0.6595475791291977,0.10701430643761138,3,mean_diff,toxic_vs_generated,1
dec.cross.L0.head9,head,decoder,cross,0,1.2095184,1.2237622,0.75601536,-0.26168668,2.1045287,0.6912754661382919,0.15186295648736944,3,mean_diff,toxic_vs_generated,2
dec.cross.L5.head7,head,decoder,cross,5,1.284195,1.2780514,0.7479586,-0.28518763,2.2319078,0.6562960422699792,0.0579637182264802,3,mean_diff,toxic_vs_generated,3
dec.self.L6.head5,head,decoder,self,6,1.3732446,1.4592825,0.7435681,-0.13406931,0.6086513,0.7541025250215921,0.3002559773087548,3,mean_diff,toxic_vs_generated,4
dec.cross.L3.head3,head,decoder,cross,3,1.3066428,1.4009224,0.67672366,0.025337957,0.52969027,0.7706840928720217,0.34015587444559675,3,mean_diff,toxic_vs_generated,5
dec.self.L4.head2,head,decoder,self,4,1.2461663,1.3803054,0.6659439,0.075506136,0.12202064,0.7677246862774983,0.45606965047956877,3,mean_diff,toxic_vs_generated,6
dec.cross.L6.head3,head,decoder,cross,6,1.2918371,1.4337889,0.63816875,0.50903314,0.50803393,0.7313227150332775,0.21089625270394877,3,mean_diff,toxic_vs_generated,7
dec.self.L6.head0,head,decoder,self,6,1.2427782,1.4188243,0.631612,0.008220748,0.22073756,0.7617042625616014,0.4433469800796266,3,mean_diff,toxic_vs_generated,8
dec.cross.L6.head9,head,decoder,cross,6,1.0174879,1.0439534,0.63091326,-0.16754265,1.981958,0.6498945790783925,-0.19928911838220364,3,mean_diff,toxic_vs_generated,9
dec.cross.L4.head4,head,decoder,cross,4,1.2243843,1.319507,0.6244356,0.027485585,0.7158533,0.811709343087944,0.2637264873189034,3,mean_diff,toxic_vs_generated,10
dec.self.L2.head4,head,decoder,self,2,0.7146518,0.6318299,0.6241527,-0.10980201,1.1024785,0.722139663669156,0.294166141135863,3,mean_diff,toxic_vs_generated,11
dec.cross.L2.head3,head,decoder,cross,2,0.90109605,0.8376357,0.6087995,-0.25532424,1.5304524,0.6311537875323884,0.04522078456707429,3,mean_diff,toxic_vs_generated,12
dec.self.L3.head9,head,decoder,self,3,0.8894623,0.9619978,0.6004276,0.14104198,-0.12510973,0.7912030686379108,0.23611893947028997,3,mean_diff,toxic_vs_generated,13
dec.self.L1.head11,head,decoder,self,1,-0.7299164,-0.6864834,-0.59931237,0.35176304,-1.9547514,0.6927234161459127,-0.13928252351877943,3,mean_diff,toxic_vs_generated,14
dec.self.L3.head10,head,decoder,self,3,-0.63830096,-0.6435604,-0.5943671,0.28300002,-1.9661736,0.6421340750901793,-0.038794587418434986,3,mean_diff,toxic_vs_generated,15
dec.self.L1.head7,head,decoder,self,1,-0.72581774,-0.6684125,-0.59030145,0.21993272,-1.7422737,0.7131598333587359,-0.19220162678486327,3,mean_diff,toxic_vs_generated,16
dec.self.L5.head3,head,decoder,self,5,-1.0646304,-1.2212609,-0.58864284,0.030406728,-0.3604106,0.7209203373469492,-0.18784260832855593,3,mean_diff,toxic_vs_generated,17
dec.cross.L3.head1,head,decoder,cross,3,1.0607444,1.1498481,0.5823338,0.2181046,0.7136523,0.7404994157394706,-0.012458114181023603,3,mean_diff,toxic_vs_generated,18
dec.self.L1.head6,head,decoder,self,1,-0.75340766,-0.7511327,-0.5818575,0.32892647,-1.4135283,0.7040402885738963,-0.3995070981818449,3,mean_diff,toxic_vs_generated,19
dec.cross.L3.head5,head,decoder,cross,3,1.0665544,1.1282501,0.58124906,0.030359834,0.06453929,0.7995097292079459,0.24579593024301846,3,mean_diff,toxic_vs_generated,20
dec.self.L1.head3,head,decoder,self,1,-0.6276099,-0.60374224,-0.5676643,0.3594207,-1.6606635,0.7163288116648885,-0.3285733877094411,3,mean_diff,toxic_vs_generated,21
dec.self.L2.head6,head,decoder,self,2,-0.81942034,-0.91168517,-0.56602633,0.19490416,-1.0746906,0.7699728191840675,-0.3925579132712346,3,mean_diff,toxic_vs_generated,22
dec.self.L3.head1,head,decoder,self,3,-1.0081886,-1.230426,-0.54470354,-0.09925756,0.36294654,0.7858875679520398,-0.35686988166985234,3,mean_diff,toxic_vs_generated,23
dec.self.L5.head6,head,decoder,self,5,-1.0404376,-1.0967745,-0.5435125,0.05692242,-0.55998546,0.7074886958288878,-0.22599119800204212,3,mean_diff,toxic_vs_generated,24
dec.self.L6.head6,head,decoder,self,6,-1.1555899,-1.2657152,-0.5430251,-0.21519685,0.14252931,0.8377978458568308,-0.30965585372360394,3,mean_diff,toxic_vs_generated,25
enc.mlp.L8.n10,neuron,encoder,mlp,8,1.1517383,1.1826849,0.6472381,-0.24305058,1.0379313,0.7009157648732408,0.15477649020145787,3,mean_diff,toxic_vs_generated,1
dec.mlp.L6.n437,neuron,decoder,mlp,6,1.0899912,1.0915271,0.5815325,-0.058957893,0.2191451,0.7741579027587259,0.27585603798252506,3,mean_diff,toxic_vs_generated,2
dec.mlp.L6.n1018,neuron,decoder,mlp,6,-0.684838,-0.59024185,-0.57337624,0.47867313,-1.3854233,0.7737768632830361,-0.002087281938153112,3,mean_diff,toxic_vs_generated,3
enc.mlp.L4.n261,neuron,encoder,mlp,4,-0.80130523,-0.7953186,-0.5576238,0.22718279,-1.6832829,0.6742938068383885,0.07246618725799249,3,mean_diff,toxic_vs_generated,4
dec.mlp.L4.n1653,neuron,decoder,mlp,4,-1.0372123,-1.08003,-0.55045533,-0.19340746,0.33215526,0.8173995325915765,-0.0689666234473826,3,mean_diff,toxic_vs_generated,5
enc.mlp.L4.n661,neuron,encoder,mlp,4,0.6650758,0.8317256,0.5418318,-0.0038468118,0.8810582,0.7313544683229183,0.05380386395815464,3,mean_diff,toxic_vs_generated,6
dec.mlp.L4.n1885,neuron,decoder,mlp,4,-0.74279386,-0.8305629,-0.5413985,0.16340245,-0.7417648,0.6994424122339075,0.013181778219281215,3,mean_diff,toxic_vs_generated,7
enc.mlp.L6.n1688,neuron,encoder,mlp,6,-1.1356277,-1.1822836,-0.5198805,0.040399432,-0.80020404,0.6845564700502971,-0.17748069041959721,3,mean_diff,toxic_vs_generated,8
enc.mlp.L8.n1684,neuron,encoder,mlp,8,-0.9094774,-0.9212505,-0.5197376,0.3824149,-1.1025058,0.6278514454097445,0.03689777738525533,3,mean_diff,toxic_vs_generated,9
enc.mlp.L6.n1962,neuron,encoder,mlp,6,0.7518938,0.8182986,0.5158083,-0.3429145,1.7866036,0.7080666057003505,-0.016826598293271225,3,mean_diff,toxic_vs_generated,10
enc.mlp.L4.n287,neuron,encoder,mlp,4,-0.57971483,-0.64124054,-0.5131904,0.1707145,-1.6752748,0.6814319463496418,0.15992570297835276,3,mean_diff,toxic_vs_generated,11
dec.mlp.L4.n271,neuron,decoder,mlp,4,-0.8634872,-1.0903502,-0.5126702,0.07833011,-0.7978895,0.7140108215211095,-0.3805865034716918,3,mean_diff,toxic_vs_generated,12
enc.mlp.L8.n1180,neuron,encoder,mlp,8,0.90191895,0.9406398,0.5065047,-0.21055508,1.1514012,0.6778438246202306,-0.33314765950162517,3,mean_diff,toxic_vs_generated,13
enc.mlp.L6.n1465,neuron,encoder,mlp,6,-0.9398508,-1.0293654,-0.50616145,0.2122894,-1.1591061,0.7235177564395672,0.04305931706284449,3,mean_diff,toxic_vs_generated,14
enc.mlp.L4.n609,neuron,encoder,mlp,4,-0.7113292,-0.76435566,-0.50287503,0.23141891,-1.7615672,0.6910785957425188,0.32287656334049664,3,mean_diff,toxic_vs_generated,15
enc.mlp.L8.n1508,neuron,encoder,mlp,8,0.8282771,0.82228273,0.5028187,-0.19280152,1.5019516,0.7135980287557792,-0.4195561715415588,3,mean_diff,toxic_vs_generated,16
dec.mlp.L6.n1531,neuron,decoder,mlp,6,0.25747705,0.3141549,0.5009447,-0.30423266,1.4356514,0.7423538078544937,-0.22984277077024984,3,mean_diff,toxic_vs_generated,17
enc.mlp.L8.n237,neuron,encoder,mlp,8,0.6754921,0.67153335,0.49220455,-0.22209537,2.0999272,0.7584590763603108,-0.27338424176364784,3,mean_diff,toxic_vs_generated,18
dec.mlp.L4.n823,neuron,decoder,mlp,4,-0.45782673,-0.47910348,-0.48949537,0.24824919,-1.608687,0.7775872580399329,-0.17008641201908514,3,mean_diff,toxic_vs_generated,19
enc.mlp.L8.n916,neuron,encoder,mlp,8,0.6776721,0.754286,0.4891754,-0.037432026,1.7103386,0.724343341970228,0.04148450563343784,3,mean_diff,toxic_vs_generated,20
dec.mlp.L6.n1960,neuron,decoder,mlp,6,0.8240326,0.86327124,0.48853126,-0.1354989,1.4943452,0.7338312249149012,-0.010094162793814537,3,mean_diff,toxic_vs_generated,21
enc.mlp.L6.n1944,neuron,encoder,mlp,6,0.60457253,0.6205376,0.4885237,-0.32590535,2.127456,0.8369278057206726,-0.1657763915146649,3,mean_diff,toxic_vs_generated,22
enc.mlp.L4.n489,neuron,encoder,mlp,4,0.60933346,0.69623786,0.48829484,-0.16045907,1.7408625,0.6953081339226744,-0.05183593136226444,3,mean_diff,toxic_vs_generated,23
dec.mlp.L4.n1968,neuron,decoder,mlp,4,0.59737915,0.7189949,0.48270857,-0.115499556,1.3426224,0.6361835086114921,0.027782418013046112,3,mean_diff,toxic_vs_generated,24
enc.mlp.L8.n1046,neuron,encoder,mlp,8,-0.60934395,-0.61331683,-0.48191366,0.35409772,-2.1965363,0.7551884875273078,0.18904664187536543,3,mean_diff,toxic_vs_generated,25
dec.self.L2.head11,head,decoder,self,2,-0.15869887,-0.2914717,0.031088194,-0.5667899,1.3679489,0.8565132347711223,-0.13563029184669162,3,mean_diff,copy_vs_ordinary,1
dec.cross.L6.head3,head,decoder,cross,6,1.2918371,1.4337889,0.63816875,0.50903314,0.50803393,0.7313227150332775,0.21089625270394877,3,mean_diff,copy_vs_ordinary,2
dec.cross.L6.head7,head,decoder,cross,6,0.3286226,0.38733402,0.0761491,0.47015408,-1.7376505,0.9628359498043997,0.43759326609046695,3,mean_diff,copy_vs_ordinary,3
enc.self.L11.head3,head,encoder,self,11,-0.04589529,-0.07605506,0.101525836,-0.46713337,1.7162685,0.9124117258547986,-0.442937107547638,3,mean_diff,copy_vs_ordinary,4
dec.self.L4.head5,head,decoder,self,4,0.70837903,0.7002658,0.42296657,-0.45831358,1.1546489,0.6904181273179901,-0.1488973042027038,3,mean_diff,copy_vs_ordinary,5
dec.cross.L6.head2,head,decoder,cross,6,-0.095703125,-0.09951875,0.066373564,-0.45612058,1.7306134,0.9378842148046537,-0.02649820677346172,3,mean_diff,copy_vs_ordinary,6
enc.self.L7.head8,head,encoder,self,7,0.37128982,0.3772304,0.33210877,-0.45444512,1.3047081,0.8499847584209723,-0.10576401960172149,3,mean_diff,copy_vs_ordinary,7
enc.self.L11.head6,head,encoder,self,11,-0.005473902,-0.08275787,0.080827974,-0.45103535,1.338975,0.8464982472184118,-0.17046560310842926,3,mean_diff,copy_vs_ordinary,8
dec.cross.L5.head5,head,decoder,cross,5,-0.026496286,-0.050504982,0.09396649,-0.43138698,1.0616165,0.8913275415333027,0.19147204379226113,3,mean_diff,copy_vs_ordinary,9
dec.cross.L4.head0,head,decoder,cross,4,0.46658906,0.44033775,0.17761572,0.41746983,-0.67248774,0.8135637352029671,0.11806761970252698,3,mean_diff,copy_vs_ordinary,10
enc.self.L4.head10,head,encoder,self,4,-0.40371463,-0.4032915,-0.32067835,0.41227975,-0.9873398,0.6812223746380125,0.12687677108082768,3,mean_diff,copy_vs_ordinary,11
dec.self.L2.head2,head,decoder,self,2,-0.3189521,-0.25628832,-0.37124017,0.4095507,-2.0571864,0.755868007925621,-0.007715302874800457,3,mean_diff,copy_vs_ordinary,12
dec.cross.L2.head6,head,decoder,cross,2,-0.08059016,-0.15885659,0.0853793,-0.4080757,1.6906266,0.9600226083422242,-0.23634513110116936,3,mean_diff,copy_vs_ordinary,13
dec.self.L3.head0,head,decoder,self,3,-0.4016862,-0.49081948,-0.056499377,-0.40514025,0.5480712,0.7906442107402327,0.314840227525712,3,mean_diff,copy_vs_ordinary,14
dec.cross.L2.head5,head,decoder,cross,2,-0.5515227,-0.54255116,-0.36033297,0.3986988,-2.0656402,0.9164761469288217,-0.008210923008230448,3,mean_diff,copy_vs_ordinary,15
dec.self.L1.head10,head,decoder,self,1,-0.29210594,-0.22886129,-0.3740301,0.3958558,-1.8376495,0.8083815983335874,-0.12023952398705252,3,mean_diff,copy_vs_ordinary,16
enc.self.L8.head8,head,encoder,self,8,0.3144503,0.39971736,0.1251707,0.39189717,-1.3603803,0.9151425087639079,0.1649098347456062,3,mean_diff,copy_vs_ordinary,17
dec.self.L1.head1,head,decoder,self,1,-0.5379321,-0.5157943,-0.48332897,0.38816094,-1.3826904,0.7815437179291775,-0.37439980064785033,3,mean_diff,copy_vs_ordinary,18
dec.cross.L3.head11,head,decoder,cross,3,0.11299696,0.06804255,0.06463304,-0.3821638,0.9167319,0.8508420972412741,-0.3780184280408528,3,mean_diff,copy_vs_ordinary,19
dec.cross.L4.head2,head,decoder,cross,4,-0.58764976,-0.6069012,-0.35872588,0.37790906,-1.2272216,0.7663846974546562,-0.14199018831820423,3,mean_diff,copy_vs_ordinary,20
enc.self.L8.head9,head,encoder,self,8,-0.15362854,-0.15208457,0.058561374,-0.3768855,1.5367876,0.8865200934816847,-0.24446249711223686,3,mean_diff,copy_vs_ordinary,21
enc.self.L5.head10,head,encoder,self,5,0.28469858,0.34879684,0.17544775,-0.3727758,0.12532301,0.7397119341563786,-0.05673792963461354,3,mean_diff,copy_vs_ordinary,22
enc.self.L5.head8,head,encoder,self,5,-0.11632329,-0.13482063,-0.17103165,0.37210646,-1.0797528,0.7598117664990093,0.08220252361818242,3,mean_diff,copy_vs_ordinary,23
enc.self.L8.head1,head,encoder,self,8,0.25464818,0.23162979,0.23074584,-0.37132016,1.1148996,0.7859574251892495,-0.2752523689804287,3,mean_diff,copy_vs_ordinary,24
enc.self.L5.head6,head,encoder,self,5,0.20685087,0.2119221,0.20110834,-0.36972344,1.4893075,0.9142788192856779,-0.20927209369646496,3,mean_diff,copy_vs_ordinary,25
enc.mlp.L6.n766,neuron,encoder,mlp,6,0.08512353,0.12964499,0.0061468505,0.61335653,-0.5550495,0.8049712950261646,0.16689499644068975,3,mean_diff,copy_vs_ordinary,1
dec.mlp.L6.n230,neuron,decoder,mlp,6,0.097086586,-0.010795408,-0.021952853,-0.57454216,0.4456204,0.7330945485952345,-0.2860188798424144,3,mean_diff,copy_vs_ordinary,2
dec.mlp.L6.n2043,neuron,decoder,mlp,6,-0.15799041,-0.22186951,0.1571418,-0.5724745,0.78151006,0.842884722857288,-0.19235026347241516,3,mean_diff,copy_vs_ordinary,3
dec.mlp.L6.n404,neuron,decoder,mlp,6,-0.1579652,-0.12751402,-0.15188973,0.57138115,-1.0446484,0.8652263374485596,0.38747861896508046,3,mean_diff,copy_vs_ordinary,4
dec.mlp.L4.n248,neuron,decoder,mlp,4,-0.20134418,-0.13852678,-0.10952877,0.51499766,-0.32266733,0.7220253518264492,0.21639055559160458,3,mean_diff,copy_vs_ordinary,5
enc.mlp.L6.n1042,neuron,encoder,mlp,6,-0.15945649,-0.17113836,-0.035136286,-0.5141566,0.22193271,0.7951658791850836,-0.056764966210096045,3,mean_diff,copy_vs_ordinary,6
enc.mlp.L8.n1973,neuron,encoder,mlp,8,-0.3185227,-0.35052133,-0.23692553,0.5124589,-0.7695618,0.7926256160138191,0.18953810782760439,3,mean_diff,copy_vs_ordinary,7
dec.mlp.L6.n893,neuron,decoder,mlp,6,0.24875654,0.29909322,0.14695354,0.5095754,-0.9984579,0.9308476858202509,0.3209761690774589,3,mean_diff,copy_vs_ordinary,8
enc.mlp.L4.n1743,neuron,encoder,mlp,4,0.0379294,-0.029901745,-0.118499756,0.49372074,-0.78944796,0.8168597266676828,0.2912197017035693,3,mean_diff,copy_vs_ordinary,9
enc.mlp.L6.n176,neuron,encoder,mlp,6,0.19458973,0.16869044,-0.039526116,0.49198496,-1.0593857,0.8885904079662653,0.17592538791495585,3,mean_diff,copy_vs_ordinary,10
enc.mlp.L8.n307,neuron,encoder,mlp,8,-0.088118464,-0.16513841,-0.0143516585,-0.49016562,0.5603287,0.7823756541177666,-0.18086532377185335,3,mean_diff,copy_vs_ordinary,11
dec.mlp.L6.n788,neuron,decoder,mlp,6,0.08629155,0.10412023,0.108345754,-0.4898552,1.7111344,0.9539259767311893,-0.41217779399410154,3,mean_diff,copy_vs_ordinary,12
dec.mlp.L6.n806,neuron,decoder,mlp,6,0.38963687,0.46342635,0.19012363,0.48738277,-1.161147,0.8851547020271301,0.18967247088655445,3,mean_diff,copy_vs_ordinary,13
enc.mlp.L8.n1821,neuron,encoder,mlp,8,-0.2350138,-0.17059068,-0.14968283,0.4824237,-0.77915883,0.6803459838439262,0.22072713725221724,3,mean_diff,copy_vs_ordinary,14
enc.mlp.L8.n274,neuron,encoder,mlp,8,0.16215272,0.15612267,0.28469202,-0.48212743,2.2107534,0.8989800843367374,-0.19144509594726222,3,mean_diff,copy_vs_ordinary,15
dec.mlp.L6.n1399,neuron,decoder,mlp,6,0.07498153,0.010352167,0.15280761,-0.4802983,0.047566395,0.6858583549255703,0.06406136616223801,3,mean_diff,copy_vs_ordinary,16
dec.mlp.L6.n1398,neuron,decoder,mlp,6,-0.062185887,-0.10504544,0.00036317235,0.47888067,-0.5131315,0.8725168927500889,0.2301323603980776,3,mean_diff,copy_vs_ordinary,17
dec.mlp.L6.n1018,neuron,decoder,mlp,6,-0.684838,-0.59024185,-0.57337624,0.47867313,-1.3854233,0.7737768632830361,-0.002087281938153112,3,mean_diff,copy_vs_ordinary,18
dec.mlp.L4.n1333,neuron,decoder,mlp,4,-0.10850889,-0.09507846,-0.095128976,-0.47787476,-0.31518963,0.7871386475638876,0.011464683747927551,3,mean_diff,copy_vs_ordinary,19
enc.mlp.L6.n241,neuron,encoder,mlp,6,-0.015010172,0.006676735,0.09175804,-0.47682866,1.207799,0.8863676776914088,-0.331060951565843,3,mean_diff,copy_vs_ordinary,20
enc.mlp.L6.n58,neuron,encoder,mlp,6,-0.01693852,-0.067899294,-0.20366253,0.47669134,-1.6768155,0.8844878829446731,0.21850035912144347,3,mean_diff,copy_vs_ordinary,21
dec.mlp.L4.n1321,neuron,decoder,mlp,4,-0.13807157,-0.1885498,-0.013820723,-0.47497344,0.8328476,0.789005740994767,-0.28195099747261154,3,mean_diff,copy_vs_ordinary,22
enc.mlp.L8.n1423,neuron,encoder,mlp,8,0.089375675,0.019120099,0.1828711,-0.4739513,1.3233664,0.9061499771376315,-0.035871887950586975,3,mean_diff,copy_vs_ordinary,23
enc.mlp.L6.n1787,neuron,encoder,mlp,6,-0.21461822,-0.28981236,-0.22531968,0.47374985,-0.9876656,0.8557638571355993,0.1351490896656313,3,mean_diff,copy_vs_ordinary,24
enc.mlp.L6.n285,neuron,encoder,mlp,6,-0.019115306,-0.022340225,-0.11980736,0.4730824,-1.1286514,0.8778260427780319,0.17501348107927417,3,mean_diff,copy_vs_ordinary,25
dec.cross.L2.head1,head,decoder,cross,2,1.2573175,1.2611299,0.7729055,-0.2912322,2.2531264,0.6595475791291977,0.10701430643761138,3,mean_diff,template_vs_ordinary,1
dec.cross.L5.head7,head,decoder,cross,5,1.284195,1.2780514,0.7479586,-0.28518763,2.2319078,0.6562960422699792,0.0579637182264802,3,mean_diff,template_vs_ordinary,2
dec.cross.L0.head9,head,decoder,cross,0,1.2095184,1.2237622,0.75601536,-0.26168668,2.1045287,0.6912754661382919,0.15186295648736944,3,mean_diff,template_vs_ordinary,3
dec.cross.L2.head5,head,decoder,cross,2,-0.5515227,-0.54255116,-0.36033297,0.3986988,-2.0656402,0.9164761469288217,-0.008210923008230448,3,mean_diff,template_vs_ordinary,4
dec.self.L2.head2,head,decoder,self,2,-0.3189521,-0.25628832,-0.37124017,0.4095507,-2.0571864,0.755868007925621,-0.007715302874800457,3,mean_diff,template_vs_ordinary,5
dec.cross.L6.head9,head,decoder,cross,6,1.0174879,1.0439534,0.63091326,-0.16754265,1.981958,0.6498945790783925,-0.19928911838220364,3,mean_diff,template_vs_ordinary,6
dec.self.L3.head10,head,decoder,self,3,-0.63830096,-0.6435604,-0.5943671,0.28300002,-1.9661736,0.6421340750901793,-0.038794587418434986,3,mean_diff,template_vs_ordinary,7
dec.self.L1.head11,head,decoder,self,1,-0.7299164,-0.6864834,-0.59931237,0.35176304,-1.9547514,0.6927234161459127,-0.13928252351877943,3,mean_diff,template_vs_ordinary,8
enc.self.L10.head4,head,encoder,self,10,-0.47150972,-0.47303662,-0.34486333,0.28026664,-1.9244722,0.8723898795915256,0.4924025463890245,3,mean_diff,template_vs_ordinary,9
dec.cross.L3.head9,head,decoder,cross,3,0.60518736,0.6098227,0.4679003,-0.3162069,1.8529973,0.8051173601585124,-0.06171595675834551,3,mean_diff,template_vs_ordinary,10
dec.cross.L1.head7,head,decoder,cross,1,-0.13938385,-0.08762115,-0.1887324,0.26534688,-1.8394299,0.9390209825737946,0.3652936770325836,3,mean_diff,template_vs_ordinary,11
dec.self.L1.head10,head,decoder,self,1,-0.29210594,-0.22886129,-0.3740301,0.3958558,-1.8376495,0.8083815983335874,-0.12023952398705252,3,mean_diff,template_vs_ordinary,12
dec.cross.L6.head0,head,decoder,cross,6,-0.18724482,-0.17507178,-0.09660924,0.27856937,-1.774089,0.9761151755321852,0.04668872250481874,3,mean_diff,template_vs_ordinary,13
dec.self.L1.head2,head,decoder,self,1,-0.4355851,-0.39417395,-0.45580783,0.35223445,-1.7476448,0.7710016257684297,-0.35192241329170404,3,mean_diff,template_vs_ordinary,14
dec.self.L1.head7,head,decoder,self,1,-0.72581774,-0.6684125,-0.59030145,0.21993272,-1.7422737,0.7131598333587359,-0.19220162678486327,3,mean_diff,template_vs_ordinary,15
dec.cross.L6.head7,head,decoder,cross,6,0.3286226,0.38733402,0.0761491,0.47015408,-1.7376505,0.9628359498043997,0.43759326609046695,3,mean_diff,template_vs_ordinary,16
dec.cross.L6.head2,head,decoder,cross,6,-0.095703125,-0.09951875,0.066373564,-0.45612058,1.7306134,0.9378842148046537,-0.02649820677346172,3,mean_diff,template_vs_ordinary,17
enc.self.L11.head3,head,encoder,self,11,-0.04589529,-0.07605506,0.101525836,-0.46713337,1.7162685,0.9124117258547986,-0.442937107547638,3,mean_diff,template_vs_ordinary,18
dec.cross.L0.head10,head,decoder,cross,0,-0.61481506,-0.6046331,-0.4870824,0.3667744,-1.7073383,0.7366953716405019,0.031046321610716163,3,mean_diff,template_vs_ordinary,19
dec.cross.L2.head9,head,decoder,cross,2,-0.29923904,-0.23082346,-0.3311906,0.3348113,-1.6992141,0.7567126454300666,0.06414712986729816,3,mean_diff,template_vs_ordinary,20
dec.cross.L2.head0,head,decoder,cross,2,-0.8165479,-0.94823986,-0.3336785,-0.34438977,1.691013,0.9122148554590256,-0.3803174111709448,3,mean_diff,template_vs_ordinary,21
dec.cross.L2.head6,head,decoder,cross,2,-0.08059016,-0.15885659,0.0853793,-0.4080757,1.6906266,0.9600226083422242,-0.23634513110116936,3,mean_diff,template_vs_ordinary,22
enc.self.L9.head3,head,encoder,self,9,-0.20648293,-0.2244885,0.009632742,-0.23184814,1.6814836,0.9322829345120155,-0.35714920915130954,3,mean_diff,template_vs_ordinary,23
dec.cross.L0.head6,head,decoder,cross,0,-0.38187733,-0.33855823,-0.4162368,0.2793228,-1.6800808,0.823718437230097,0.006081741075316323,3,mean_diff,template_vs_ordinary,24
dec.self.L1.head3,head,decoder,self,1,-0.6276099,-0.60374224,-0.5676643,0.3594207,-1.6606635,0.7163288116648885,-0.3285733877094411,3,mean_diff,template_vs_ordinary,25
enc.mlp.L8.n54,neuron,encoder,mlp,8,-0.35868344,-0.37749448,-0.4011831,0.2657487,-2.4348257,0.8104328608443835,0.18826675538602078,3,mean_diff,template_vs_ordinary,1
dec.mlp.L6.n234,neuron,decoder,mlp,6,0.22794692,0.25832123,0.07019394,0.30137467,-2.2377608,0.9661192399532591,0.2607908819182899,3,mean_diff,template_vs_ordinary,2
enc.mlp.L8.n2037,neuron,encoder,mlp,8,-0.55731887,-0.5691754,-0.44990388,0.34491894,-2.2309108,0.8451455570797135,0.24232663463997461,3,mean_diff,template_vs_ordinary,3
enc.mlp.L8.n1093,neuron,encoder,mlp,8,-0.46670246,-0.5628255,-0.4260303,0.3062391,-2.2126923,0.8290720418635371,0.18121835892767682,3,mean_diff,template_vs_ordinary,4
enc.mlp.L8.n274,neuron,encoder,mlp,8,0.16215272,0.15612267,0.28469202,-0.48212743,2.2107534,0.8989800843367374,-0.19144509594726222,3,mean_diff,template_vs_ordinary,5
enc.mlp.L8.n1046,neuron,encoder,mlp,8,-0.60934395,-0.61331683,-0.48191366,0.35409772,-2.1965363,0.7551884875273078,0.18904664187536543,3,mean_diff,template_vs_ordinary,6
dec.mlp.L6.n1522,neuron,decoder,mlp,6,0.048760924,0.04284674,0.073539935,-0.3273958,2.1791809,0.9400751917898694,-0.3307657458992306,3,mean_diff,template_vs_ordinary,7
dec.mlp.L6.n1392,neuron,decoder,mlp,6,-0.048795063,-0.040697034,-0.014645174,0.045779902,-2.1789083,0.9583079307016207,0.13378374638026794,3,mean_diff,template_vs_ordinary,8
dec.mlp.L6.n1731,neuron,decoder,mlp,6,-0.035706032,-0.02715323,0.014506765,-0.32082203,2.1769533,0.9890006604684246,-0.2991560182459215,3,mean_diff,template_vs_ordinary,9
dec.mlp.L4.n552,neuron,decoder,mlp,4,0.4961419,0.46486363,0.3891178,-0.24266018,2.1415472,0.8181425595691714,-0.2557802199291215,3,mean_diff,template_vs_ordinary,10
enc.mlp.L8.n1069,neuron,encoder,mlp,8,-0.46766028,-0.4895289,-0.42986903,0.31072542,-2.1386464,0.8527726972514352,0.31180732872638695,3,mean_diff,template_vs_ordinary,11
enc.mlp.L6.n1944,neuron,encoder,mlp,6,0.60457253,0.6205376,0.4885237,-0.32590535,2.127456,0.8369278057206726,-0.1657763915146649,3,mean_diff,template_vs_ordinary,12
enc.mlp.L8.n237,neuron,encoder,mlp,8,0.6754921,0.67153335,0.49220455,-0.22209537,2.0999272,0.7584590763603108,-0.27338424176364784,3,mean_diff,template_vs_ordinary,13
enc.mlp.L8.n1890,neuron,encoder,mlp,8,0.098605804,0.09651792,-0.12578206,0.32590702,-2.0306504,0.9450414062896916,0.20800858458853366,3,mean_diff,template_vs_ordinary,14
enc.mlp.L6.n430,neuron,encoder,mlp,6,-0.47763586,-0.48738444,-0.43302584,0.30821565,-2.0289328,0.7077490728039425,0.126823358568662,3,mean_diff,template_vs_ordinary,15
enc.mlp.L8.n1700,neuron,encoder,mlp,8,0.5546065,0.58500296,0.46369585,-0.24336584,2.0262926,0.854538180155464,-0.14730313326989164,3,mean_diff,template_vs_ordinary,16
enc.mlp.L8.n1357,neuron,encoder,mlp,8,-0.04271804,-0.05942348,-0.17148286,0.31021038,-2.0158694,0.9321368693796677,0.11132929722525044,3,mean_diff,template_vs_ordinary,17
dec.mlp.L6.n717,neuron,decoder,mlp,6,-0.058045,-0.06408661,-0.045393284,-0.30852547,2.0104177,0.9816084946400446,-0.2791360118687121,3,mean_diff,template_vs_ordinary,18
enc.mlp.L8.n358,neuron,encoder,mlp,8,-0.31372818,-0.30091116,-0.36439428,0.4193249,-2.0073307,0.8269318701417467,0.21839731552437072,3,mean_diff,template_vs_ordinary,19
enc.mlp.L4.n239,neuron,encoder,mlp,4,-0.43781793,-0.481995,-0.39698935,0.2953299,-1.9940715,0.7880213890159021,0.08645487210482287,3,mean_diff,template_vs_ordinary,20
dec.mlp.L6.n219,neuron,decoder,mlp,6,-0.010227318,-0.016328065,0.025814591,-0.15265852,1.9860018,0.9750990702636794,-0.1600110399889114,3,mean_diff,template_vs_ordinary,21
enc.mlp.L8.n2013,neuron,encoder,mlp,8,0.39430168,0.41991583,0.35996222,-0.25302786,1.9711142,0.8789755118630289,-0.17615269554210208,3,mean_diff,template_vs_ordinary,22
dec.mlp.L6.n1346,neuron,decoder,mlp,6,-0.02094313,0.030085437,-0.021824175,-0.29766342,1.9570813,0.9544403800233704,-0.25765024809234965,3,mean_diff,template_vs_ordinary,23
enc.mlp.L6.n839,neuron,encoder,mlp,6,-0.65745276,-0.65238637,-0.45893487,0.25209737,-1.9489564,0.7630696540161561,0.18001601934822822,3,mean_diff,template_vs_ordinary,24
enc.mlp.L8.n1732,neuron,encoder,mlp,8,0.30183008,0.3818194,0.34228742,-0.26724944,1.9368315,0.8130556825687142,-0.21289400411944814,3,mean_diff,template_vs_ordinary,25
