split,language,seed,n_examples,sta_supported,sta_input,sta,sta_ci_lo,sta_ci_hi,sim,sim_ci_lo,sim_ci_hi,fl,fl_ci_lo,fl_ci_hi,j,j_ci_lo,j_ci_hi,delta_sta,sta_unvalidated,sta_unvalidated_ci_lo,sta_unvalidated_ci_hi,j_unvalidated,j_unvalidated_ci_lo,j_unvalidated_ci_hi,unique_output_rate,top_output_share,prefix_diversity,template_rate,matches_train_output_fuzzy_rate,empty_rate,sentinel_rate,copy_input_rate,copy_input_rate_loose
dev,am,42,27,True,0.3487786054611206,0.4852998792624998,0.30840521983902563,0.6616353905813648,0.9720931075237416,0.9500804414351781,0.9891345074883213,0.436148070343123,0.3478662767097573,0.529771582830341,0.2279065499918038,0.1267052915414178,0.3433683737473246,0.13652127380137918,,,,,,,1.0,0.037037037037037,1.0,0.0,0.0,0.0,0.0,0.4814814814814814,0.4814814814814814
dev,am,1337,27,True,0.34877869486808777,0.44831061302425546,0.27218683389353965,0.6296993432546042,0.9660002567149975,0.9393528771621209,0.9862818311761926,0.42810630725858934,0.3413705039386244,0.5177535213652616,0.20215737085182925,0.10174500837498188,0.31184554986644697,0.09953191815616769,,,,,,,1.0,0.037037037037037,1.0,0.0,0.0,0.0,0.0,0.4074074074074074,0.4074074074074074
dev,am,2024,27,True,0.34877869486808777,0.4792903243365732,0.30193587264592586,0.6483954738103892,0.9491810776569225,0.9144247218966485,0.9751195473803413,0.43302475143534264,0.3376163001205232,0.5254090272119724,0.22187274057460968,0.12675122774811037,0.324649155781039,0.13051162946848544,,,,,,,1.0,0.037037037037037,1.0,0.0,0.0,0.0,0.0,0.2962962962962963,0.2962962962962963
dev,ar,42,27,True,0.27321311831474304,0.4375145127587193,0.2565491277897511,0.6157454383583238,0.9705202645725675,0.9415869162590416,0.9909794658422469,0.7470179294905733,0.6660163237967192,0.8222625040333597,0.33222694459272906,0.19363737984809007,0.48544527102713225,0.16430139444397623,,,,,,,1.0,0.037037037037037,1.0,0.0,0.0,0.0,0.0,0.6296296296296297,0.6296296296296297
dev,ar,1337,27,True,0.27321311831474304,0.4374027031094388,0.2602108431543457,0.6209902899857735,0.9704417431796039,0.9364694132849022,0.9909682830174764,0.7508108208631579,0.6788719692838886,0.828230156422,0.3321481191736911,0.20275605055649953,0.4717081272739217,0.16418958479469575,,,,,,,1.0,0.037037037037037,1.0,0.0,0.0,0.0,0.0,0.5555555555555556,0.5555555555555556
dev,ar,2024,27,True,0.27321314811706543,0.45674201860566865,0.29713213665376387,0.6358276140360869,0.970619402549885,0.9403384752295636,0.9914685255399457,0.7530965864145812,0.6750897742322606,0.8293213799890307,0.3499220667699614,0.208772453873225,0.4870764451128444,0.18352887048860322,,,,,,,1.0,0.037037037037037,1.0,0.0,0.0,0.0,0.0,0.5555555555555556,0.5555555555555556
dev,de,42,27,True,0.40239253640174866,0.5201476517400739,0.33656374167864367,0.7038931746199657,0.9929246505101522,0.9891797362654298,0.9965099051594734,0.7580193171794553,0.6855244460654873,0.8260599284890805,0.4272687246138072,0.27885279592609274,0.5826997000231113,0.11775511533832528,,,,,,,1.0,0.037037037037037,1.0,0.0,0.0,0.0,0.0,0.5555555555555556,0.5925925925925926
dev,de,1337,27,True,0.40239253640174866,0.5930568328196252,0.4436958368357788,0.776909179808421,0.9851022848376522,0.972684238795881,0.9942642798578298,0.7537263581360677,0.6828811184779878,0.8174616488900035,0.46356431311785373,0.31501518726426153,0.6200686326594224,0.19066429641787652,,,,,,,1.0,0.037037037037037,1.0,0.0,0.0,0.0,0.0,0.5925925925925926,0.5925925925925926
dev,de,2024,27,True,0.40239253640174866,0.5281768134877051,0.3408195038174638,0.704643841441753,0.9866960004523948,0.9714589184633007,0.9961012894908586,0.7651389077217255,0.695484327770028,0.8269278894588217,0.4349410345388636,0.28636372335965415,0.5925569010166025,0.1257842770859564,,,,,,,1.0,0.037037037037037,1.0,0.0,0.0,0.0,0.0,0.5185185185185185,0.5925925925925926
dev,en,42,27,True,0.03748946264386177,0.5184986981093297,0.3334566001728861,0.7035214875661444,0.908123994315112,0.8770830242170228,0.9346338485126142,0.6822716819072382,0.6080690588194508,0.7596135009152107,0.37107857735566074,0.24228492450097366,0.5136734992680355,0.4810092354654679,,,,,,,1.0,0.037037037037037,0.925925925925926,0.0,0.0,0.0,0.0,0.1111111111111111,0.1111111111111111
dev,en,1337,27,True,0.03748946264386177,0.5924100571460763,0.4074754991492901,0.777303934349119,0.9129040991818463,0.8818008717563418,0.9447563931345939,0.7203547297555177,0.6427600373870775,0.7874298495975752,0.4449297574494026,0.3047651684114746,0.5826371975415976,0.5549205945022145,,,,,,,1.0,0.037037037037037,0.925925925925926,0.0,0.0,0.0,0.0,0.1111111111111111,0.1481481481481481
dev,en,2024,27,True,0.03748946264386177,0.5554440854391066,0.37042257703268894,0.7404155630252919,0.9060979816648695,0.8783663088524782,0.9330672095771189,0.7041088901348652,0.6277474824397046,0.7782667546574862,0.40229075364502803,0.2509485321936246,0.538788490259209,0.5179546227952448,,,,,,,1.0,0.037037037037037,0.9629629629629628,0.0,0.0,0.0,0.0,0.074074074074074,0.074074074074074
dev,es,42,27,True,0.2981010675430298,0.3016374249429511,0.15357008033622857,0.486208945552978,0.9482450154092577,0.9142458293724943,0.9758479794970265,0.6760109348402009,0.5989621966976882,0.7456708377976117,0.186169215460469,0.07844779058872449,0.30155559471164445,0.0035363573999213083,,,,,,,1.0,0.037037037037037,1.0,0.0,0.0,0.0,0.0,0.3333333333333333,0.3333333333333333
dev,es,1337,27,True,0.2981010675430298,0.3023527138747913,0.1210321722535203,0.4842377273319235,0.9283851716253493,0.893579704121307,0.959040170080132,0.6929980451684912,0.6138708785928895,0.762567428641689,0.18115123916684603,0.08374135099295765,0.28712032895590883,0.004251646331761505,,,,,,,1.0,0.037037037037037,1.0,0.0,0.0,0.0,0.0,0.2592592592592592,0.2962962962962963
dev,es,2024,27,True,0.2981010675430298,0.4469905432089473,0.2655663730509534,0.6311519390317833,0.9320015554074887,0.8962305152857745,0.9626160929600397,0.6810107043735648,0.6061752814525,0.7478051836261372,0.27573643651384444,0.15591141930501193,0.39300312213935085,0.14888947566591754,,,,,,,1.0,0.037037037037037,1.0,0.0,0.0,0.0,0.0,0.2592592592592592,0.2962962962962963
dev,hi,42,27,True,0.037517040967941284,0.18633429334322163,0.04017845668220414,0.33272230697076777,0.9417498972680833,0.9151990229884783,0.9647073337877239,0.674222173578014,0.5894524904212036,0.7666560647788835,0.1341729024694678,0.03265960916217177,0.24552154291310527,0.14881725237528035,,,,,,,1.0,0.037037037037037,1.0,0.0,0.0,0.0,0.0,0.4074074074074074,0.4074074074074074
dev,hi,1337,27,True,0.037517040967941284,0.18947020740489717,0.048570633757238676,0.3362029553054459,0.9111734573487882,0.8507446917670745,0.9529169675376681,0.6413428760706992,0.5508326095868099,0.730854962953599,0.13450416645048066,0.03554148902551103,0.2601549521220715,0.1519531664369559,,,,,,,1.0,0.037037037037037,1.0,0.0,0.0,0.0,0.0,0.2962962962962963,0.2962962962962963
dev,hi,2024,27,True,0.037517040967941284,0.18846400176968287,0.0736188788044577,0.33407930591083307,0.91039310892423,0.8435651498812217,0.9542814935798999,0.6528525028708522,0.5614347111030421,0.7435998719706394,0.13381154136467838,0.033418264671511766,0.24811268884158494,0.15094696080174158,,,,,,,1.0,0.037037037037037,1.0,0.0,0.0,0.0,0.0,0.2592592592592592,0.2592592592592592
dev,uk,42,27,True,0.04679989442229271,0.3801182033946841,0.22348602071045512,0.5634540469835715,0.9639625637619583,0.9452804851311225,0.9800861486682185,0.7346968006065931,0.6450756632416254,0.8129250705136296,0.2990611448274575,0.1550052581084261,0.45369761339230164,0.3333183089723914,,,,,,,1.0,0.037037037037037,1.0,0.0,0.0,0.0,0.0,0.3333333333333333,0.4074074074074074
dev,uk,1337,27,True,0.04679989442229271,0.3429534292027475,0.16134903485613503,0.5185007764575723,0.9708446705782855,0.9577603800429239,0.9835932025202999,0.7372398332776406,0.6509817007097195,0.8135061769341861,0.2598186174742969,0.11543554333283335,0.42298814934344053,0.2961535347804548,,,,,,,1.0,0.037037037037037,1.0,0.0,0.0,0.0,0.0,0.3703703703703703,0.3703703703703703
dev,uk,2024,27,True,0.04679989442229271,0.37036448396867383,0.18666722393078358,0.5542439420269618,0.9607250226868523,0.9353878016825076,0.9812935835233441,0.7182939822501992,0.6295531714702874,0.7928897594761778,0.28047349168165936,0.1256015812133021,0.4394628443577412,0.3235645895463811,,,,,,,1.0,0.037037037037037,1.0,0.0,0.0,0.0,0.0,0.3333333333333333,0.4444444444444444
dev,xh,42,27,False,,,,,0.4266632718068582,0.33549188823887593,0.5245290721870132,0.20137673626257235,0.17220840034315907,0.2335687904417067,,,,,0.7570033705431141,0.6222698056966894,0.8623245528155368,0.0622159914699164,0.04028661279206389,0.08843260212672628,0.5555555555555556,0.2592592592592592,0.2592592592592592,0.0,0.0,0.0,0.0,0.037037037037037,0.037037037037037
dev,xh,1337,27,False,,,,,0.34678373568587834,0.26598259209206815,0.4383907451121895,0.19753336793796894,0.1672507099953075,0.22978782320356891,,,,,0.9235128118070187,0.8128369950154727,0.9989619181663901,0.05976489738399894,0.03868232708317366,0.08433528088635306,0.5555555555555556,0.4444444444444444,0.1481481481481481,0.0,0.0,0.0,0.0,0.037037037037037,0.037037037037037
dev,xh,2024,27,False,,,,,0.36488981462187237,0.2865448685431923,0.46091130637322303,0.18140309718801706,0.1519861218616986,0.21559667844069003,,,,,0.9252425954866879,0.8145105459136648,0.9991229154445507,0.06542036795631676,0.0422520482706122,0.09259107308250512,0.3333333333333333,0.6666666666666666,0.1481481481481481,0.0,0.0,0.0,0.0,0.037037037037037,0.037037037037037
dev,yo,42,27,False,,,,,0.42009884532954955,0.30798178673894316,0.541812689119467,0.2707380962125692,0.18821557168087077,0.3534480298420752,,,,,0.9193187387125498,0.8071372708616157,0.9948005892060422,0.11491365965910923,0.0635598364917716,0.17188577307703964,0.6666666666666666,0.2962962962962963,0.5555555555555556,0.0,0.037037037037037,0.0,0.0,0.1111111111111111,0.1111111111111111
dev,yo,1337,27,False,,,,,0.4007088637186421,0.2776289098240711,0.5262225849346982,0.2846328041910526,0.20555157135302116,0.3692661599945662,,,,,0.6539333141063927,0.4723011585935536,0.8133732038170651,0.11518008642404605,0.06307037869632813,0.17938539304867665,0.7407407407407407,0.2222222222222222,0.5555555555555556,0.0,0.074074074074074,0.0,0.0,0.1111111111111111,0.1111111111111111
dev,yo,2024,27,False,,,,,0.4334690628780259,0.3360387256368995,0.5379183629665661,0.26049365147387404,0.18746646482491675,0.3489789791760718,,,,,0.9485050780284736,0.8614120148743193,0.9950702534229667,0.12194349235003234,0.0727448645141948,0.1817771871922703,0.6296296296296297,0.3333333333333333,0.5925925925925926,0.0,0.074074074074074,0.0,0.0,0.074074074074074,0.074074074074074
test,am,42,26,True,0.4556562304496765,0.5726675484307074,0.3952820031058555,0.7494515826977686,0.9365980579302862,0.9043428443372249,0.9652651895124179,0.47899703974205543,0.37920163348095054,0.5863929602473045,0.2612171324208665,0.15332582463519642,0.3798841056676254,0.11701131798103093,,,,,,,1.0,0.0384615384615384,1.0,0.0,0.0,0.0,0.0,0.3846153846153846,0.3846153846153846
test,am,1337,26,True,0.4556562304496765,0.5528869055001101,0.37633344314817807,0.7237162899031738,0.9567121611191676,0.9334372596098827,0.9794171578609027,0.47891539236195335,0.3755389273416375,0.5776165580837901,0.2534907440409718,0.1396187868261154,0.3731288999398086,0.09723067505043359,,,,,,,1.0,0.0384615384615384,1.0,0.0,0.0,0.0,0.0,0.5,0.5
test,am,2024,26,True,0.4556563198566437,0.5583046242357411,0.3653830987996256,0.7299521549905384,0.9532756071824294,0.9261486805402316,0.9758857289759012,0.4707322262429149,0.3726325099986715,0.5834276345453384,0.2425485593757782,0.1414076230457871,0.36134534930693607,0.10264830437909744,,,,,,,1.0,0.0384615384615384,1.0,0.0,0.0,0.0,0.0,0.3461538461538461,0.3461538461538461
test,ar,42,26,True,0.4334193766117096,0.5150060228311654,0.33458371114908153,0.699260264624368,0.9758934997595273,0.9561482303417645,0.9911489421931597,0.6919637125980125,0.6090749598083998,0.7717119991217932,0.35232014952912916,0.20587402609487232,0.48877724728057764,0.08158664621945577,,,,,,,1.0,0.0384615384615384,1.0,0.0,0.0,0.0,0.0,0.5769230769230769,0.5769230769230769
test,ar,1337,26,True,0.433419406414032,0.5171654787140701,0.32934631169907963,0.7043706085158471,0.9839690006696261,0.973612717195199,0.992870906740427,0.6922336527204614,0.6139511080600869,0.7710965413316434,0.35519797492400357,0.2225130858096629,0.49570237605658124,0.08374607230003817,,,,,,,1.0,0.0384615384615384,1.0,0.0,0.0,0.0,0.0,0.5384615384615384,0.5384615384615384
test,ar,2024,26,True,0.433419406414032,0.5087011192876022,0.3189212770753119,0.6957168989246734,0.9695058785952054,0.9562249690867387,0.9824032722757413,0.7035151862328229,0.6203778919568643,0.7873328554162972,0.3561427046303077,0.21738531520833348,0.5018754088689718,0.07528171287357022,,,,,,,1.0,0.0384615384615384,1.0,0.0,0.0,0.0,0.0,0.3846153846153846,0.3846153846153846
test,de,42,26,True,0.3915913999080658,0.6115759824080249,0.4435854773967339,0.7784351453828164,0.9752649045907534,0.9550160000530573,0.9898561676534323,0.8150564587868,0.7764017900426172,0.8487088220552296,0.4805755236818858,0.32845513923414116,0.6268868754865673,0.2199845824999591,,,,,,,1.0,0.0384615384615384,1.0,0.0,0.0,0.0,0.0,0.5,0.5
test,de,1337,26,True,0.3915913999080658,0.6594630588772886,0.48171903296158863,0.8312671518470429,0.9605272228901203,0.9298931140166062,0.9831549325241492,0.8134269699853717,0.7750849426566876,0.8471356983175646,0.5133937033716987,0.3632085100277401,0.6440186527998301,0.2678716589692228,,,,,,,1.0,0.0384615384615384,1.0,0.0,0.0,0.0,0.0,0.3461538461538461,0.3461538461538461
test,de,2024,26,True,0.3915913999080658,0.5343935133893795,0.3479658915605866,0.7189818243577275,0.9824435435808622,0.9752846439870505,0.9894843772053719,0.809119473942119,0.765956487442553,0.8459293689297166,0.4254465535618327,0.2751970947896729,0.5610384150477666,0.14280211348131366,,,,,,,1.0,0.0384615384615384,1.0,0.0,0.0,0.0,0.0,0.3461538461538461,0.3846153846153846
test,en,42,26,True,0.0011044612620025873,0.5923749860488058,0.400651599206965,0.7622828498812639,0.9365890369965479,0.9137098968029022,0.9575401386962487,0.7120979595426913,0.6244619227152213,0.7852902006836452,0.4175877730474999,0.28074219152534763,0.5593461576761624,0.5912705247868032,,,,,,,1.0,0.0384615384615384,1.0,0.0,0.0,0.0,0.0,0.0384615384615384,0.0769230769230769
test,en,1337,26,True,0.0011044603306800127,0.583049689012114,0.39124493007615313,0.7462381502799241,0.9173445300414012,0.8746251124315537,0.9481491149044954,0.7055797758377442,0.6181564827041321,0.7903074018156617,0.3987223797602315,0.2571603805801021,0.5447415426070114,0.581945228681434,,,,,,,1.0,0.0384615384615384,1.0,0.0,0.0,0.0,0.0,0.0769230769230769,0.1153846153846153
test,en,2024,26,True,0.0011044602142646909,0.5768143417898011,0.38476495693687934,0.7308284497956685,0.9274661861933194,0.9021430953763998,0.9504949647646683,0.7120623265940984,0.6268132036424626,0.7930386523834885,0.402986403298966,0.255164876058782,0.5512835003132205,0.5757098815755364,,,,,,,1.0,0.0384615384615384,1.0,0.0,0.0,0.0,0.0,0.0769230769230769,0.1153846153846153
test,es,42,26,True,0.31724438071250916,0.5078850279600234,0.31034351650165404,0.7054150966163993,0.9542331718481504,0.9324222823748222,0.9747613226565032,0.6423585569760942,0.5687629065124844,0.7193031940262148,0.32231734961564035,0.19417932609852467,0.4479286347473041,0.19064064724751428,,,,,,,1.0,0.0384615384615384,1.0,0.0,0.0,0.0,0.0,0.3076923076923077,0.3076923076923077
test,es,1337,26,True,0.31724438071250916,0.5467396586016269,0.3628828767330561,0.7314987804543377,0.9312921189344846,0.9047976395831658,0.9556041069901906,0.6440407294431888,0.5774762985194185,0.7154671929593993,0.323574472672767,0.20114882123579855,0.4379178664742111,0.22949527788911772,,,,,,,1.0,0.0384615384615384,1.0,0.0,0.0,0.0,0.0,0.2307692307692307,0.2307692307692307
test,es,2024,26,True,0.31724438071250916,0.503849789018904,0.31276151117949313,0.691922235088574,0.9338836669921875,0.9109112502290653,0.9555912816180633,0.6548258296295881,0.5760541788600968,0.7286622593666221,0.31269941413135405,0.18039479711176484,0.450175854898916,0.18660540830639483,,,,,,,1.0,0.0384615384615384,1.0,0.0,0.0,0.0,0.0,0.1538461538461538,0.1538461538461538
test,hi,42,26,True,0.13714787364006042,0.3075224996696656,0.15310484045784017,0.498167547284818,0.9012519992314852,0.8468479097462618,0.9502146480748287,0.6407969846958562,0.5441232508981174,0.7294463129759777,0.2366050198203838,0.10617760088880725,0.3998679688375776,0.17037462602960518,,,,,,,1.0,0.0384615384615384,1.0,0.0,0.0,0.0,0.0,0.3846153846153846,0.3846153846153846
test,hi,1337,26,True,0.13714787364006042,0.26890521370604314,0.11543565485920296,0.45867883147388616,0.9263214950378125,0.8772234244988515,0.9697255892822375,0.6350841413472446,0.5441407200335738,0.7146183860034674,0.20088597323017512,0.07434325384010998,0.32484102492624384,0.13175734006598272,,,,,,,1.0,0.0384615384615384,1.0,0.0,0.0,0.0,0.0,0.5,0.5
test,hi,2024,26,True,0.13714787364006042,0.4221736345957302,0.23234851616096142,0.6128748898665576,0.8543092287503756,0.7919605514751031,0.9112841484065239,0.6274403716888431,0.5400493994112356,0.7105630332738309,0.24654754190044237,0.135239565543982,0.37579508418102087,0.2850257609556698,,,,,,,1.0,0.0384615384615384,0.9615384615384616,0.0,0.0,0.0,0.0,0.3076923076923077,0.3076923076923077
test,uk,42,26,True,0.04031747952103615,0.4305606615682616,0.2466155472893241,0.6148927631790754,0.9504141601232382,0.9238356946752622,0.9727479968506556,0.7691504820590057,0.7064193194338885,0.8305520406767921,0.33657004002333496,0.1907282648950337,0.4942074464134517,0.39024318204722547,,,,,,,1.0,0.0384615384615384,1.0,0.0,0.0,0.0,0.0,0.3076923076923077,0.3461538461538461
test,uk,1337,26,True,0.04031747952103615,0.5761120831034182,0.3837869235923091,0.7674249341988167,0.9461957078713638,0.921409941980472,0.9695024006641828,0.7854649946652974,0.7242876077015656,0.8408789661082834,0.4543700557512086,0.29242047594688464,0.6188598489358057,0.5357946035823821,,,,,,,1.0,0.0384615384615384,1.0,0.0,0.0,0.0,0.0,0.2307692307692307,0.2692307692307692
test,uk,2024,26,True,0.04031747952103615,0.4226725468783675,0.23050934686196764,0.6147998102784186,0.9522897967925439,0.9304168705756848,0.9704394172017391,0.7986849304896491,0.7470533317862953,0.8515716482567025,0.3638213833925399,0.2062244798663574,0.5351500803085505,0.3823550673573314,,,,,,,1.0,0.0384615384615384,1.0,0.0,0.0,0.0,0.0,0.2692307692307692,0.3076923076923077
test,xh,42,26,False,,,,,0.39792946009681773,0.29846501675649334,0.5048548785897975,0.1844931874198735,0.15633170007005465,0.21531683469631027,,,,,0.6877811968219109,0.5649819612861253,0.792202398961392,0.052886785799867386,0.03239152906558782,0.07878117255804937,0.4615384615384615,0.5,0.2307692307692307,0.0,0.0,0.0,0.0,0.0769230769230769,0.0769230769230769
test,xh,1337,26,False,,,,,0.4346462900821979,0.3275546217193971,0.5528424662896074,0.17964319414355406,0.14823048184824383,0.21768570360390962,,,,,0.8695919835008681,0.7426857888474703,0.972042125234237,0.0648800853298302,0.04427776572875266,0.08772683867873073,0.6153846153846154,0.3846153846153846,0.3076923076923077,0.0,0.0,0.0,0.0,0.0769230769230769,0.0769230769230769
test,xh,2024,26,False,,,,,0.3316126964413203,0.26743611704844694,0.4143071216746018,0.17852968208951647,0.15085933310053293,0.21139857828009445,,,,,0.9992135396370521,0.9989791145691505,0.9993654856315026,0.06221984245570346,0.04410470768888915,0.08438133897406437,0.1923076923076923,0.8461538461538461,0.0769230769230769,0.0,0.0,0.0,0.0,0.0384615384615384,0.0384615384615384
test,yo,42,26,False,,,,,0.4685018783291945,0.34419251597629724,0.5910780111077026,0.15638475378428765,0.11740210096229199,0.19771102922266784,,,,,0.767334935395271,0.6120904717165951,0.9201828703996188,0.06116085539119,0.025754228473699348,0.10223070997121966,0.6538461538461539,0.3461538461538461,0.4615384615384615,0.0,0.0,0.0,0.0,0.1538461538461538,0.1538461538461538
test,yo,1337,26,False,,,,,0.44219954340503764,0.3338034202667097,0.5517430805242979,0.160491996158934,0.11400247869110378,0.2131547567573396,,,,,0.46837167513037387,0.28247809197631657,0.6570915713259847,0.041970283520372756,0.013967536041708637,0.07430739647543351,0.7307692307692307,0.1153846153846153,0.5,0.0,0.0,0.0,0.0,0.1153846153846153,0.1153846153846153
test,yo,2024,26,False,,,,,0.4511710562958167,0.34315271875462855,0.5638858313099123,0.15280241097557404,0.1129578251832068,0.19470100482804603,,,,,0.842376298790511,0.6896147424833123,0.9591557409890811,0.056466206760033937,0.029473879344357166,0.09012548714915757,0.6153846153846154,0.3846153846153846,0.5,0.0,0.0,0.0,0.0,0.0769230769230769,0.0769230769230769
